사고번호,사고일시,요일,시군구,사고내용,사망자수,중상자수,경상자수,부상신고자수,사고유형,법규위반,노면상태,기상상태,도로형태,가해운전자 차종,가해운전자 성별,가해운전자 연령,가해운전자 상해정도,피해운전자 차종,피해운전자 성별,피해운전자 연령,피해운전자 상해정도
2015010600100297,2015년 1월 6일 13시,화요일,인천광역시 남구 숭의동,경상사고,0,0,1,0,차대사람 - 횡단중,안전운전불이행,건조,맑음,단일로 - 횡단보도상,화물,남,22세,상해없음,보행자,여,84세,경상
2015010600100298,2015년 1월 6일 13시,화요일,인천광역시 서구 마전동,경상사고,0,0,1,0,차대차 - 측면직각충돌,신호위반,건조,맑음,교차로 - 교차로안,승용,여,48세,상해없음,승용,남,51세,경상
2015010600100299,2015년 1월 6일 13시,화요일,인천광역시 서구 당하동,경상사고,0,0,1,0,차대사람 - 보도통행중,안전운전불이행,건조,맑음,단일로 - 기타,승합,남,51세,기타불명,보행자,여,68세,경상
2015010600100361,2015년 1월 6일 15시,화요일,인천광역시 연수구 동춘동,중상사고,0,1,0,0,차대차 - 기타,교차로운행방법위반,건조,맑음,교차로 - 교차로안,승용,남,50세,상해없음,화물,남,47세,중상
2015010600100394,2015년 1월 6일 16시,화요일,인천광역시 남동구 논현동,경상사고,0,0,1,0,차대차 - 측면직각충돌,신호위반,건조,맑음,교차로 - 교차로안,승용,남,61세,상해없음,승용,남,27세,경상
2015010600100418,2015년 1월 6일 17시,화요일,인천광역시 서구 심곡동,경상사고,0,0,1,0,차대사람 - 보도통행중,신호위반,건조,맑음,교차로 - 교차로부근,승용,남,45세,상해없음,보행자,여,31세,경상
2015010600100455,2015년 1월 6일 18시,화요일,인천광역시 서구 심곡동,경상사고,0,0,1,0,차대사람 - 횡단중,안전운전불이행,건조,맑음,단일로 - 횡단보도상,화물,기타불명,기타불명,기타불명,보행자,여,39세,경상
2015010600100456,2015년 1월 6일 18시,화요일,인천광역시 계양구 작전동,경상사고,0,0,2,0,차대차 - 측면직각충돌,안전운전불이행,건조,맑음,교차로 - 교차로안,승용,남,49세,경상,승합,남,44세,경상
2015010600100499,2015년 1월 6일 20시,화요일,인천광역시 남구 용현동,부상신고사고,0,0,0,1,차대사람 - 기타,안전운전불이행,건조,맑음,단일로 - 기타,기타불명,기타불명,기타불명,기타불명,보행자,남,20세,부상신고
2015010600100522,2015년 1월 6일 21시,화요일,인천광역시 중구 경동,경상사고,0,0,2,0,차대차 - 정면충돌,신호위반,건조,맑음,교차로 - 교차로안,승용,남,59세,상해없음,승용,남,28세,경상
2015010600100523,2015년 1월 6일 21시,화요일,인천광역시 부평구 부평동,경상사고,0,0,1,0,차대사람 - 기타,안전운전불이행,건조,맑음,교차로 - 교차로부근,승용,남,66세,상해없음,보행자,남,28세,경상
2015010600100524,2015년 1월 6일 21시,화요일,인천광역시 서구 검암동,경상사고,0,0,2,0,차대차 - 추돌 - 진행중,교차로운행방법위반,건조,맑음,교차로 - 교차로안,특수,남,53세,상해없음,승용,남,43세,경상
2015010700100013,2015년 1월 7일 00시,수요일,인천광역시 남구 용현동,경상사고,0,0,1,0,차대차 - 추돌 - 주정차중,안전운전불이행,건조,맑음,교차로 - 교차로부근,승용,남,45세,상해없음,승용,남,50세,경상
2015010700100025,2015년 1월 7일 01시,수요일,인천광역시 남구 도화동,경상사고,0,0,2,0,차대차 - 측면직각충돌,신호위반,건조,맑음,교차로 - 교차로안,승용,남,49세,상해없음,승용,남,64세,경상
2015010700100037,2015년 1월 7일 02시,수요일,인천광역시 남동구 만수동,경상사고,0,0,1,0,차대차 - 추돌 - 주정차중,안전운전불이행,건조,맑음,교차로 - 교차로안,승용,남,33세,상해없음,승용,남,55세,경상
2015010700100051,2015년 1월 7일 04시,수요일,인천광역시 부평구 부평동,경상사고,0,0,1,0,차대차 - 측면직각충돌,신호위반,건조,맑음,교차로 - 교차로안,승용,남,65세,경상,승합,기타불명,기타불명,기타불명
2015010700100061,2015년 1월 7일 05시,수요일,인천광역시 남구 학익동,부상신고사고,0,0,0,1,차대차 - 측면직각충돌,차로위반,건조,맑음,단일로 - 교량,승용,기타불명,기타불명,기타불명,화물,남,42세,부상신고
2015010700100122,2015년 1월 7일 08시,수요일,인천광역시 중구 중산동,중상사고,0,2,0,0,차대차 - 측면직각충돌,신호위반,건조,맑음,교차로 - 교차로안,승용,여,33세,중상,승용,남,50세,상해없음
2015010700100123,2015년 1월 7일 08시,수요일,인천광역시 남구 학익동,경상사고,0,0,1,0,차대차 - 기타,안전운전불이행,건조,맑음,단일로 - 기타,승용,남,40세,상해없음,승용,여,46세,경상
2015010700100153,2015년 1월 7일 09시,수요일,인천광역시 남동구 구월동,중상사고,0,1,0,0,차대차 - 기타,안전운전불이행,건조,맑음,교차로 - 교차로부근,승용,여,39세,상해없음,이륜,남,31세,중상
2015010700100178,2015년 1월 7일 10시,수요일,인천광역시 동구 금곡동,경상사고,0,0,1,0,차대차 - 기타,신호위반,건조,맑음,교차로 - 교차로안,화물,남,71세,상해없음,승용,여,50세,경상
2015010700100179,2015년 1월 7일 10시,수요일,인천광역시 서구 당하동,경상사고,0,0,1,0,차대차 - 측면직각충돌,안전운전불이행,건조,맑음,교차로 - 교차로안,승용,남,60세,기타불명,승용,여,56세,경상
2015010700100203,2015년 1월 7일 11시,수요일,인천광역시 남구 용현동,경상사고,0,0,1,0,차대차 - 기타,안전운전불이행,건조,맑음,교차로 - 교차로안,승용,남,53세,상해없음,승합,남,50세,상해없음
2015010700100248,2015년 1월 7일 13시,수요일,인천광역시 연수구 송도동,중상사고,0,2,0,0,차대차 - 측면직각충돌,신호위반,건조,맑음,교차로 - 교차로안,승용,여,41세,상해없음,승용,여,25세,중상
2015010700100287,2015년 1월 7일 14시,수요일,인천광역시 남동구 구월동,중상사고,0,1,0,0,차대사람 - 보도통행중,안전운전불이행,건조,맑음,단일로 - 기타,승용,남,52세,상해없음,보행자,여,24세,중상
2015010700100288,2015년 1월 7일 14시,수요일,인천광역시 서구 가정동,경상사고,0,0,1,0,차대사람 - 길가장자리구역통행중,안전운전불이행,건조,맑음,단일로 - 기타,화물,남,39세,기타불명,보행자,남,18세,경상
2015010700100313,2015년 1월 7일 15시,수요일,인천광역시 계양구 용종동,경상사고,0,0,1,0,차대사람 - 횡단중,보행자보호의무위반,건조,맑음,교차로 - 교차로부근,자전거,여,59세,상해없음,보행자,여,52세,경상
2015010700100344,2015년 1월 7일 16시,수요일,인천광역시 중구 항동7가,경상사고,0,0,1,0,차대차 - 기타,안전운전불이행,건조,맑음,교차로 - 교차로부근,화물,남,40세,경상,화물,남,53세,상해없음
2015010700100417,2015년 1월 7일 18시,수요일,인천광역시 부평구 청천동,경상사고,0,0,1,0,차대차 - 기타,신호위반,건조,맑음,교차로 - 교차로안,승용,남,54세,상해없음,승용,남,64세,경상
2015010700100418,2015년 1월 7일 18시,수요일,인천광역시 계양구 계산동,경상사고,0,0,1,0,차대차 - 추돌 - 주정차중,안전운전불이행,건조,맑음,단일로 - 기타,화물,남,46세,상해없음,화물,남,48세,경상
2015010700100419,2015년 1월 7일 18시,수요일,인천광역시 부평구 구산동,경상사고,0,0,1,0,차대차 - 추돌 - 주정차중,안전거리미확보,건조,맑음,교차로 - 교차로부근,화물,남,53세,상해없음,승용,여,51세,경상
2015010700100450,2015년 1월 7일 19시,수요일,인천광역시 중구 운서동,경상사고,0,0,1,0,차대차 - 기타,교차로운행방법위반,건조,맑음,교차로 - 교차로부근,승용,남,42세,상해없음,승용,남,46세,경상
2015010700100451,2015년 1월 7일 19시,수요일,인천광역시 남구 문학동,경상사고,0,0,1,0,차량단독 - 기타,기타,건조,맑음,단일로 - 기타,승합,남,52세,상해없음,,,,
2015010700100452,2015년 1월 7일 19시,수요일,인천광역시 서구 가좌동,부상신고사고,0,0,0,1,차대차 - 측면직각충돌,안전운전불이행,건조,맑음,교차로 - 교차로부근,승용,여,60세,상해없음,원동기,남,17세,부상신고
2015010700100498,2015년 1월 7일 21시,수요일,인천광역시 남동구 간석동,부상신고사고,0,0,0,3,차대차 - 측면직각충돌,안전운전불이행,건조,맑음,단일로 - 기타,승용,기타불명,기타불명,기타불명,승용,여,41세,부상신고
2015010700100527,2015년 1월 7일 22시,수요일,인천광역시 서구 신현동,경상사고,0,0,3,0,차대차 - 추돌 - 주정차중,안전운전불이행,건조,맑음,교차로 - 교차로안,승용,남,44세,상해없음,승용,여,28세,경상
2015010700100528,2015년 1월 7일 22시,수요일,인천광역시 서구 마전동,부상신고사고,0,0,0,1,차대차 - 추돌 - 진행중,안전운전불이행,건조,맑음,교차로 - 교차로부근,승용,기타불명,기타불명,기타불명,자전거,남,27세,부상신고
2015010800100030,2015년 1월 8일 01시,목요일,인천광역시 서구 경서동,경상사고,0,0,1,0,차대차 - 추돌 - 주정차중,안전운전불이행,건조,맑음,단일로 - 기타,이륜,남,16세,상해없음,승용,남,43세,경상
2015010800100095,2015년 1월 8일 07시,목요일,인천광역시 연수구 연수동,경상사고,0,0,1,0,차대차 - 기타,안전운전불이행,건조,맑음,단일로 - 기타,승용,기타불명,기타불명,기타불명,자전거,남,15세,경상
2015010800100124,2015년 1월 8일 08시,목요일,인천광역시 계양구 용종동,중상사고,0,1,0,0,차대차 - 측면직각충돌,안전운전불이행,건조,맑음,교차로 - 교차로안,승용,여,36세,상해없음,자전거,여,59세,중상
2015010800100163,2015년 1월 8일 09시,목요일,인천광역시 부평구 부평동,경상사고,0,0,2,0,차대차 - 추돌 - 주정차중,안전운전불이행,건조,맑음,단일로 - 기타,승합,남,52세,상해없음,승용,남,39세,경상
2015010800100164,2015년 1월 8일 09시,목요일,인천광역시 연수구 동춘동,중상사고,0,1,0,0,차대차 - 추돌 - 진행중,안전운전불이행,건조,맑음,단일로 - 기타,승용,남,50세,상해없음,자전거,남,40세,중상
2015010800100183,2015년 1월 8일 10시,목요일,인천광역시 남구 용현동,경상사고,0,0,1,0,차대차 - 측면직각충돌,신호위반,건조,맑음,교차로 - 교차로안,승용,남,63세,상해없음,승용,여,55세,경상
2015010800100235,2015년 1월 8일 12시,목요일,인천광역시 남구 관교동,경상사고,0,0,1,0,차대차 - 측면직각충돌,신호위반,건조,맑음,교차로 - 교차로안,승용,남,59세,상해없음,승용,여,38세,경상
2015010800100236,2015년 1월 8일 12시,목요일,인천광역시 부평구 부평동,중상사고,0,1,0,0,차대사람 - 기타,안전운전불이행,건조,맑음,단일로 - 기타,승합,남,51세,상해없음,보행자,여,52세,중상
2015010800100237,2015년 1월 8일 12시,목요일,인천광역시 부평구 십정동,중상사고,0,1,0,0,차대차 - 측면직각충돌,교차로운행방법위반,건조,맑음,교차로 - 교차로부근,이륜,남,66세,중상,승용,여,47세,상해없음
2015010800100238,2015년 1월 8일 12시,목요일,인천광역시 남동구 간석동,경상사고,0,0,1,0,차대차 - 추돌 - 진행중,안전운전불이행,건조,맑음,교차로 - 교차로안,승용,남,77세,상해없음,원동기,남,51세,경상
2015010800100239,2015년 1월 8일 12시,목요일,인천광역시 강화군 내가면,중상사고,0,1,0,0,차대사람 - 기타,안전운전불이행,건조,맑음,단일로 - 기타,승합,남,55세,상해없음,보행자,여,70세,중상
2015010800100240,2015년 1월 8일 12시,목요일,인천광역시 연수구 연수동,중상사고,0,2,0,0,차대차 - 측면직각충돌,신호위반,건조,맑음,교차로 - 교차로안,승용,남,32세,상해없음,승용,남,58세,중상
2015010800100271,2015년 1월 8일 13시,목요일,인천광역시 남동구 구월동,경상사고,0,0,2,0,차대차 - 측면직각충돌,안전운전불이행,건조,맑음,단일로 - 기타,화물,남,49세,상해없음,승용,남,32세,경상
2015010800100272,2015년 1월 8일 13시,목요일,인천광역시 서구 원창동,중상사고,0,2,0,0,차대차 - 추돌 - 진행중,안전거리미확보,건조,맑음,단일로 - 기타,승용,여,52세,상해없음,승용,여,64세,중상
2015010800100273,2015년 1월 8일 13시,목요일,인천광역시 연수구 청학동,중상사고,0,1,0,0,차대사람 - 기타,안전운전불이행,건조,맑음,단일로 - 기타,기타불명,기타불명,기타불명,기타불명,보행자,여,74세,중상
2015010800100293,2015년 1월 8일 14시,목요일,인천광역시 강화군 강화읍,경상사고,0,0,3,0,차대차 - 측면직각충돌,안전운전불이행,건조,맑음,교차로 - 교차로안,승용,남,47세,상해없음,승용,남,27세,경상
2015010800100309,2015년 1월 8일 15시,목요일,인천광역시 연수구 송도동,경상사고,0,0,1,0,차대사람 - 기타,안전운전불이행,건조,맑음,단일로 - 기타,승용,남,34세,상해없음,보행자,여,36세,경상
2015010800100359,2015년 1월 8일 17시,목요일,인천광역시 옹진군 백령면,중상사고,0,1,0,0,차량단독 - 도로외이탈 - 추락,안전운전불이행,건조,맑음,교차로 - 교차로안,승용,여,67세,상해없음,,,,
2015010800100407,2015년 1월 8일 18시,목요일,인천광역시 중구 신흥동3가,경상사고,0,0,2,0,차대차 - 측면직각충돌,안전운전불이행,건조,맑음,단일로 - 기타,화물,남,39세,상해없음,승용,여,22세,경상
2015010800100408,2015년 1월 8일 18시,목요일,인천광역시 부평구 산곡동,경상사고,0,0,1,0,차대차 - 측면직각충돌,교차로운행방법위반,건조,맑음,교차로 - 교차로안,승용,남,21세,상해없음,승합,남,43세,상해없음
2015010800100409,2015년 1월 8일 18시,목요일,인천광역시 남동구 만수동,부상신고사고,0,0,0,1,차대사람 - 길가장자리구역통행중,안전운전불이행,건조,맑음,단일로 - 기타,승용,기타불명,기타불명,기타불명,보행자,여,15세,부상신고
2015010800100410,2015년 1월 8일 18시,목요일,인천광역시 남동구 간석동,경상사고,0,0,1,0,차대차 - 추돌 - 진행중,안전거리미확보,건조,맑음,단일로 - 기타,이륜,남,18세,상해없음,승용,남,51세,상해없음
2015010800100439,2015년 1월 8일 19시,목요일,인천광역시 부평구 청천동,경상사고,0,0,2,0,차대차 - 추돌 - 주정차중,안전운전불이행,건조,맑음,교차로 - 교차로부근,승용,남,62세,상해없음,승용,여,38세,경상
2015010800100465,2015년 1월 8일 20시,목요일,인천광역시 남동구 만수동,경상사고,0,0,1,0,차대사람 - 기타,안전운전불이행,건조,맑음,단일로 - 기타,승합,남,42세,상해없음,보행자,남,10세,경상
2015010800100491,2015년 1월 8일 21시,목요일,인천광역시 계양구 작전동,경상사고,0,0,1,0,차대차 - 측면직각충돌,안전운전불이행,건조,맑음,교차로 - 교차로안,승용,남,60세,상해없음,승용,여,43세,경상
2015010800100514,2015년 1월 8일 22시,목요일,인천광역시 남구 문학동,경상사고,0,0,3,0,차대차 - 측면직각충돌,신호위반,건조,맑음,교차로 - 교차로안,승용,여,29세,상해없음,화물,남,37세,경상
2015010800100535,2015년 1월 8일 23시,목요일,인천광역시 연수구 옥련동,경상사고,0,0,3,0,차대차 - 추돌 - 주정차중,안전운전불이행,건조,맑음,교차로 - 교차로부근,승용,남,45세,상해없음,승용,남,50세,상해없음
2015010900100046,2015년 1월 9일 03시,금요일,인천광역시 부평구 부평동,중상사고,0,1,0,0,차대사람 - 횡단중,안전운전불이행,건조,맑음,교차로 - 교차로부근,승용,남,33세,상해없음,보행자,여,45세,중상
2015010900100061,2015년 1월 9일 05시,금요일,인천광역시 남구 주안동,경상사고,0,0,1,0,차대차 - 기타,안전운전불이행,건조,맑음,단일로 - 기타,승합,남,66세,상해없음,자전거,남,63세,경상
2015010900100089,2015년 1월 9일 06시,금요일,인천광역시 남동구 만수동,경상사고,0,0,2,0,차대차 - 추돌 - 주정차중,중앙선침범,건조,맑음,단일로 - 기타,승용,남,23세,상해없음,승용,남,46세,경상
2015010900100108,2015년 1월 9일 07시,금요일,인천광역시 연수구 연수동,경상사고,0,0,5,0,차대차 - 추돌 - 진행중,안전거리미확보,습기,맑음,교차로 - 교차로부근,화물,남,38세,상해없음,승용,남,52세,상해없음
2015010900100139,2015년 1월 9일 08시,금요일,인천광역시 남구 관교동,경상사고,0,0,2,0,차대사람 - 기타,안전운전불이행,건조,맑음,교차로 - 교차로부근,승용,남,26세,상해없음,보행자,여,65세,경상
2015010900100167,2015년 1월 9일 09시,금요일,인천광역시 계양구 효성동,사망사고,1,0,0,0,차대차 - 측면직각충돌,신호위반,건조,맑음,교차로 - 교차로안,승합,남,61세,상해없음,원동기,남,46세,사망
2015010900100190,2015년 1월 9일 10시,금요일,인천광역시 남동구 구월동,경상사고,0,0,2,0,차대차 - 측면직각충돌,안전운전불이행,건조,맑음,교차로 - 교차로부근,승용,남,56세,상해없음,승용,남,56세,경상
2015010900100212,2015년 1월 9일 11시,금요일,인천광역시 부평구 십정동,중상사고,0,1,0,0,차대차 - 기타,안전운전불이행,건조,맑음,단일로 - 기타,건설기계,남,40세,기타불명,화물,남,55세,중상
2015010900100261,2015년 1월 9일 13시,금요일,인천광역시 부평구 산곡동,경상사고,0,0,2,0,차대차 - 추돌 - 주정차중,안전운전불이행,건조,맑음,교차로 - 교차로부근,화물,남,55세,상해없음,승합,남,56세,경상
2015010900100262,2015년 1월 9일 13시,금요일,인천광역시 부평구 산곡동,경상사고,0,0,1,0,차대차 - 기타,안전운전불이행,건조,맑음,단일로 - 기타,승용,여,34세,상해없음,승용,남,57세,경상
2015010900100263,2015년 1월 9일 13시,금요일,인천광역시 계양구 작전동,중상사고,0,1,0,0,차대사람 - 보도통행중,기타,건조,맑음,기타 - 기타,승용,남,48세,상해없음,보행자,여,81세,중상
2015010900100264,2015년 1월 9일 13시,금요일,인천광역시 부평구 부평동,경상사고,0,0,1,0,차대사람 - 기타,안전운전불이행,건조,맑음,단일로 - 기타,승용,남,43세,상해없음,보행자,남,73세,경상
2015010900100295,2015년 1월 9일 14시,금요일,인천광역시 남동구 남촌동,경상사고,0,0,2,0,차대차 - 기타,안전거리미확보,건조,맑음,단일로 - 기타,승용,여,42세,상해없음,승용,남,56세,경상
2015010900100319,2015년 1월 9일 15시,금요일,인천광역시 남구 학익동,경상사고,0,0,1,0,차대차 - 추돌 - 주정차중,안전운전불이행,건조,맑음,교차로 - 교차로안,승용,남,52세,상해없음,화물,여,18세,상해없음
2015010900100320,2015년 1월 9일 15시,금요일,인천광역시 남동구 간석동,경상사고,0,0,2,0,차대차 - 기타,안전운전불이행,건조,맑음,단일로 - 기타,승용,여,49세,상해없음,승용,남,27세,상해없음
2015010900100341,2015년 1월 9일 16시,금요일,인천광역시 서구 연희동,중상사고,0,1,0,0,차대차 - 측면직각충돌,안전거리미확보,건조,맑음,단일로 - 기타,화물,남,21세,상해없음,승합,남,39세,중상
2015010900100342,2015년 1월 9일 16시,금요일,인천광역시 강화군 양도면,경상사고,0,0,1,0,차대사람 - 길가장자리구역통행중,안전운전불이행,건조,맑음,단일로 - 기타,승용,남,70세,상해없음,보행자,여,69세,경상
2015010900100375,2015년 1월 9일 17시,금요일,인천광역시 동구 송림동,경상사고,0,0,1,0,차대차 - 측면직각충돌,신호위반,건조,맑음,교차로 - 교차로안,승용,여,32세,경상,승용,남,57세,상해없음
2015010900100430,2015년 1월 9일 18시,금요일,인천광역시 남동구 만수동,경상사고,0,0,4,0,차대차 - 추돌 - 진행중,안전운전불이행,건조,맑음,단일로 - 기타,승용,남,30세,경상,승용,남,32세,상해없음
2015010900100466,2015년 1월 9일 19시,금요일,인천광역시 남구 학익동,경상사고,0,0,3,0,차대차 - 추돌 - 진행중,안전운전불이행,건조,맑음,교차로 - 교차로부근,승용,남,50세,상해없음,승용,여,37세,경상
2015010900100467,2015년 1월 9일 19시,금요일,인천광역시 부평구 부평동,경상사고,0,0,2,0,차대차 - 추돌 - 주정차중,안전운전불이행,건조,맑음,단일로 - 기타,승용,남,38세,상해없음,승용,남,37세,경상
2015010900100538,2015년 1월 9일 21시,금요일,인천광역시 남동구 간석동,경상사고,0,0,2,0,차대차 - 추돌 - 진행중,안전운전불이행,건조,맑음,교차로 - 교차로부근,승용,남,43세,상해없음,승용,여,36세,경상
2015010900100576,2015년 1월 9일 22시,금요일,인천광역시 계양구 계산동,사망사고,1,0,0,0,차대사람 - 횡단중,안전운전불이행,건조,맑음,단일로 - 기타,승용,여,50세,상해없음,보행자,남,59세,사망
2015010900100577,2015년 1월 9일 22시,금요일,인천광역시 계양구 작전동,경상사고,0,0,1,0,차대사람 - 길가장자리구역통행중,안전운전불이행,건조,맑음,교차로 - 교차로안,화물,남,35세,상해없음,보행자,남,45세,경상
2015010900100604,2015년 1월 9일 23시,금요일,인천광역시 남동구 만수동,경상사고,0,0,1,0,차대차 - 측면직각충돌,안전거리미확보,건조,맑음,단일로 - 기타,승용,남,35세,상해없음,승합,남,48세,상해없음
2015010900100605,2015년 1월 9일 23시,금요일,인천광역시 계양구 계산동,중상사고,0,1,0,0,차량단독 - 기타,기타,건조,맑음,단일로 - 기타,승합,남,48세,상해없음,,,,
2015011000100076,2015년 1월 10일 02시,토요일,인천광역시 남구 주안동,중상사고,0,2,0,0,차대사람 - 횡단중,안전운전불이행,건조,흐림,단일로 - 기타,승용,남,31세,상해없음,보행자,여,38세,중상
2015011000100077,2015년 1월 10일 02시,토요일,인천광역시 남동구 논현동,중상사고,0,1,0,0,차대사람 - 횡단중,안전운전불이행,건조,맑음,교차로 - 교차로안,승용,남,40세,상해없음,보행자,남,58세,중상
2015011000100191,2015년 1월 10일 09시,토요일,인천광역시 중구 을왕동,경상사고,0,0,1,2,차량단독 - 공작물충돌,안전운전불이행,건조,맑음,단일로 - 횡단보도부근,승용,남,18세,상해없음,,,,
2015011000100192,2015년 1월 10일 09시,토요일,인천광역시 남동구 만수동,경상사고,0,0,1,0,차대사람 - 횡단중,안전운전불이행,건조,맑음,교차로 - 교차로부근,승용,여,46세,상해없음,보행자,여,47세,경상
2015011000100193,2015년 1월 10일 09시,토요일,인천광역시 남동구 구월동,중상사고,0,1,0,0,차량단독 - 기타,기타,건조,맑음,단일로 - 기타,승합,남,57세,상해없음,,,,
2015011000100246,2015년 1월 10일 11시,토요일,인천광역시 부평구 청천동,중상사고,0,1,0,0,차량단독 - 기타,기타,건조,맑음,단일로 - 기타,승합,남,48세,상해없음,,,,
2015011000100269,2015년 1월 10일 12시,토요일,인천광역시 남동구 만수동,중상사고,0,1,0,0,차대차 - 측면직각충돌,안전운전불이행,건조,맑음,교차로 - 교차로안,화물,남,42세,상해없음,원동기,남,19세,중상
2015011000100270,2015년 1월 10일 12시,토요일,인천광역시 서구 가정동,경상사고,0,0,1,0,차대사람 - 보도통행중,안전운전불이행,습기,맑음,교차로 - 교차로안,승용,기타불명,기타불명,기타불명,보행자,남,18세,경상
2015011000100312,2015년 1월 10일 13시,토요일,인천광역시 남동구 만수동,중상사고,0,1,0,0,차대사람 - 길가장자리구역통행중,안전운전불이행,건조,맑음,단일로 - 기타,화물,남,52세,상해없음,보행자,남,90세 이상,중상
2015011000100344,2015년 1월 10일 14시,토요일,인천광역시 남동구 논현동,부상신고사고,0,0,0,1,차대사람 - 횡단중,안전운전불이행,건조,맑음,단일로 - 기타,승용,여,52세,상해없음,보행자,남,50세,부상신고
2015011000100376,2015년 1월 10일 15시,토요일,인천광역시 부평구 십정동,경상사고,0,0,2,0,차대차 - 추돌 - 주정차중,안전운전불이행,건조,맑음,단일로 - 기타,승용,남,45세,상해없음,승용,남,54세,경상
2015011000100400,2015년 1월 10일 16시,토요일,인천광역시 남동구 논현동,경상사고,0,0,2,0,차대차 - 측면직각충돌,교차로운행방법위반,건조,맑음,교차로 - 교차로안,승용,남,72세,상해없음,승용,남,36세,경상
2015011000100433,2015년 1월 10일 17시,토요일,인천광역시 남구 주안동,경상사고,0,0,2,0,차대차 - 측면직각충돌,안전운전불이행,건조,맑음,교차로 - 교차로안,승용,남,28세,상해없음,승용,여,34세,경상
2015011000100434,2015년 1월 10일 17시,토요일,인천광역시 남동구 구월동,경상사고,0,0,1,0,차대차 - 측면직각충돌,중앙선침범,건조,맑음,단일로 - 기타,화물,남,26세,상해없음,승합,남,52세,경상
2015011000100472,2015년 1월 10일 18시,토요일,인천광역시 연수구 청학동,중상사고,0,1,0,0,차대사람 - 보도통행중,보행자보호의무위반,건조,맑음,교차로 - 교차로안,승용,남,58세,상해없음,보행자,여,53세,중상
2015011000100564,2015년 1월 10일 21시,토요일,인천광역시 서구 석남동,부상신고사고,0,0,0,1,차대사람 - 길가장자리구역통행중,안전운전불이행,건조,맑음,단일로 - 기타,승용,기타불명,기타불명,기타불명,보행자,남,49세,부상신고
2015011000100594,2015년 1월 10일 22시,토요일,인천광역시 남동구 장수동,중상사고,0,1,2,0,차대차 - 측면직각충돌,안전거리미확보,건조,맑음,단일로 - 기타,승용,남,56세,상해없음,승용,남,52세,중상
2015011000100616,2015년 1월 10일 23시,토요일,인천광역시 남동구 구월동,경상사고,0,0,1,0,차대차 - 측면직각충돌,차로위반,건조,맑음,교차로 - 교차로부근,승용,남,62세,상해없음,승용,남,57세,경상
2015011100100018,2015년 1월 11일 00시,일요일,인천광역시 남동구 만수동,경상사고,0,0,2,0,차대차 - 추돌 - 주정차중,안전운전불이행,건조,맑음,교차로 - 교차로부근,승용,남,34세,상해없음,승용,남,52세,경상
2015011100100046,2015년 1월 11일 02시,일요일,인천광역시 남구 용현동,경상사고,0,0,1,0,차대차 - 기타,안전운전불이행,건조,맑음,단일로 - 기타,승용,남,24세,상해없음,승용,여,48세,상해없음
2015011100100047,2015년 1월 11일 02시,일요일,인천광역시 남동구 논현동,중상사고,0,1,1,0,차대차 - 측면직각충돌,신호위반,건조,맑음,교차로 - 교차로안,승용,여,24세,상해없음,승용,남,67세,경상
2015011100100048,2015년 1월 11일 02시,일요일,인천광역시 남동구 구월동,경상사고,0,0,1,0,차대차 - 측면직각충돌,교차로운행방법위반,건조,맑음,교차로 - 교차로안,기타불명,기타불명,기타불명,기타불명,승용,남,58세,경상
2015011100100082,2015년 1월 11일 05시,일요일,인천광역시 남동구 논현동,경상사고,0,0,2,0,차대차 - 추돌 - 진행중,안전거리미확보,건조,맑음,단일로 - 기타,승용,남,35세,상해없음,승용,남,41세,경상
2015011100100116,2015년 1월 11일 07시,일요일,인천광역시 남구 도화동,부상신고사고,0,0,0,1,차대차 - 추돌 - 주정차중,안전운전불이행,건조,맑음,단일로 - 기타,승용,남,39세,상해없음,승용,남,22세,부상신고
2015011100100232,2015년 1월 11일 13시,일요일,인천광역시 남동구 구월동,경상사고,0,0,3,0,차대차 - 측면직각충돌,신호위반,건조,맑음,교차로 - 교차로안,승용,남,43세,상해없음,승용,남,44세,경상
2015011100100256,2015년 1월 11일 14시,일요일,인천광역시 계양구 계산동,중상사고,0,1,2,0,차대차 - 측면직각충돌,안전운전불이행,건조,맑음,단일로 - 기타,승용,남,64세,상해없음,승용,남,64세,경상
2015011100100285,2015년 1월 11일 15시,일요일,인천광역시 서구 연희동,경상사고,0,0,1,0,차대사람 - 횡단중,보행자보호의무위반,건조,맑음,교차로 - 교차로안,이륜,남,17세,상해없음,보행자,여,15세,경상
2015011100100339,2015년 1월 11일 17시,일요일,인천광역시 계양구 계산동,경상사고,0,0,1,0,차대차 - 측면직각충돌,안전운전불이행,건조,맑음,단일로 - 기타,승용,남,31세,상해없음,승용,남,38세,경상
2015011100100408,2015년 1월 11일 19시,일요일,인천광역시 부평구 십정동,경상사고,0,0,6,0,차대차 - 기타,교차로운행방법위반,건조,맑음,단일로 - 기타,승용,남,39세,상해없음,승용,남,33세,경상
2015011100100409,2015년 1월 11일 19시,일요일,인천광역시 남동구 구월동,경상사고,0,0,1,0,차대차 - 측면직각충돌,교차로운행방법위반,건조,맑음,교차로 - 교차로안,승용,남,24세,상해없음,승용,여,51세,경상
2015011100100410,2015년 1월 11일 19시,일요일,인천광역시 연수구 옥련동,경상사고,0,0,1,0,차대사람 - 기타,안전운전불이행,건조,맑음,교차로 - 교차로안,이륜,기타불명,기타불명,기타불명,보행자,여,18세,경상