사고번호,사고일시,요일,시군구,사고내용,사망자수,중상자수,경상자수,부상신고자수,사고유형,법규위반,노면상태,기상상태,도로형태,가해운전자 차종,가해운전자 성별,가해운전자 연령,가해운전자 상해정도,피해운전자 차종,피해운전자 성별,피해운전자 연령,피해운전자 상해정도
2015011100100435,2015년 1월 11일 20시,일요일,인천광역시 옹진군 덕적면,중상사고,0,2,0,0,차량단독 - 전도전복,안전운전불이행,건조,맑음,단일로 - 기타,승용,남,38세,중상,,,,
2015011100100450,2015년 1월 11일 21시,일요일,인천광역시 남구 주안동,경상사고,0,0,1,0,차대차 - 기타,안전운전불이행,건조,맑음,단일로 - 기타,승용,여,46세,상해없음,원동기,남,35세,경상
2015011100100469,2015년 1월 11일 22시,일요일,인천광역시 연수구 선학동,경상사고,0,0,2,0,차대차 - 추돌 - 주정차중,안전운전불이행,건조,맑음,교차로 - 교차로부근,승용,남,42세,상해없음,승용,남,27세,경상
2015011200100004,2015년 1월 12일 00시,월요일,인천광역시 부평구 부개동,중상사고,0,1,0,0,차대차 - 정면충돌,중앙선침범,건조,맑음,단일로 - 기타,승용,여,43세,상해없음,승용,남,40세,중상
2015011200100040,2015년 1월 12일 06시,월요일,인천광역시 남동구 구월동,사망사고,1,0,3,1,차대사람 - 횡단중,신호위반,건조,맑음,교차로 - 교차로부근,승용,남,41세,부상신고,보행자,여,26세,사망
2015011200100100,2015년 1월 12일 08시,월요일,인천광역시 부평구 삼산동,경상사고,0,0,3,0,차대차 - 측면직각충돌,안전거리미확보,건조,맑음,단일로 - 기타,화물,남,55세,상해없음,승용,여,54세,경상
2015011200100134,2015년 1월 12일 09시,월요일,인천광역시 부평구 십정동,중상사고,0,1,2,0,차대차 - 기타,안전운전불이행,건조,맑음,단일로 - 교량,승합,남,45세,상해없음,승용,남,53세,중상
2015011200100184,2015년 1월 12일 11시,월요일,인천광역시 서구 마전동,경상사고,0,0,1,0,차대사람 - 차도통행중,안전운전불이행,건조,맑음,단일로 - 기타,승용,여,41세,상해없음,보행자,남,79세,경상
2015011200100237,2015년 1월 12일 13시,월요일,인천광역시 남동구 간석동,경상사고,0,0,3,0,차대차 - 측면직각충돌,중앙선침범,건조,맑음,단일로 - 기타,승용,남,50세,상해없음,승용,남,77세,경상
2015011200100238,2015년 1월 12일 13시,월요일,인천광역시 부평구 부평동,경상사고,0,0,2,0,차대차 - 추돌 - 주정차중,안전운전불이행,건조,맑음,단일로 - 횡단보도부근,승용,여,49세,상해없음,승용,여,44세,경상
2015011200100324,2015년 1월 12일 16시,월요일,인천광역시 남구 숭의동,경상사고,0,0,1,0,차대차 - 추돌 - 주정차중,안전운전불이행,건조,맑음,단일로 - 기타,승용,남,68세,상해없음,승용,여,63세,경상
2015011200100395,2015년 1월 12일 18시,월요일,인천광역시 남구 학익동,중상사고,0,1,0,0,차량단독 - 기타,안전운전불이행,건조,맑음,단일로 - 기타,승용,남,46세,상해없음,,,,
2015011200100396,2015년 1월 12일 18시,월요일,인천광역시 남동구 서창동,경상사고,0,0,1,0,차대차 - 정면충돌,중앙선침범,건조,맑음,단일로 - 기타,화물,남,54세,상해없음,승용,남,34세,경상
2015011200100437,2015년 1월 12일 19시,월요일,인천광역시 부평구 부평동,중상사고,0,1,0,0,차대사람 - 기타,안전운전불이행,건조,맑음,기타 - 기타,자전거,남,17세,기타불명,보행자,여,62세,중상
2015011200100438,2015년 1월 12일 19시,월요일,인천광역시 서구 연희동,경상사고,0,0,1,0,차대차 - 측면직각충돌,안전운전불이행,건조,맑음,단일로 - 기타,화물,남,57세,상해없음,이륜,남,46세,경상
2015011200100455,2015년 1월 12일 20시,월요일,인천광역시 남동구 구월동,중상사고,0,1,0,0,차대차 - 기타,신호위반,건조,맑음,교차로 - 교차로안,화물,남,61세,상해없음,이륜,남,26세,중상
2015011200100522,2015년 1월 12일 23시,월요일,인천광역시 중구 신흥동1가,경상사고,0,0,2,0,차대차 - 추돌 - 진행중,안전운전불이행,건조,맑음,교차로 - 교차로부근,승용,남,55세,상해없음,승용,여,35세,경상
2015011200100523,2015년 1월 12일 23시,월요일,인천광역시 연수구 연수동,경상사고,0,0,3,0,차대차 - 추돌 - 진행중,안전운전불이행,건조,맑음,교차로 - 교차로부근,승용,남,38세,상해없음,승용,남,26세,경상
2015011300100014,2015년 1월 13일 00시,화요일,인천광역시 부평구 청천동,경상사고,0,0,4,0,차대차 - 기타,중앙선침범,건조,맑음,단일로 - 교량,승용,남,35세,상해없음,승용,남,55세,경상
2015011300100028,2015년 1월 13일 01시,화요일,인천광역시 서구 석남동,경상사고,0,0,1,0,차대차 - 측면직각충돌,안전운전불이행,건조,맑음,단일로 - 기타,승용,남,25세,상해없음,승용,여,48세,경상
2015011300100050,2015년 1월 13일 04시,화요일,인천광역시 남동구 구월동,경상사고,0,0,2,2,차대차 - 측면직각충돌,신호위반,건조,맑음,단일로 - 기타,승용,남,70세,상해없음,승용,남,21세,경상
2015011300100068,2015년 1월 13일 05시,화요일,인천광역시 부평구 부평동,경상사고,0,0,1,0,차대차 - 추돌 - 주정차중,안전운전불이행,건조,맑음,교차로 - 교차로부근,승용,남,31세,상해없음,화물,남,47세,경상
2015011300100217,2015년 1월 13일 11시,화요일,인천광역시 남구 주안동,중상사고,0,1,0,0,차대사람 - 차도통행중,안전운전불이행,건조,맑음,단일로 - 기타,승용,여,46세,상해없음,보행자,여,70세,중상
2015011300100248,2015년 1월 13일 12시,화요일,인천광역시 부평구 산곡동,부상신고사고,0,0,0,1,차대사람 - 기타,안전운전불이행,건조,맑음,단일로 - 기타,기타불명,기타불명,기타불명,기타불명,보행자,남,78세,부상신고
2015011300100327,2015년 1월 13일 15시,화요일,인천광역시 남동구 논현동,중상사고,0,1,2,0,차대차 - 측면직각충돌,신호위반,건조,맑음,교차로 - 교차로안,이륜,남,19세,중상,승합,여,32세,경상
2015011300100328,2015년 1월 13일 15시,화요일,인천광역시 계양구 계산동,경상사고,0,0,1,0,차대사람 - 횡단중,신호위반,건조,맑음,단일로 - 횡단보도상,기타불명,기타불명,기타불명,기타불명,보행자,여,14세,경상
2015011300100402,2015년 1월 13일 18시,화요일,인천광역시 남동구 장수동,경상사고,0,0,5,0,차대차 - 측면직각충돌,안전운전불이행,건조,맑음,단일로 - 기타,승합,남,65세,상해없음,승용,여,60세,경상
2015011300100403,2015년 1월 13일 18시,화요일,인천광역시 계양구 효성동,중상사고,0,1,0,0,차대사람 - 횡단중,안전운전불이행,건조,맑음,교차로 - 교차로부근,승용,남,52세,상해없음,보행자,여,56세,중상
2015011300100463,2015년 1월 13일 20시,화요일,인천광역시 남구 주안동,중상사고,0,1,0,0,차대사람 - 횡단중,보행자보호의무위반,건조,맑음,단일로 - 횡단보도상,승용,남,61세,상해없음,보행자,여,31세,중상
2015011300100464,2015년 1월 13일 20시,화요일,인천광역시 남동구 만수동,경상사고,0,0,1,0,차대차 - 측면직각충돌,교차로운행방법위반,건조,맑음,단일로 - 기타,승용,여,43세,경상,승용,남,49세,상해없음
2015011300100465,2015년 1월 13일 20시,화요일,인천광역시 남동구 구월동,경상사고,0,0,1,0,차대차 - 기타,안전운전불이행,건조,맑음,교차로 - 교차로부근,승용,남,28세,상해없음,승용,남,41세,경상
2015011300100466,2015년 1월 13일 20시,화요일,인천광역시 서구 석남동,경상사고,0,0,1,0,차대차 - 추돌 - 진행중,안전운전불이행,건조,맑음,단일로 - 기타,승용,남,44세,상해없음,승합,남,48세,경상
2015011300100499,2015년 1월 13일 21시,화요일,인천광역시 부평구 부평동,경상사고,0,0,6,0,차대차 - 기타,안전운전불이행,습기,비,단일로 - 기타,승용,남,31세,상해없음,승용,남,28세,경상
2015011300100524,2015년 1월 13일 22시,화요일,인천광역시 연수구 송도동,경상사고,0,0,1,0,차대차 - 추돌 - 진행중,안전거리미확보,건조,맑음,단일로 - 기타,승용,남,40세,상해없음,승용,남,56세,경상
2015011400100026,2015년 1월 14일 01시,수요일,인천광역시 남구 용현동,중상사고,0,2,0,0,차대차 - 추돌 - 진행중,안전운전불이행,건조,맑음,교차로 - 교차로부근,승용,남,22세,상해없음,승용,남,45세,중상
2015011400100034,2015년 1월 14일 02시,수요일,인천광역시 남구 주안동,경상사고,0,0,1,0,차대차 - 기타,안전운전불이행,건조,맑음,단일로 - 기타,승용,남,31세,상해없음,승용,남,66세,경상
2015011400100035,2015년 1월 14일 02시,수요일,인천광역시 남동구 간석동,경상사고,0,0,1,0,차대차 - 측면직각충돌,교차로운행방법위반,건조,맑음,교차로 - 교차로안,승용,남,52세,상해없음,승용,남,21세,경상
2015011400100042,2015년 1월 14일 03시,수요일,인천광역시 남동구 구월동,중상사고,0,2,0,0,차대차 - 정면충돌,신호위반,건조,맑음,교차로 - 교차로안,승용,남,34세,상해없음,승용,남,61세,중상
2015011400100051,2015년 1월 14일 04시,수요일,인천광역시 서구 가정동,경상사고,0,0,1,0,차대차 - 측면직각충돌,신호위반,건조,맑음,교차로 - 교차로안,화물,남,41세,상해없음,승용,남,63세,경상
2015011400100075,2015년 1월 14일 06시,수요일,인천광역시 계양구 계산동,중상사고,0,1,0,0,차대사람 - 횡단중,신호위반,건조,맑음,단일로 - 횡단보도상,화물,남,63세,상해없음,보행자,여,23세,중상
2015011400100098,2015년 1월 14일 07시,수요일,인천광역시 부평구 삼산동,경상사고,0,0,2,0,차대차 - 기타,신호위반,건조,맑음,교차로 - 교차로부근,승용,남,52세,상해없음,승용,남,45세,경상
2015011400100126,2015년 1월 14일 09시,수요일,인천광역시 남동구 구월동,경상사고,0,0,1,0,차대차 - 측면직각충돌,안전운전불이행,건조,맑음,교차로 - 교차로부근,승용,남,17세,상해없음,승용,여,32세,경상
2015011400100178,2015년 1월 14일 11시,수요일,인천광역시 남구 주안동,경상사고,0,0,1,0,차대사람 - 기타,안전운전불이행,건조,맑음,단일로 - 기타,승용,남,57세,상해없음,보행자,여,77세,경상
2015011400100222,2015년 1월 14일 13시,수요일,인천광역시 남구 학익동,경상사고,0,0,1,0,차대사람 - 기타,안전운전불이행,건조,맑음,단일로 - 기타,승용,여,54세,상해없음,보행자,남,13세,경상
2015011400100223,2015년 1월 14일 13시,수요일,인천광역시 서구 연희동,중상사고,0,1,0,0,차대차 - 측면직각충돌,안전운전불이행,건조,맑음,단일로 - 기타,승용,남,33세,상해없음,자전거,남,16세,중상
2015011400100224,2015년 1월 14일 13시,수요일,인천광역시 부평구 갈산동,중상사고,0,1,0,0,차대차 - 측면직각충돌,차로위반,건조,맑음,단일로 - 기타,화물,남,38세,상해없음,이륜,남,52세,중상
2015011400100266,2015년 1월 14일 15시,수요일,인천광역시 중구 중산동,중상사고,0,1,0,0,차대사람 - 기타,안전운전불이행,건조,맑음,단일로 - 기타,화물,남,39세,상해없음,보행자,남,40세,중상
2015011400100336,2015년 1월 14일 17시,수요일,인천광역시 남동구 구월동,경상사고,0,0,1,0,차대차 - 측면직각충돌,안전운전불이행,건조,맑음,교차로 - 교차로안,승용,남,21세,상해없음,승용,남,49세,경상
2015011400100387,2015년 1월 14일 18시,수요일,인천광역시 남구 학익동,중상사고,0,1,0,0,차대차 - 기타,안전거리미확보,건조,맑음,단일로 - 기타,이륜,남,22세,상해없음,자전거,남,25세,중상
2015011400100388,2015년 1월 14일 18시,수요일,인천광역시 서구 검암동,경상사고,0,0,3,1,차대차 - 측면직각충돌,안전운전불이행,건조,맑음,단일로 - 기타,승용,남,64세,상해없음,화물,남,67세,경상
2015011400100425,2015년 1월 14일 19시,수요일,인천광역시 서구 경서동,중상사고,0,1,0,0,차대차 - 추돌 - 진행중,안전운전불이행,건조,맑음,단일로 - 기타,화물,남,36세,상해없음,승합,남,44세,중상
2015011400100448,2015년 1월 14일 20시,수요일,인천광역시 서구 연희동,중상사고,0,1,7,0,차대차 - 추돌 - 주정차중,안전운전불이행,건조,맑음,교차로 - 교차로부근,승용,여,42세,상해없음,승용,여,48세,중상
2015011400100470,2015년 1월 14일 21시,수요일,인천광역시 중구 신흥동1가,부상신고사고,0,0,0,4,차대차 - 측면직각충돌,안전운전불이행,건조,맑음,단일로 - 기타,승용,남,46세,상해없음,승용,남,32세,부상신고
2015011400100471,2015년 1월 14일 21시,수요일,인천광역시 부평구 십정동,경상사고,0,0,3,1,차대차 - 추돌 - 진행중,안전거리미확보,건조,맑음,단일로 - 기타,화물,남,38세,상해없음,승용,남,61세,부상신고
2015011400100472,2015년 1월 14일 21시,수요일,인천광역시 남동구 만수동,중상사고,0,1,2,0,차대차 - 추돌 - 진행중,안전운전불이행,건조,맑음,단일로 - 기타,승용,남,28세,상해없음,승용,남,35세,경상
2015011500100095,2015년 1월 15일 07시,목요일,인천광역시 남구 용현동,중상사고,0,1,0,0,차대차 - 기타,중앙선침범,건조,맑음,단일로 - 기타,이륜,남,34세,중상,승용,남,44세,상해없음
2015011500100096,2015년 1월 15일 07시,목요일,인천광역시 남동구 논현동,경상사고,0,0,2,0,차대차 - 측면직각충돌,안전거리미확보,건조,맑음,단일로 - 기타,승용,남,51세,경상,승용,남,37세,경상
2015011500100097,2015년 1월 15일 07시,목요일,인천광역시 서구 신현동,부상신고사고,0,0,0,1,차대사람 - 길가장자리구역통행중,안전운전불이행,건조,맑음,단일로 - 기타,자전거,기타불명,기타불명,기타불명,보행자,여,17세,부상신고
2015011500100098,2015년 1월 15일 07시,목요일,인천광역시 계양구 귤현동,경상사고,0,0,1,0,차대차 - 측면직각충돌,안전운전불이행,건조,맑음,교차로 - 교차로부근,승용,기타불명,기타불명,기타불명,자전거,남,55세,경상
2015011500100163,2015년 1월 15일 10시,목요일,인천광역시 계양구 계산동,중상사고,0,1,0,0,차대사람 - 기타,안전운전불이행,건조,맑음,교차로 - 교차로부근,승용,남,31세,상해없음,보행자,여,84세,중상
2015011500100187,2015년 1월 15일 11시,목요일,인천광역시 남구 용현동,경상사고,0,0,1,0,차대차 - 기타,중앙선침범,건조,맑음,단일로 - 기타,화물,남,39세,상해없음,이륜,남,32세,경상
2015011500100269,2015년 1월 15일 14시,목요일,인천광역시 서구 가좌동,경상사고,0,0,1,0,차대사람 - 길가장자리구역통행중,교차로운행방법위반,건조,맑음,교차로 - 교차로안,승용,남,50세,상해없음,보행자,여,71세,경상
2015011500100326,2015년 1월 15일 16시,목요일,인천광역시 남구 주안동,중상사고,0,1,0,0,차대사람 - 차도통행중,안전운전불이행,건조,맑음,단일로 - 기타,승용,여,49세,상해없음,보행자,남,84세,중상
2015011500100409,2015년 1월 15일 18시,목요일,인천광역시 계양구 작전동,경상사고,0,0,1,0,차대차 - 측면직각충돌,신호위반,건조,맑음,교차로 - 교차로안,승용,여,31세,상해없음,승용,남,46세,경상
2015011500100410,2015년 1월 15일 18시,목요일,인천광역시 부평구 일신동,경상사고,0,0,1,0,차대사람 - 기타,안전운전불이행,건조,맑음,단일로 - 기타,승용,남,26세,상해없음,보행자,남,47세,경상
2015011500100444,2015년 1월 15일 19시,목요일,인천광역시 부평구 부개동,중상사고,0,1,1,0,차대차 - 측면직각충돌,신호위반,건조,맑음,교차로 - 교차로안,승용,여,49세,중상,승용,남,38세,경상
2015011500100473,2015년 1월 15일 20시,목요일,인천광역시 서구 가좌동,중상사고,0,1,0,0,차대사람 - 횡단중,신호위반,건조,맑음,교차로 - 교차로안,승용,남,50세,상해없음,보행자,여,32세,중상
2015011500100474,2015년 1월 15일 20시,목요일,인천광역시 연수구 동춘동,중상사고,0,1,0,0,차대차 - 기타,안전운전불이행,건조,맑음,단일로 - 기타,화물,남,49세,상해없음,이륜,남,56세,중상
2015011500100499,2015년 1월 15일 21시,목요일,인천광역시 남동구 간석동,경상사고,0,0,2,0,차대차 - 추돌 - 주정차중,안전운전불이행,건조,맑음,교차로 - 교차로부근,승합,남,44세,상해없음,승용,남,53세,경상
2015011500100500,2015년 1월 15일 21시,목요일,인천광역시 남동구 논현동,경상사고,0,0,4,0,차대차 - 추돌 - 주정차중,안전운전불이행,건조,맑음,교차로 - 교차로부근,승용,남,49세,상해없음,승용,남,41세,경상
2015011500100501,2015년 1월 15일 21시,목요일,인천광역시 연수구 옥련동,중상사고,0,1,0,0,차대사람 - 보도통행중,보행자보호의무위반,건조,맑음,단일로 - 횡단보도상,승용,남,41세,상해없음,보행자,남,61세,중상
2015011500100531,2015년 1월 15일 22시,목요일,인천광역시 남동구 논현동,중상사고,0,2,0,0,차대차 - 추돌 - 주정차중,안전운전불이행,건조,맑음,단일로 - 기타,승용,남,46세,상해없음,승용,남,29세,중상
2015011500100532,2015년 1월 15일 22시,목요일,인천광역시 부평구 삼산동,부상신고사고,0,0,0,1,차대차 - 기타,신호위반,건조,맑음,교차로 - 교차로부근,이륜,남,28세,상해없음,자전거,남,15세,부상신고
2015011500100573,2015년 1월 15일 23시,목요일,인천광역시 서구 석남동,경상사고,0,0,1,0,차대사람 - 차도통행중,안전운전불이행,건조,맑음,교차로 - 교차로안,승용,남,47세,상해없음,보행자,남,48세,경상
2015011600100022,2015년 1월 16일 00시,금요일,인천광역시 부평구 산곡동,중상사고,0,1,0,0,차대차 - 추돌 - 진행중,안전운전불이행,건조,맑음,단일로 - 기타,승용,남,53세,상해없음,승용,여,45세,중상
2015011600100023,2015년 1월 16일 00시,금요일,인천광역시 남동구 논현동,경상사고,0,0,2,0,차대차 - 추돌 - 주정차중,안전운전불이행,건조,맑음,교차로 - 교차로부근,승용,남,50세,상해없음,승용,남,37세,경상
2015011600100080,2015년 1월 16일 05시,금요일,인천광역시 부평구 부평동,중상사고,0,1,1,0,차대차 - 추돌 - 진행중,안전운전불이행,습기,비,단일로 - 기타,승용,여,29세,상해없음,승용,여,45세,중상
2015011600100125,2015년 1월 16일 07시,금요일,인천광역시 서구 가좌동,사망사고,1,0,0,0,차대차 - 측면직각충돌,신호위반,습기,흐림,교차로 - 교차로안,원동기,남,59세,사망,특수,남,46세,상해없음
2015011600100149,2015년 1월 16일 08시,금요일,인천광역시 남구 학익동,경상사고,0,0,2,0,차대차 - 측면직각충돌,중앙선침범,건조,맑음,단일로 - 기타,승용,남,29세,상해없음,승용,남,62세,경상
2015011600100262,2015년 1월 16일 12시,금요일,인천광역시 중구 도원동,중상사고,0,1,0,0,차대차 - 기타,안전운전불이행,건조,맑음,교차로 - 교차로안,화물,남,51세,상해없음,원동기,남,38세,중상
2015011600100316,2015년 1월 16일 14시,금요일,인천광역시 남구 숭의동,경상사고,0,0,1,0,차대사람 - 기타,신호위반,건조,맑음,단일로 - 횡단보도상,승용,남,55세,상해없음,보행자,여,18세,경상
2015011600100345,2015년 1월 16일 15시,금요일,인천광역시 서구 백석동,경상사고,0,0,1,0,차대차 - 측면직각충돌,신호위반,건조,맑음,교차로 - 교차로안,승용,남,22세,상해없음,승용,남,49세,경상
2015011600100448,2015년 1월 16일 18시,금요일,인천광역시 남구 숭의동,경상사고,0,0,1,0,차대사람 - 기타,안전운전불이행,건조,맑음,단일로 - 기타,승용,남,30세,상해없음,보행자,여,26세,경상
2015011600100530,2015년 1월 16일 20시,금요일,인천광역시 중구 도원동,중상사고,0,1,0,0,차대사람 - 횡단중,안전운전불이행,건조,맑음,교차로 - 교차로안,승용,남,22세,상해없음,보행자,남,61세,중상
2015011600100531,2015년 1월 16일 20시,금요일,인천광역시 계양구 계산동,경상사고,0,0,2,0,차대차 - 측면직각충돌,안전운전불이행,건조,맑음,교차로 - 교차로부근,승용,여,37세,경상,승용,남,40세,상해없음
2015011600100559,2015년 1월 16일 21시,금요일,인천광역시 남구 용현동,중상사고,0,1,2,0,차대차 - 기타,안전운전불이행,건조,맑음,단일로 - 기타,승용,남,40세,상해없음,승합,남,43세,상해없음
2015011600100590,2015년 1월 16일 22시,금요일,인천광역시 서구 연희동,경상사고,0,0,4,0,차대차 - 기타,안전운전불이행,건조,맑음,단일로 - 기타,승용,여,44세,경상,승합,남,44세,상해없음
2015011600100627,2015년 1월 16일 23시,금요일,인천광역시 부평구 삼산동,중상사고,0,1,0,0,차대차 - 측면직각충돌,교차로운행방법위반,건조,맑음,교차로 - 교차로안,화물,남,40세,상해없음,이륜,남,19세,중상
2015011700100049,2015년 1월 17일 01시,토요일,인천광역시 남동구 구월동,경상사고,0,0,2,0,차대차 - 측면직각충돌,안전운전불이행,건조,맑음,교차로 - 교차로안,승용,남,22세,상해없음,승용,여,32세,경상
2015011700100050,2015년 1월 17일 01시,토요일,인천광역시 계양구 효성동,중상사고,0,1,0,0,차대차 - 측면직각충돌,신호위반,건조,맑음,교차로 - 교차로안,승용,남,48세,상해없음,이륜,남,44세,중상
2015011700100116,2015년 1월 17일 05시,토요일,인천광역시 계양구 병방동,중상사고,0,1,0,0,차대차 - 정면충돌,중앙선침범,건조,맑음,단일로 - 기타,화물,남,52세,상해없음,승용,남,62세,중상
2015011700100138,2015년 1월 17일 06시,토요일,인천광역시 연수구 옥련동,중상사고,0,1,0,0,차대차 - 추돌 - 주정차중,안전운전불이행,건조,맑음,단일로 - 기타,승용,남,36세,상해없음,화물,남,44세,중상
2015011700100172,2015년 1월 17일 08시,토요일,인천광역시 남구 숭의동,경상사고,0,0,2,0,차대차 - 추돌 - 주정차중,안전운전불이행,건조,맑음,단일로 - 기타,승용,남,26세,상해없음,승용,남,53세,경상
2015011700100173,2015년 1월 17일 08시,토요일,인천광역시 남동구 고잔동,중상사고,0,1,1,0,차대차 - 측면직각충돌,신호위반,건조,맑음,교차로 - 교차로안,승용,여,32세,중상,화물,남,48세,경상
2015011700100174,2015년 1월 17일 08시,토요일,인천광역시 연수구 송도동,경상사고,0,0,5,0,차대차 - 추돌 - 진행중,안전운전불이행,건조,맑음,단일로 - 기타,승용,남,22세,상해없음,승용,남,45세,경상
2015011700100233,2015년 1월 17일 10시,토요일,인천광역시 서구 당하동,경상사고,0,0,1,0,차량단독 - 공작물충돌,안전운전불이행,건조,맑음,단일로 - 기타,승용,남,26세,경상,,,,
2015011700100264,2015년 1월 17일 11시,토요일,인천광역시 부평구 부평동,경상사고,0,0,1,0,차대차 - 기타,안전운전불이행,건조,맑음,단일로 - 기타,화물,여,47세,상해없음,승용,남,24세,경상
2015011700100319,2015년 1월 17일 13시,토요일,인천광역시 남구 학익동,경상사고,0,0,1,0,차대사람 - 횡단중,안전운전불이행,건조,맑음,단일로 - 기타,승용,기타불명,기타불명,기타불명,보행자,여,29세,경상
2015011700100320,2015년 1월 17일 13시,토요일,인천광역시 남구 주안동,경상사고,0,0,1,0,차대차 - 측면직각충돌,안전운전불이행,건조,맑음,교차로 - 교차로부근,승용,남,34세,상해없음,승용,남,50세,경상
2015011700100321,2015년 1월 17일 13시,토요일,인천광역시 남동구 간석동,경상사고,0,0,1,0,차대차 - 추돌 - 주정차중,안전운전불이행,건조,맑음,교차로 - 교차로부근,승용,남,68세,상해없음,원동기,남,47세,경상
2015011700100322,2015년 1월 17일 13시,토요일,인천광역시 남동구 장수동,중상사고,0,1,3,0,차대차 - 추돌 - 진행중,안전거리미확보,건조,맑음,단일로 - 기타,승합,남,31세,상해없음,승용,남,47세,경상
2015011700100356,2015년 1월 17일 14시,토요일,인천광역시 남동구 구월동,경상사고,0,0,1,0,차대사람 - 횡단중,신호위반,건조,맑음,단일로 - 횡단보도상,승용,남,48세,상해없음,보행자,여,17세,경상
2015011700100390,2015년 1월 17일 15시,토요일,인천광역시 남구 주안동,경상사고,0,0,1,0,차대사람 - 기타,기타,건조,맑음,단일로 - 기타,승용,남,63세,상해없음,보행자,여,40세,경상
2015011700100419,2015년 1월 17일 16시,토요일,인천광역시 서구 백석동,경상사고,0,0,3,0,차대차 - 정면충돌,안전거리미확보,건조,맑음,단일로 - 교량,승용,남,57세,상해없음,승용,여,60세,경상
2015011700100420,2015년 1월 17일 16시,토요일,인천광역시 부평구 부평동,부상신고사고,0,0,0,1,차대사람 - 기타,안전운전불이행,건조,맑음,단일로 - 기타,이륜,남,25세,상해없음,보행자,여,35세,부상신고
2015011700100457,2015년 1월 17일 17시,토요일,인천광역시 남동구 남촌동,중상사고,0,1,0,0,차대사람 - 횡단중,안전운전불이행,건조,맑음,단일로 - 횡단보도상,승용,남,23세,상해없음,보행자,여,24세,중상
2015011700100492,2015년 1월 17일 18시,토요일,인천광역시 남동구 도림동,사망사고,1,0,0,0,차량단독 - 공작물충돌,안전운전불이행,건조,맑음,단일로 - 기타,자전거,남,61세,사망,,,,
2015011700100493,2015년 1월 17일 18시,토요일,인천광역시 강화군 강화읍,경상사고,0,0,1,0,차대차 - 추돌 - 진행중,안전운전불이행,건조,맑음,교차로 - 교차로안,승용,남,32세,상해없음,이륜,남,34세,경상
2015011700100523,2015년 1월 17일 19시,토요일,인천광역시 연수구 송도동,경상사고,0,0,1,0,차대차 - 측면직각충돌,불법유턴,건조,맑음,단일로 - 기타,승용,여,32세,상해없음,승용,남,49세,경상
2015011700100557,2015년 1월 17일 20시,토요일,인천광역시 남구 주안동,경상사고,0,0,1,0,차대사람 - 차도통행중,안전운전불이행,건조,맑음,단일로 - 기타,이륜,남,48세,상해없음,보행자,여,90세 이상,경상
2015011700100580,2015년 1월 17일 21시,토요일,인천광역시 부평구 구산동,경상사고,0,0,3,0,차대차 - 측면직각충돌,안전거리미확보,건조,흐림,단일로 - 기타,승용,남,29세,상해없음,승용,남,36세,경상
2015011700100581,2015년 1월 17일 21시,토요일,인천광역시 연수구 송도동,경상사고,0,0,1,0,차대차 - 기타,중앙선침범,건조,맑음,교차로 - 교차로부근,승용,남,54세,상해없음,원동기,남,16세,경상
2015011700100611,2015년 1월 17일 22시,토요일,인천광역시 남동구 만수동,경상사고,0,0,2,0,차대차 - 추돌 - 진행중,안전운전불이행,건조,맑음,단일로 - 기타,화물,남,60세,상해없음,승용,남,25세,경상
2015011700100612,2015년 1월 17일 22시,토요일,인천광역시 남동구 남촌동,경상사고,0,0,2,0,차대차 - 추돌 - 진행중,안전운전불이행,건조,흐림,단일로 - 기타,승용,남,51세,상해없음,승용,남,46세,경상
2015011700100635,2015년 1월 17일 23시,토요일,인천광역시 부평구 부평동,중상사고,0,3,0,0,차대사람 - 횡단중,보행자보호의무위반,건조,맑음,단일로 - 횡단보도부근,이륜,남,18세,상해없음,보행자,여,59세,중상
2015011800100187,2015년 1월 18일 13시,일요일,인천광역시 서구 가좌동,경상사고,0,0,1,0,차대차 - 측면직각충돌,안전운전불이행,습기,흐림,교차로 - 교차로안,화물,남,47세,상해없음,승용,여,42세,경상
2015011800100188,2015년 1월 18일 13시,일요일,인천광역시 서구 신현동,경상사고,0,0,1,0,차대차 - 측면직각충돌,차로위반,건조,맑음,단일로 - 기타,승용,남,53세,상해없음,화물,남,52세,경상
2015011800100239,2015년 1월 18일 15시,일요일,인천광역시 남동구 만수동,경상사고,0,0,7,0,차대차 - 추돌 - 주정차중,안전거리미확보,건조,흐림,교차로 - 교차로안,승용,남,63세,상해없음,승용,남,50세,경상
2015011800100316,2015년 1월 18일 18시,일요일,인천광역시 남구 숭의동,경상사고,0,0,1,0,차대사람 - 횡단중,중앙선침범,건조,맑음,교차로 - 교차로안,이륜,남,16세,상해없음,보행자,여,51세,경상
2015011800100317,2015년 1월 18일 18시,일요일,인천광역시 남동구 구월동,경상사고,0,0,2,0,차대차 - 측면직각충돌,안전거리미확보,습기,눈,단일로 - 기타,승용,남,47세,상해없음,승용,남,46세,경상
2015011800100318,2015년 1월 18일 18시,일요일,인천광역시 남동구 구월동,경상사고,0,0,2,0,차대차 - 추돌 - 진행중,안전운전불이행,결빙,눈,교차로 - 교차로부근,이륜,남,22세,경상,기타불명,여,57세,경상