사고번호,사고일시,요일,시군구,사고내용,사망자수,중상자수,경상자수,부상신고자수,사고유형,법규위반,노면상태,기상상태,도로형태,가해운전자 차종,가해운전자 성별,가해운전자 연령,가해운전자 상해정도,피해운전자 차종,피해운전자 성별,피해운전자 연령,피해운전자 상해정도
2015012400100022,2015년 1월 24일 00시,토요일,인천광역시 연수구 연수동,중상사고,0,1,0,0,차대차 - 기타,안전운전불이행,건조,맑음,교차로 - 교차로안,승용,남,43세,상해없음,이륜,남,18세,중상
2015012400100043,2015년 1월 24일 01시,토요일,인천광역시 부평구 부평동,경상사고,0,0,2,0,차대차 - 추돌 - 진행중,안전운전불이행,건조,맑음,단일로 - 기타,승용,남,34세,상해없음,승용,남,55세,경상
2015012400100067,2015년 1월 24일 03시,토요일,인천광역시 서구 왕길동,경상사고,0,0,3,0,차대차 - 추돌 - 진행중,안전운전불이행,건조,맑음,단일로 - 기타,화물,남,25세,상해없음,승용,남,54세,경상
2015012400100084,2015년 1월 24일 04시,토요일,인천광역시 부평구 청천동,경상사고,0,0,2,0,차대차 - 추돌 - 진행중,안전운전불이행,건조,맑음,단일로 - 기타,승용,남,29세,상해없음,승용,남,44세,경상
2015012400100092,2015년 1월 24일 05시,토요일,인천광역시 계양구 효성동,경상사고,0,0,1,0,차대차 - 측면직각충돌,신호위반,건조,맑음,교차로 - 교차로안,승용,남,56세,상해없음,승용,남,55세,경상
2015012400100123,2015년 1월 24일 07시,토요일,인천광역시 서구 불로동,경상사고,0,0,4,0,차대차 - 정면충돌,안전운전불이행,건조,맑음,단일로 - 기타,승용,남,38세,상해없음,승용,남,44세,경상
2015012400100156,2015년 1월 24일 09시,토요일,인천광역시 계양구 계산동,중상사고,0,2,3,0,차대차 - 측면직각충돌,안전운전불이행,건조,맑음,교차로 - 교차로안,승용,여,59세,경상,승합,남,46세,경상
2015012400100288,2015년 1월 24일 14시,토요일,인천광역시 남구 문학동,경상사고,0,0,1,0,차대차 - 측면직각충돌,안전운전불이행,건조,맑음,단일로 - 기타,승용,남,36세,상해없음,화물,남,66세,경상
2015012400100336,2015년 1월 24일 16시,토요일,인천광역시 중구 신흥동2가,경상사고,0,0,2,0,차대차 - 추돌 - 주정차중,안전운전불이행,건조,맑음,교차로 - 교차로부근,승용,남,25세,상해없음,승용,남,46세,경상
2015012400100337,2015년 1월 24일 16시,토요일,인천광역시 남구 도화동,경상사고,0,0,1,0,차대차 - 기타,안전운전불이행,건조,맑음,단일로 - 기타,승용,여,31세,상해없음,승용,여,47세,경상
2015012400100338,2015년 1월 24일 16시,토요일,인천광역시 남동구 만수동,경상사고,0,0,5,0,차대차 - 추돌 - 진행중,안전운전불이행,건조,맑음,단일로 - 기타,승용,남,58세,상해없음,승용,남,48세,경상
2015012400100339,2015년 1월 24일 16시,토요일,인천광역시 남동구 장수동,경상사고,0,0,2,0,차대차 - 측면직각충돌,안전거리미확보,건조,맑음,단일로 - 기타,승용,남,31세,경상,화물,남,53세,상해없음
2015012400100410,2015년 1월 24일 18시,토요일,인천광역시 남구 주안동,중상사고,0,1,0,0,차대사람 - 횡단중,안전운전불이행,건조,맑음,단일로 - 기타,승합,남,62세,상해없음,보행자,남,72세,중상
2015012400100411,2015년 1월 24일 18시,토요일,인천광역시 남동구 간석동,중상사고,0,1,0,0,차대사람 - 기타,기타,건조,맑음,단일로 - 기타,승용,여,27세,기타불명,보행자,여,27세,중상
2015012400100412,2015년 1월 24일 18시,토요일,인천광역시 서구 가좌동,경상사고,0,0,1,0,차대차 - 측면직각충돌,신호위반,건조,맑음,교차로 - 교차로안,승용,남,46세,상해없음,승용,남,49세,경상
2015012400100413,2015년 1월 24일 18시,토요일,인천광역시 서구 마전동,중상사고,0,1,3,0,차대차 - 추돌 - 진행중,안전거리미확보,건조,맑음,단일로 - 기타,화물,남,57세,상해없음,승용,남,40세,중상
2015012400100414,2015년 1월 24일 18시,토요일,인천광역시 강화군 길상면,경상사고,0,0,2,0,차대차 - 측면직각충돌,신호위반,건조,맑음,교차로 - 교차로안,승용,남,73세,상해없음,승용,남,28세,경상
2015012400100458,2015년 1월 24일 19시,토요일,인천광역시 남구 용현동,부상신고사고,0,0,0,1,차대사람 - 기타,안전운전불이행,건조,맑음,단일로 - 기타,기타불명,기타불명,기타불명,기타불명,보행자,여,50세,부상신고
2015012400100459,2015년 1월 24일 19시,토요일,인천광역시 부평구 부평동,경상사고,0,0,1,0,차대사람 - 횡단중,안전운전불이행,건조,맑음,교차로 - 교차로부근,승용,남,64세,상해없음,보행자,남,14세,경상
2015012400100521,2015년 1월 24일 21시,토요일,인천광역시 부평구 십정동,중상사고,0,1,0,0,차대차 - 기타,안전운전불이행,건조,맑음,단일로 - 기타,화물,남,42세,상해없음,자전거,여,42세,중상
2015012400100573,2015년 1월 24일 23시,토요일,인천광역시 중구 전동,경상사고,0,0,1,0,차대사람 - 기타,안전운전불이행,건조,맑음,단일로 - 기타,승용,남,23세,상해없음,보행자,남,31세,경상
2015012500100010,2015년 1월 25일 00시,일요일,인천광역시 남동구 논현동,경상사고,0,0,1,0,차대차 - 추돌 - 주정차중,안전운전불이행,건조,맑음,단일로 - 기타,승용,남,26세,상해없음,승용,남,38세,경상
2015012500100048,2015년 1월 25일 03시,일요일,인천광역시 중구 운북동,중상사고,0,1,0,0,차대차 - 추돌 - 진행중,안전운전불이행,건조,맑음,단일로 - 기타,승용,남,42세,상해없음,승용,남,52세,중상
2015012500100076,2015년 1월 25일 06시,일요일,인천광역시 남구 숭의동,경상사고,0,0,2,0,차대차 - 추돌 - 주정차중,안전운전불이행,건조,맑음,단일로 - 횡단보도부근,승용,남,39세,상해없음,승용,남,70세,경상
2015012500100145,2015년 1월 25일 11시,일요일,인천광역시 남구 숭의동,경상사고,0,0,3,0,차대차 - 측면직각충돌,안전운전불이행,건조,맑음,교차로 - 교차로안,승용,여,45세,경상,승용,여,46세,경상
2015012500100222,2015년 1월 25일 15시,일요일,인천광역시 강화군 강화읍,중상사고,0,1,2,0,차대차 - 측면직각충돌,안전운전불이행,건조,맑음,교차로 - 교차로안,승용,남,57세,상해없음,승용,여,55세,중상
2015012500100290,2015년 1월 25일 18시,일요일,인천광역시 중구 인현동,경상사고,0,0,1,0,차대사람 - 기타,안전운전불이행,건조,맑음,교차로 - 교차로부근,승용,남,29세,상해없음,보행자,여,42세,경상
2015012500100291,2015년 1월 25일 18시,일요일,인천광역시 남구 학익동,경상사고,0,0,1,0,차대사람 - 횡단중,안전운전불이행,습기,비,교차로 - 교차로안,승용,남,50세,상해없음,보행자,남,13세,경상
2015012500100292,2015년 1월 25일 18시,일요일,인천광역시 남동구 간석동,중상사고,0,1,0,0,차대사람 - 횡단중,안전운전불이행,습기,비,교차로 - 교차로안,승용,남,45세,상해없음,보행자,남,65세,중상
2015012500100293,2015년 1월 25일 18시,일요일,인천광역시 남동구 간석동,경상사고,0,0,1,0,차대사람 - 길가장자리구역통행중,안전운전불이행,습기,비,단일로 - 기타,화물,남,42세,상해없음,보행자,여,24세,경상
2015012500100294,2015년 1월 25일 18시,일요일,인천광역시 남동구 간석동,경상사고,0,0,1,0,차대차 - 측면직각충돌,교차로운행방법위반,건조,맑음,교차로 - 교차로부근,승용,남,28세,상해없음,원동기,남,63세,경상
2015012500100295,2015년 1월 25일 18시,일요일,인천광역시 서구 당하동,경상사고,0,0,1,0,차대사람 - 횡단중,보행자보호의무위반,건조,맑음,단일로 - 횡단보도상,승용,남,59세,상해없음,보행자,여,32세,경상
2015012500100329,2015년 1월 25일 19시,일요일,인천광역시 남구 주안동,중상사고,0,1,0,0,차대사람 - 횡단중,보행자보호의무위반,건조,맑음,단일로 - 기타,승용,남,44세,상해없음,보행자,여,80세,중상
2015012500100330,2015년 1월 25일 19시,일요일,인천광역시 서구 가좌동,경상사고,0,0,2,0,차대차 - 측면직각충돌,안전운전불이행,건조,맑음,단일로 - 기타,승용,남,47세,기타불명,승용,여,44세,경상
2015012500100377,2015년 1월 25일 20시,일요일,인천광역시 부평구 산곡동,경상사고,0,0,1,0,차대차 - 측면직각충돌,교차로운행방법위반,건조,맑음,교차로 - 교차로안,승합,남,60세,상해없음,승용,남,54세,상해없음
2015012500100378,2015년 1월 25일 20시,일요일,인천광역시 연수구 동춘동,경상사고,0,0,2,0,차대차 - 기타,안전운전불이행,습기,비,단일로 - 교량,승합,남,53세,상해없음,승용,여,39세,경상
2015012500100443,2015년 1월 25일 22시,일요일,인천광역시 남구 용현동,중상사고,0,1,0,0,차대차 - 추돌 - 주정차중,안전운전불이행,습기,비,단일로 - 기타,원동기,남,19세,중상,화물,남,46세,상해없음
2015012500100462,2015년 1월 25일 23시,일요일,인천광역시 계양구 계산동,경상사고,0,0,2,0,차대차 - 측면직각충돌,안전운전불이행,습기,비,단일로 - 기타,승용,남,49세,상해없음,승용,남,41세,상해없음
2015012600100013,2015년 1월 26일 00시,월요일,인천광역시 계양구 용종동,경상사고,0,0,3,0,차대차 - 측면직각충돌,신호위반,습기,비,교차로 - 교차로안,승용,남,57세,경상,승용,남,54세,경상
2015012600100050,2015년 1월 26일 04시,월요일,인천광역시 남구 용현동,경상사고,0,0,1,0,차대사람 - 횡단중,안전운전불이행,습기,비,단일로 - 기타,화물,남,48세,상해없음,보행자,여,68세,경상
2015012600100075,2015년 1월 26일 06시,월요일,인천광역시 남동구 논현동,중상사고,0,1,0,0,차대사람 - 차도통행중,안전운전불이행,습기,비,단일로 - 기타,승용,남,39세,상해없음,보행자,여,66세,중상
2015012600100120,2015년 1월 26일 08시,월요일,인천광역시 남동구 구월동,경상사고,0,0,1,0,차대차 - 추돌 - 주정차중,안전거리미확보,건조,맑음,단일로 - 기타,승용,남,55세,상해없음,승용,여,42세,경상
2015012600100144,2015년 1월 26일 09시,월요일,인천광역시 부평구 갈산동,경상사고,0,0,2,0,차대차 - 측면직각충돌,차로위반,건조,맑음,교차로 - 교차로부근,승용,남,55세,상해없음,승용,여,57세,경상
2015012600100175,2015년 1월 26일 10시,월요일,인천광역시 계양구 계산동,경상사고,0,0,1,0,차대차 - 추돌 - 주정차중,안전운전불이행,건조,맑음,단일로 - 기타,승합,남,45세,상해없음,승용,남,59세,경상
2015012600100176,2015년 1월 26일 10시,월요일,인천광역시 강화군 강화읍,중상사고,0,2,0,0,차대차 - 추돌 - 진행중,안전운전불이행,건조,맑음,단일로 - 기타,화물,남,73세,상해없음,승합,남,34세,중상
2015012600100205,2015년 1월 26일 11시,월요일,인천광역시 부평구 부평동,경상사고,0,0,1,0,차대사람 - 기타,불법유턴,건조,맑음,단일로 - 기타,승용,남,45세,기타불명,보행자,남,73세,경상
2015012600100231,2015년 1월 26일 12시,월요일,인천광역시 계양구 동양동,중상사고,0,1,0,0,차대사람 - 기타,기타,건조,맑음,단일로 - 기타,승용,남,31세,상해없음,보행자,여,74세,중상
2015012600100256,2015년 1월 26일 13시,월요일,인천광역시 서구 심곡동,중상사고,0,1,0,0,차대사람 - 횡단중,안전운전불이행,건조,맑음,단일로 - 기타,승합,남,54세,기타불명,보행자,여,78세,중상
2015012600100286,2015년 1월 26일 14시,월요일,인천광역시 서구 심곡동,중상사고,0,1,0,0,차대사람 - 횡단중,보행자보호의무위반,건조,맑음,단일로 - 기타,화물,남,70세,상해없음,보행자,여,50세,중상
2015012600100315,2015년 1월 26일 15시,월요일,인천광역시 서구 연희동,경상사고,0,0,1,0,차대차 - 추돌 - 주정차중,안전운전불이행,건조,맑음,단일로 - 기타,화물,여,44세,상해없음,승용,남,55세,경상
2015012600100316,2015년 1월 26일 15시,월요일,인천광역시 연수구 동춘동,경상사고,0,0,1,0,차대사람 - 기타,안전운전불이행,건조,맑음,단일로 - 기타,승용,남,45세,상해없음,보행자,여,7세,경상
2015012600100369,2015년 1월 26일 17시,월요일,인천광역시 동구 송현동,중상사고,0,1,1,0,차대차 - 추돌 - 진행중,안전거리미확보,건조,맑음,교차로 - 교차로부근,승용,남,50세,상해없음,승용,남,46세,중상
2015012600100370,2015년 1월 26일 17시,월요일,인천광역시 남동구 구월동,중상사고,0,1,0,0,차량단독 - 기타,안전운전불이행,건조,맑음,단일로 - 기타,승합,남,57세,기타불명,,,,
2015012600100371,2015년 1월 26일 17시,월요일,인천광역시 계양구 서운동,경상사고,0,0,4,0,차대차 - 기타,신호위반,건조,맑음,교차로 - 교차로안,승합,남,52세,상해없음,승용,남,56세,경상
2015012600100433,2015년 1월 26일 18시,월요일,인천광역시 남구 주안동,부상신고사고,0,0,0,1,차대사람 - 기타,안전운전불이행,건조,맑음,단일로 - 기타,화물,남,35세,상해없음,보행자,남,57세,부상신고
2015012600100434,2015년 1월 26일 18시,월요일,인천광역시 남동구 도림동,경상사고,0,0,1,0,차대차 - 측면직각충돌,안전운전불이행,건조,맑음,교차로 - 교차로안,승용,남,46세,상해없음,승용,남,35세,경상
2015012600100486,2015년 1월 26일 20시,월요일,인천광역시 부평구 산곡동,중상사고,0,1,0,0,차대사람 - 횡단중,안전운전불이행,건조,맑음,단일로 - 횡단보도상,승용,남,49세,상해없음,보행자,여,22세,중상
2015012600100510,2015년 1월 26일 21시,월요일,인천광역시 서구 가좌동,경상사고,0,0,1,0,차대사람 - 횡단중,안전운전불이행,건조,맑음,단일로 - 기타,승용,기타불명,기타불명,기타불명,보행자,남,44세,경상
2015012600100531,2015년 1월 26일 22시,월요일,인천광역시 남구 숭의동,경상사고,0,0,1,0,차대차 - 추돌 - 주정차중,안전거리미확보,건조,맑음,단일로 - 기타,승용,남,46세,상해없음,승용,남,47세,경상
2015012700100055,2015년 1월 27일 05시,화요일,인천광역시 중구 항동7가,중상사고,0,1,0,0,차대차 - 정면충돌,중앙선침범,건조,맑음,단일로 - 기타,승용,남,48세,상해없음,화물,남,48세,중상
2015012700100069,2015년 1월 27일 06시,화요일,인천광역시 부평구 부평동,중상사고,0,1,0,0,차대사람 - 기타,안전운전불이행,건조,맑음,교차로 - 교차로안,승용,여,43세,상해없음,보행자,여,79세,중상
2015012700100090,2015년 1월 27일 07시,화요일,인천광역시 남구 용현동,경상사고,0,0,1,0,차대차 - 기타,안전거리미확보,건조,맑음,단일로 - 기타,화물,남,51세,상해없음,승용,남,45세,경상
2015012700100200,2015년 1월 27일 12시,화요일,인천광역시 중구 운서동,경상사고,0,0,4,0,차대차 - 추돌 - 진행중,안전운전불이행,건조,맑음,단일로 - 기타,승용,남,38세,상해없음,승용,여,33세,경상
2015012700100229,2015년 1월 27일 13시,화요일,인천광역시 남동구 만수동,중상사고,0,1,0,0,차대차 - 측면직각충돌,안전거리미확보,건조,맑음,단일로 - 기타,화물,남,67세,상해없음,원동기,남,32세,중상
2015012700100230,2015년 1월 27일 13시,화요일,인천광역시 계양구 계산동,중상사고,0,1,0,0,차대사람 - 차도통행중,안전운전불이행,건조,맑음,교차로 - 교차로부근,이륜,남,45세,상해없음,보행자,남,65세,중상
2015012700100257,2015년 1월 27일 14시,화요일,인천광역시 연수구 청학동,경상사고,0,0,1,0,차대사람 - 기타,안전운전불이행,건조,맑음,단일로 - 기타,승용,여,45세,상해없음,보행자,여,17세,경상
2015012700100288,2015년 1월 27일 15시,화요일,인천광역시 서구 연희동,부상신고사고,0,0,0,1,차대차 - 측면직각충돌,안전운전불이행,건조,맑음,교차로 - 교차로부근,승용,기타불명,기타불명,기타불명,자전거,남,12세,부상신고
2015012700100289,2015년 1월 27일 15시,화요일,인천광역시 부평구 갈산동,경상사고,0,0,2,0,차대사람 - 횡단중,신호위반,건조,맑음,단일로 - 횡단보도상,승용,남,62세,상해없음,보행자,여,67세,경상
2015012700100350,2015년 1월 27일 17시,화요일,인천광역시 남동구 만수동,경상사고,0,0,1,0,차대차 - 측면직각충돌,안전운전불이행,건조,맑음,단일로 - 기타,화물,남,66세,상해없음,자전거,남,46세,경상
2015012700100397,2015년 1월 27일 18시,화요일,인천광역시 부평구 십정동,부상신고사고,0,0,0,1,차대차 - 기타,안전거리미확보,건조,맑음,단일로 - 기타,승용,여,49세,상해없음,승용,여,60세,부상신고
2015012700100433,2015년 1월 27일 19시,화요일,인천광역시 계양구 계산동,중상사고,0,1,0,0,차대사람 - 기타,안전운전불이행,건조,맑음,교차로 - 교차로부근,승용,남,47세,상해없음,보행자,여,59세,중상
2015012700100462,2015년 1월 27일 20시,화요일,인천광역시 남구 용현동,경상사고,0,0,1,0,차대사람 - 차도통행중,안전운전불이행,건조,맑음,미분류 - 미분류,승용,남,56세,상해없음,보행자,남,59세,경상
2015012700100463,2015년 1월 27일 20시,화요일,인천광역시 부평구 부개동,중상사고,0,1,0,0,차대차 - 추돌 - 진행중,안전운전불이행,건조,맑음,단일로 - 기타,승용,남,50세,상해없음,승용,남,65세,중상
2015012700100522,2015년 1월 27일 23시,화요일,인천광역시 부평구 부평동,부상신고사고,0,0,0,1,차대사람 - 기타,안전운전불이행,건조,맑음,단일로 - 기타,승용,남,55세,상해없음,보행자,여,21세,부상신고
2015012800100013,2015년 1월 28일 00시,수요일,인천광역시 부평구 십정동,경상사고,0,0,1,0,차대차 - 기타,신호위반,건조,맑음,단일로 - 횡단보도상,승용,남,28세,상해없음,승용,남,57세,상해없음
2015012800100048,2015년 1월 28일 05시,수요일,인천광역시 연수구 선학동,경상사고,0,0,2,0,차대차 - 기타,안전운전불이행,건조,맑음,단일로 - 기타,승용,남,48세,상해없음,승용,남,23세,경상
2015012800100112,2015년 1월 28일 08시,수요일,인천광역시 남동구 간석동,경상사고,0,0,1,0,차대차 - 측면직각충돌,안전운전불이행,건조,맑음,교차로 - 교차로안,승용,남,25세,상해없음,승용,남,70세,경상
2015012800100113,2015년 1월 28일 08시,수요일,인천광역시 계양구 계산동,중상사고,0,1,0,0,차대사람 - 차도통행중,안전운전불이행,건조,맑음,교차로 - 교차로안,승용,남,25세,상해없음,보행자,여,83세,중상
2015012800100125,2015년 1월 28일 09시,수요일,인천광역시 부평구 부평동,중상사고,0,2,0,1,차대차 - 기타,신호위반,건조,맑음,교차로 - 교차로안,승용,남,63세,부상신고,승용,남,41세,상해없음
2015012800100144,2015년 1월 28일 10시,수요일,인천광역시 부평구 부개동,중상사고,0,1,0,0,차대사람 - 횡단중,안전운전불이행,건조,맑음,단일로 - 횡단보도상,승용,여,53세,상해없음,보행자,여,38세,중상
2015012800100168,2015년 1월 28일 11시,수요일,인천광역시 강화군 내가면,경상사고,0,0,1,0,차대차 - 측면직각충돌,안전운전불이행,건조,맑음,교차로 - 교차로안,승용,기타불명,기타불명,기타불명,승용,여,69세,경상
2015012800100191,2015년 1월 28일 12시,수요일,인천광역시 남구 학익동,경상사고,0,0,1,0,차대사람 - 횡단중,보행자보호의무위반,건조,맑음,교차로 - 교차로부근,화물,남,52세,상해없음,보행자,남,42세,경상
2015012800100192,2015년 1월 28일 12시,수요일,인천광역시 남구 숭의동,경상사고,0,0,1,0,차대차 - 측면직각충돌,중앙선침범,건조,맑음,단일로 - 기타,승용,남,24세,상해없음,승용,여,41세,경상
2015012800100193,2015년 1월 28일 12시,수요일,인천광역시 남동구 간석동,경상사고,0,0,1,0,차대차 - 측면직각충돌,안전운전불이행,건조,맑음,단일로 - 기타,승용,남,38세,상해없음,원동기,남,61세,경상
2015012800100236,2015년 1월 28일 14시,수요일,인천광역시 서구 가정동,중상사고,0,2,1,0,차대차 - 측면직각충돌,신호위반,건조,맑음,교차로 - 교차로안,승용,남,69세,상해없음,승용,여,33세,중상
2015012800100285,2015년 1월 28일 16시,수요일,인천광역시 부평구 산곡동,중상사고,0,1,0,0,차대사람 - 기타,안전운전불이행,건조,맑음,단일로 - 기타,기타불명,기타불명,기타불명,기타불명,보행자,남,48세,중상
2015012800100286,2015년 1월 28일 16시,수요일,인천광역시 연수구 옥련동,중상사고,0,1,1,0,차대차 - 기타,안전운전불이행,건조,맑음,단일로 - 기타,승용,남,27세,중상,화물,남,50세,경상
2015012800100316,2015년 1월 28일 17시,수요일,인천광역시 부평구 부평동,부상신고사고,0,0,0,1,차대차 - 측면직각충돌,교차로운행방법위반,건조,맑음,교차로 - 교차로안,이륜,남,21세,부상신고,승용,여,33세,상해없음
2015012800100355,2015년 1월 28일 18시,수요일,인천광역시 부평구 갈산동,중상사고,0,1,0,0,차대차 - 추돌 - 주정차중,안전운전불이행,건조,맑음,교차로 - 교차로부근,승용,남,54세,상해없음,승용,여,43세,중상
2015012800100385,2015년 1월 28일 19시,수요일,인천광역시 남동구 논현동,경상사고,0,0,1,0,차대차 - 기타,안전운전불이행,건조,맑음,단일로 - 기타,자전거,여,55세,경상,승용,남,50세,상해없음
2015012800100438,2015년 1월 28일 21시,수요일,인천광역시 부평구 부평동,중상사고,0,2,3,0,차대차 - 정면충돌,중앙선침범,건조,맑음,교차로 - 교차로부근,승용,남,30세,상해없음,승용,여,39세,경상
2015012800100439,2015년 1월 28일 21시,수요일,인천광역시 서구 왕길동,경상사고,0,0,3,0,차대차 - 측면직각충돌,안전운전불이행,건조,맑음,교차로 - 교차로안,승용,여,28세,상해없음,승용,남,41세,경상
2015012900100058,2015년 1월 29일 05시,목요일,인천광역시 남동구 간석동,중상사고,0,1,0,0,차대차 - 기타,안전운전불이행,건조,맑음,단일로 - 기타,승용,남,38세,중상,승용,남,41세,상해없음
2015012900100122,2015년 1월 29일 08시,목요일,인천광역시 남동구 만수동,중상사고,0,1,1,0,차대차 - 추돌 - 진행중,신호위반,건조,맑음,교차로 - 교차로안,화물,남,64세,상해없음,승용,여,46세,경상
2015012900100142,2015년 1월 29일 09시,목요일,인천광역시 서구 경서동,경상사고,0,0,6,0,차대차 - 측면직각충돌,안전운전불이행,건조,맑음,단일로 - 기타,승용,남,52세,상해없음,승합,남,52세,경상
2015012900100160,2015년 1월 29일 10시,목요일,인천광역시 부평구 산곡동,경상사고,0,0,1,0,차대사람 - 기타,안전운전불이행,건조,맑음,교차로 - 교차로안,승용,기타불명,기타불명,기타불명,보행자,여,20세,경상
2015012900100161,2015년 1월 29일 10시,목요일,인천광역시 남동구 간석동,중상사고,0,2,0,0,차대차 - 측면직각충돌,교차로운행방법위반,건조,맑음,교차로 - 교차로안,승용,남,28세,상해없음,이륜,남,29세,중상
2015012900100206,2015년 1월 29일 12시,목요일,인천광역시 부평구 부평동,경상사고,0,0,1,0,차대차 - 기타,신호위반,건조,맑음,단일로 - 기타,화물,남,49세,상해없음,자전거,남,49세,경상
2015012900100265,2015년 1월 29일 14시,목요일,인천광역시 남동구 구월동,경상사고,0,0,1,0,차대사람 - 보도통행중,신호위반,건조,맑음,단일로 - 기타,승용,남,56세,상해없음,보행자,여,7세,경상
2015012900100302,2015년 1월 29일 15시,목요일,인천광역시 남구 숭의동,중상사고,0,1,0,0,차대차 - 측면직각충돌,안전운전불이행,건조,맑음,단일로 - 기타,승용,남,55세,상해없음,승합,남,35세,상해없음
2015012900100326,2015년 1월 29일 16시,목요일,인천광역시 계양구 계산동,경상사고,0,0,1,0,차량단독 - 기타,기타,건조,맑음,단일로 - 기타,승합,남,39세,상해없음,,,,
2015012900100364,2015년 1월 29일 17시,목요일,인천광역시 남구 학익동,경상사고,0,0,2,0,차대차 - 추돌 - 진행중,안전거리미확보,건조,맑음,단일로 - 기타,승용,여,47세,상해없음,화물,남,56세,경상
2015012900100405,2015년 1월 29일 18시,목요일,인천광역시 계양구 계산동,경상사고,0,0,1,0,차대차 - 기타,기타,건조,맑음,교차로 - 교차로안,승용,남,60세,기타불명,승용,남,35세,경상
2015012900100479,2015년 1월 29일 20시,목요일,인천광역시 서구 경서동,중상사고,0,1,0,0,차대사람 - 보도통행중,보행자보호의무위반,건조,맑음,단일로 - 기타,승합,남,30세,상해없음,보행자,여,25세,중상
2015012900100535,2015년 1월 29일 22시,목요일,인천광역시 남구 주안동,경상사고,0,0,2,0,차대사람 - 횡단중,신호위반,건조,맑음,단일로 - 횡단보도상,승용,남,23세,상해없음,보행자,남,37세,경상
2015012900100536,2015년 1월 29일 22시,목요일,인천광역시 부평구 산곡동,경상사고,0,0,1,0,차대차 - 기타,안전운전불이행,건조,맑음,교차로 - 교차로부근,원동기,남,15세,상해없음,원동기,남,22세,경상
2015012900100537,2015년 1월 29일 22시,목요일,인천광역시 연수구 선학동,경상사고,0,0,2,0,차대차 - 추돌 - 주정차중,안전운전불이행,건조,맑음,교차로 - 교차로부근,승용,남,27세,상해없음,승용,여,59세,경상
2015012900100569,2015년 1월 29일 23시,목요일,인천광역시 연수구 선학동,경상사고,0,0,3,1,차대차 - 추돌 - 진행중,안전운전불이행,건조,맑음,단일로 - 기타,승용,남,47세,부상신고,승용,남,44세,경상
2015013000100049,2015년 1월 30일 02시,금요일,인천광역시 계양구 작전동,경상사고,0,0,2,0,차대차 - 측면직각충돌,신호위반,건조,맑음,교차로 - 교차로안,승용,남,31세,상해없음,승용,여,49세,경상
2015013000100057,2015년 1월 30일 03시,금요일,인천광역시 연수구 동춘동,경상사고,0,0,2,0,차대차 - 추돌 - 주정차중,안전운전불이행,건조,맑음,교차로 - 교차로부근,승용,남,31세,상해없음,승용,남,47세,상해없음
2015013000100084,2015년 1월 30일 05시,금요일,인천광역시 서구 백석동,중상사고,0,1,0,0,차대사람 - 횡단중,안전운전불이행,건조,맑음,단일로 - 기타,승용,남,40세,상해없음,보행자,남,56세,중상
2015013000100099,2015년 1월 30일 06시,금요일,인천광역시 부평구 십정동,중상사고,0,1,0,0,차대사람 - 기타,안전운전불이행,건조,맑음,단일로 - 기타,승용,남,58세,상해없음,보행자,남,51세,중상
2015013000100149,2015년 1월 30일 08시,금요일,인천광역시 계양구 귤현동,경상사고,0,0,2,0,차대차 - 추돌 - 진행중,안전운전불이행,습기,흐림,단일로 - 교량,승용,남,26세,상해없음,승합,남,67세,경상
2015013000100150,2015년 1월 30일 08시,금요일,인천광역시 연수구 선학동,중상사고,0,1,1,0,차량단독 - 전도전복,안전운전불이행,건조,맑음,미분류 - 미분류,승용,남,19세,상해없음,,,,
2015013000100236,2015년 1월 30일 11시,금요일,인천광역시 남구 도화동,경상사고,0,0,1,0,차대차 - 추돌 - 주정차중,안전운전불이행,건조,맑음,기타 - 기타,승용,남,61세,상해없음,승용,여,31세,경상
2015013000100237,2015년 1월 30일 11시,금요일,인천광역시 남동구 간석동,경상사고,0,0,1,0,차대차 - 추돌 - 주정차중,안전운전불이행,건조,맑음,교차로 - 교차로부근,승용,남,59세,상해없음,승용,남,34세,경상
2015013000100238,2015년 1월 30일 11시,금요일,인천광역시 연수구 동춘동,경상사고,0,0,1,0,차대차 - 측면직각충돌,안전운전불이행,건조,맑음,기타 - 기타,승용,남,40세,상해없음,승용,여,43세,경상
2015013000100256,2015년 1월 30일 12시,금요일,인천광역시 계양구 상야동,경상사고,0,0,7,0,차대차 - 추돌 - 진행중,안전거리미확보,건조,맑음,단일로 - 기타,건설기계,남,58세,상해없음,승합,남,51세,경상
2015013000100274,2015년 1월 30일 13시,금요일,인천광역시 중구 신흥동1가,경상사고,0,0,1,0,차대차 - 추돌 - 주정차중,안전운전불이행,건조,맑음,단일로 - 기타,승용,남,61세,상해없음,승용,남,62세,경상
2015013000100487,2015년 1월 30일 19시,금요일,인천광역시 남구 도화동,중상사고,0,1,0,0,차대사람 - 횡단중,안전운전불이행,건조,맑음,단일로 - 기타,승용,남,58세,상해없음,보행자,남,60세,중상
2015013000100488,2015년 1월 30일 19시,금요일,인천광역시 부평구 십정동,경상사고,0,0,1,0,차대차 - 기타,안전운전불이행,건조,맑음,교차로 - 교차로안,기타불명,기타불명,기타불명,기타불명,승용,여,53세,경상