사고번호,사고일시,요일,시군구,사고내용,사망자수,중상자수,경상자수,부상신고자수,사고유형,법규위반,노면상태,기상상태,도로형태,가해운전자 차종,가해운전자 성별,가해운전자 연령,가해운전자 상해정도,피해운전자 차종,피해운전자 성별,피해운전자 연령,피해운전자 상해정도
2015020600100098,2015년 2월 6일 07시,금요일,인천광역시 부평구 부평동,경상사고,0,0,1,0,차대차 - 추돌 - 진행중,안전거리미확보,건조,맑음,단일로 - 기타,승용,기타불명,기타불명,기타불명,승용,여,30세,경상
2015020600100099,2015년 2월 6일 07시,금요일,인천광역시 남동구 장수동,경상사고,0,0,1,0,차대차 - 추돌 - 진행중,안전운전불이행,건조,맑음,단일로 - 기타,승용,남,63세,상해없음,승용,남,23세,경상
2015020600100137,2015년 2월 6일 08시,금요일,인천광역시 남구 도화동,중상사고,0,1,0,0,차대사람 - 기타,신호위반,건조,맑음,단일로 - 횡단보도상,원동기,남,69세,상해없음,보행자,여,46세,중상
2015020600100170,2015년 2월 6일 09시,금요일,인천광역시 서구 가좌동,중상사고,0,2,5,0,차대차 - 측면직각충돌,안전운전불이행,건조,맑음,단일로 - 기타,승합,남,73세,경상,승합,남,50세,상해없음
2015020600100219,2015년 2월 6일 11시,금요일,인천광역시 계양구 계산동,경상사고,0,0,2,0,차대사람 - 횡단중,신호위반,건조,맑음,단일로 - 횡단보도상,승용,여,52세,상해없음,보행자,여,16세,경상
2015020600100246,2015년 2월 6일 12시,금요일,인천광역시 남동구 만수동,경상사고,0,0,4,0,차대차 - 측면직각충돌,안전거리미확보,건조,맑음,단일로 - 기타,승용,여,63세,경상,승합,남,62세,상해없음
2015020600100268,2015년 2월 6일 13시,금요일,인천광역시 남구 주안동,경상사고,0,0,2,0,차대차 - 측면직각충돌,안전거리미확보,건조,맑음,교차로 - 교차로안,승합,남,55세,상해없음,승용,남,35세,경상
2015020600100269,2015년 2월 6일 13시,금요일,인천광역시 남구 용현동,경상사고,0,0,1,0,차대사람 - 길가장자리구역통행중,안전운전불이행,건조,맑음,기타 - 기타,승용,여,50세,상해없음,보행자,남,70세,경상
2015020600100270,2015년 2월 6일 13시,금요일,인천광역시 남동구 만수동,경상사고,0,0,1,0,차대차 - 측면직각충돌,안전거리미확보,건조,맑음,단일로 - 기타,승용,남,63세,상해없음,승용,남,35세,경상
2015020600100271,2015년 2월 6일 13시,금요일,인천광역시 남동구 논현동,경상사고,0,0,1,0,차대차 - 기타,차로위반,건조,맑음,단일로 - 기타,승용,남,54세,상해없음,승용,남,22세,경상
2015020600100272,2015년 2월 6일 13시,금요일,인천광역시 강화군 강화읍,중상사고,0,2,0,0,차량단독 - 전도전복,안전운전불이행,건조,맑음,교차로 - 교차로부근,승용,여,59세,상해없음,,,,
2015020600100273,2015년 2월 6일 13시,금요일,인천광역시 연수구 연수동,경상사고,0,0,1,0,차대차 - 측면직각충돌,안전거리미확보,건조,맑음,단일로 - 기타,승용,남,64세,상해없음,화물,남,66세,경상
2015020600100365,2015년 2월 6일 16시,금요일,인천광역시 부평구 부평동,중상사고,0,1,0,0,차대차 - 측면직각충돌,안전운전불이행,건조,맑음,단일로 - 기타,승용,여,39세,상해없음,이륜,남,72세,중상
2015020600100397,2015년 2월 6일 17시,금요일,인천광역시 남구 주안동,경상사고,0,0,2,0,차대차 - 추돌 - 진행중,안전운전불이행,건조,맑음,단일로 - 기타,승용,남,58세,상해없음,화물,남,36세,경상
2015020600100398,2015년 2월 6일 17시,금요일,인천광역시 남동구 구월동,경상사고,0,0,1,0,차대사람 - 보도통행중,안전운전불이행,건조,맑음,단일로 - 기타,승용,기타불명,기타불명,기타불명,보행자,남,69세,경상
2015020600100490,2015년 2월 6일 19시,금요일,인천광역시 부평구 십정동,경상사고,0,0,1,0,차대차 - 측면직각충돌,안전거리미확보,건조,맑음,교차로 - 교차로안,승합,남,42세,상해없음,승용,남,55세,상해없음
2015020600100522,2015년 2월 6일 20시,금요일,인천광역시 서구 가정동,중상사고,0,1,3,0,차대차 - 추돌 - 주정차중,안전운전불이행,건조,맑음,교차로 - 교차로부근,승용,남,24세,상해없음,승용,남,67세,중상
2015020600100523,2015년 2월 6일 20시,금요일,인천광역시 연수구 연수동,경상사고,0,0,1,0,차대사람 - 기타,안전운전불이행,건조,맑음,단일로 - 기타,승용,남,54세,상해없음,보행자,남,9세,경상
2015020600100524,2015년 2월 6일 20시,금요일,인천광역시 연수구 송도동,경상사고,0,0,1,0,차대사람 - 횡단중,안전운전불이행,건조,맑음,단일로 - 기타,승용,여,39세,상해없음,보행자,남,45세,경상
2015020600100613,2015년 2월 6일 23시,금요일,인천광역시 중구 중산동,경상사고,0,0,2,0,차대차 - 추돌 - 주정차중,안전운전불이행,건조,맑음,교차로 - 교차로부근,승용,남,32세,상해없음,화물,남,37세,경상
2015020700100018,2015년 2월 7일 00시,토요일,인천광역시 남구 용현동,중상사고,0,1,0,0,차대사람 - 차도통행중,안전운전불이행,건조,맑음,단일로 - 기타,승용,남,63세,상해없음,보행자,남,40세,중상
2015020700100019,2015년 2월 7일 00시,토요일,인천광역시 부평구 부평동,중상사고,0,1,0,0,차대사람 - 길가장자리구역통행중,안전운전불이행,건조,맑음,단일로 - 기타,승용,남,38세,상해없음,보행자,남,32세,중상
2015020700100020,2015년 2월 7일 00시,토요일,인천광역시 남구 도화동,중상사고,0,1,1,0,차대차 - 추돌 - 주정차중,안전운전불이행,건조,맑음,단일로 - 횡단보도부근,승용,남,38세,상해없음,승용,남,51세,중상
2015020700100039,2015년 2월 7일 01시,토요일,인천광역시 연수구 연수동,중상사고,0,1,1,0,차대차 - 기타,신호위반,건조,맑음,교차로 - 교차로안,이륜,남,18세,중상,승용,남,56세,경상
2015020700100052,2015년 2월 7일 02시,토요일,인천광역시 부평구 청천동,경상사고,0,0,1,0,차대사람 - 기타,안전운전불이행,건조,맑음,단일로 - 횡단보도상,승용,남,65세,상해없음,보행자,남,33세,경상
2015020700100053,2015년 2월 7일 02시,토요일,인천광역시 남동구 장수동,경상사고,0,0,1,0,차대차 - 측면직각충돌,안전운전불이행,건조,맑음,미분류 - 미분류,승용,남,29세,상해없음,승용,남,52세,경상
2015020700100054,2015년 2월 7일 02시,토요일,인천광역시 서구 가좌동,중상사고,0,1,1,0,차대차 - 추돌 - 진행중,안전운전불이행,건조,맑음,단일로 - 기타,승용,남,38세,상해없음,승용,남,61세,중상
2015020700100075,2015년 2월 7일 04시,토요일,인천광역시 남구 주안동,경상사고,0,0,2,0,차대차 - 측면직각충돌,교차로운행방법위반,건조,맑음,교차로 - 교차로안,승용,남,25세,상해없음,승용,남,42세,상해없음
2015020700100076,2015년 2월 7일 04시,토요일,인천광역시 남구 관교동,경상사고,0,0,1,0,차대사람 - 횡단중,보행자보호의무위반,건조,맑음,교차로 - 교차로안,승용,남,63세,상해없음,보행자,남,43세,경상
2015020700100225,2015년 2월 7일 12시,토요일,인천광역시 계양구 박촌동,경상사고,0,0,1,0,차대차 - 측면직각충돌,교차로운행방법위반,건조,맑음,교차로 - 교차로안,승용,남,58세,상해없음,자전거,남,14세,경상
2015020700100251,2015년 2월 7일 13시,토요일,인천광역시 부평구 산곡동,경상사고,0,0,1,0,차대차 - 추돌 - 주정차중,안전거리미확보,건조,맑음,교차로 - 교차로부근,승용,남,37세,상해없음,승용,남,66세,경상
2015020700100284,2015년 2월 7일 14시,토요일,인천광역시 부평구 청천동,중상사고,0,1,0,0,차대사람 - 횡단중,보행자보호의무위반,건조,맑음,교차로 - 교차로안,승합,남,44세,상해없음,보행자,여,79세,중상
2015020700100310,2015년 2월 7일 15시,토요일,인천광역시 서구 신현동,경상사고,0,0,1,0,차대사람 - 길가장자리구역통행중,안전운전불이행,건조,흐림,단일로 - 횡단보도부근,승용,여,65세,상해없음,보행자,남,39세,경상
2015020700100311,2015년 2월 7일 15시,토요일,인천광역시 부평구 부평동,경상사고,0,0,1,0,차대사람 - 기타,안전운전불이행,건조,맑음,단일로 - 기타,승용,남,27세,상해없음,보행자,남,23세,경상
2015020700100331,2015년 2월 7일 16시,토요일,인천광역시 계양구 동양동,경상사고,0,0,1,0,차대사람 - 기타,안전운전불이행,건조,맑음,단일로 - 기타,승용,남,42세,상해없음,보행자,남,10세,경상
2015020700100332,2015년 2월 7일 16시,토요일,인천광역시 계양구 임학동,경상사고,0,0,1,0,차대사람 - 기타,기타,건조,맑음,단일로 - 기타,승용,남,54세,상해없음,보행자,여,9세,경상
2015020700100333,2015년 2월 7일 16시,토요일,인천광역시 연수구 청학동,경상사고,0,0,3,2,차대차 - 추돌 - 주정차중,안전운전불이행,건조,흐림,단일로 - 기타,승용,남,20세,상해없음,승용,남,34세,경상
2015020700100334,2015년 2월 7일 16시,토요일,인천광역시 부평구 삼산동,경상사고,0,0,2,0,차대차 - 측면직각충돌,교차로운행방법위반,건조,맑음,교차로 - 교차로안,승용,여,43세,상해없음,승합,남,48세,경상
2015020700100356,2015년 2월 7일 17시,토요일,인천광역시 남동구 논현동,경상사고,0,0,1,0,차대차 - 측면직각충돌,신호위반,건조,맑음,교차로 - 교차로안,승용,여,52세,상해없음,승용,남,62세,경상
2015020700100390,2015년 2월 7일 18시,토요일,인천광역시 남동구 구월동,경상사고,0,0,1,0,차대차 - 측면직각충돌,안전운전불이행,건조,맑음,단일로 - 기타,이륜,남,50세,경상,승용,남,66세,상해없음
2015020700100391,2015년 2월 7일 18시,토요일,인천광역시 남동구 구월동,경상사고,0,0,1,0,차대차 - 측면직각충돌,안전거리미확보,건조,맑음,단일로 - 기타,승용,남,57세,상해없음,승용,남,32세,경상
2015020700100434,2015년 2월 7일 19시,토요일,인천광역시 남동구 논현동,경상사고,0,0,1,0,차대사람 - 횡단중,안전운전불이행,건조,맑음,단일로 - 횡단보도상,승용,기타불명,기타불명,기타불명,보행자,남,27세,경상
2015020700100458,2015년 2월 7일 20시,토요일,인천광역시 남구 용현동,경상사고,0,0,5,0,차대차 - 추돌 - 진행중,안전거리미확보,건조,맑음,교차로 - 교차로부근,승용,남,52세,상해없음,승용,남,45세,경상
2015020700100459,2015년 2월 7일 20시,토요일,인천광역시 연수구 송도동,경상사고,0,0,4,0,차대차 - 추돌 - 주정차중,안전운전불이행,건조,맑음,교차로 - 교차로부근,승용,남,57세,상해없음,승용,여,40세,경상
2015020700100488,2015년 2월 7일 21시,토요일,인천광역시 부평구 청천동,중상사고,0,1,0,0,차대차 - 측면직각충돌,안전운전불이행,건조,맑음,단일로 - 기타,승용,남,32세,상해없음,이륜,남,17세,중상
2015020700100489,2015년 2월 7일 21시,토요일,인천광역시 부평구 삼산동,경상사고,0,0,1,0,차대차 - 추돌 - 진행중,안전운전불이행,건조,맑음,단일로 - 기타,승용,여,40세,상해없음,승용,남,63세,경상
2015020700100516,2015년 2월 7일 22시,토요일,인천광역시 남구 숭의동,부상신고사고,0,0,0,1,차대사람 - 보도통행중,안전운전불이행,건조,맑음,단일로 - 기타,이륜,남,16세,상해없음,보행자,남,47세,부상신고
2015020700100537,2015년 2월 7일 23시,토요일,인천광역시 서구 가정동,경상사고,0,0,1,0,차대차 - 측면직각충돌,신호위반,건조,맑음,교차로 - 교차로안,화물,남,43세,상해없음,승합,남,34세,경상
2015020800100040,2015년 2월 8일 01시,일요일,인천광역시 남동구 만수동,경상사고,0,0,1,0,차대차 - 측면직각충돌,안전거리미확보,건조,맑음,단일로 - 기타,승용,남,58세,상해없음,이륜,남,27세,경상
2015020800100057,2015년 2월 8일 02시,일요일,인천광역시 서구 공촌동,중상사고,0,2,2,0,차대차 - 측면직각충돌,신호위반,건조,맑음,교차로 - 교차로안,승용,남,56세,경상,승용,남,37세,중상
2015020800100073,2015년 2월 8일 04시,일요일,인천광역시 연수구 옥련동,경상사고,0,0,2,0,차대차 - 기타,안전운전불이행,건조,맑음,단일로 - 기타,승용,남,22세,상해없음,승용,남,27세,경상
2015020800100097,2015년 2월 8일 06시,일요일,인천광역시 계양구 계산동,중상사고,0,1,1,0,차대차 - 추돌 - 진행중,안전운전불이행,건조,맑음,단일로 - 기타,승합,남,49세,상해없음,화물,남,52세,중상
2015020800100114,2015년 2월 8일 08시,일요일,인천광역시 남동구 구월동,경상사고,0,0,1,0,차대차 - 추돌 - 주정차중,안전운전불이행,건조,맑음,단일로 - 기타,승용,여,42세,경상,화물,남,71세,상해없음
2015020800100123,2015년 2월 8일 09시,일요일,인천광역시 서구 가좌동,경상사고,0,0,1,0,차량단독 - 공작물충돌,기타,건조,맑음,단일로 - 기타,승합,남,56세,상해없음,,,,
2015020800100148,2015년 2월 8일 10시,일요일,인천광역시 남구 학익동,중상사고,0,2,2,0,차대차 - 측면직각충돌,신호위반,건조,맑음,교차로 - 교차로안,승용,남,49세,상해없음,승용,여,33세,중상
2015020800100149,2015년 2월 8일 10시,일요일,인천광역시 계양구 작전동,중상사고,0,2,3,0,차대차 - 측면직각충돌,신호위반,건조,맑음,교차로 - 교차로안,화물,남,62세,상해없음,승용,남,44세,중상
2015020800100241,2015년 2월 8일 14시,일요일,인천광역시 서구 가좌동,중상사고,0,2,1,0,차대차 - 측면직각충돌,신호위반,건조,맑음,교차로 - 교차로안,승용,남,57세,상해없음,승용,남,34세,중상
2015020800100268,2015년 2월 8일 15시,일요일,인천광역시 남동구 간석동,경상사고,0,0,2,0,차대차 - 추돌 - 진행중,안전운전불이행,건조,맑음,단일로 - 기타,승용,남,62세,상해없음,승용,남,23세,경상
2015020800100287,2015년 2월 8일 16시,일요일,인천광역시 동구 송림동,경상사고,0,0,1,0,차대차 - 기타,안전운전불이행,건조,맑음,교차로 - 교차로안,승용,여,57세,상해없음,승용,남,24세,경상
2015020800100288,2015년 2월 8일 16시,일요일,인천광역시 남동구 간석동,중상사고,0,1,0,0,차대사람 - 보도통행중,보행자보호의무위반,건조,맑음,단일로 - 횡단보도상,화물,남,63세,상해없음,보행자,남,79세,중상
2015020800100289,2015년 2월 8일 16시,일요일,인천광역시 서구 심곡동,중상사고,0,1,0,0,차대차 - 측면직각충돌,신호위반,건조,맑음,교차로 - 교차로안,승합,남,32세,상해없음,승용,여,48세,중상
2015020800100348,2015년 2월 8일 18시,일요일,인천광역시 부평구 십정동,경상사고,0,0,1,0,차량단독 - 기타,안전운전불이행,건조,맑음,단일로 - 기타,승합,남,53세,상해없음,,,,
2015020800100413,2015년 2월 8일 20시,일요일,인천광역시 남동구 만수동,경상사고,0,0,1,0,차량단독 - 기타,안전운전불이행,건조,맑음,단일로 - 기타,이륜,남,29세,경상,,,,
2015020800100414,2015년 2월 8일 20시,일요일,인천광역시 계양구 용종동,중상사고,0,1,0,0,차대차 - 측면직각충돌,신호위반,건조,맑음,교차로 - 교차로안,이륜,남,38세,상해없음,이륜,남,20세,중상
2015020800100415,2015년 2월 8일 20시,일요일,인천광역시 연수구 선학동,중상사고,0,1,0,0,차대차 - 측면직각충돌,중앙선침범,건조,맑음,단일로 - 기타,승용,남,56세,상해없음,이륜,남,30세,중상
2015020800100441,2015년 2월 8일 21시,일요일,인천광역시 남동구 구월동,중상사고,0,2,0,0,차대사람 - 횡단중,안전운전불이행,건조,맑음,단일로 - 기타,화물,남,48세,상해없음,보행자,여,49세,중상
2015020800100442,2015년 2월 8일 21시,일요일,인천광역시 계양구 용종동,경상사고,0,0,1,0,차대차 - 추돌 - 진행중,안전거리미확보,건조,맑음,교차로 - 교차로부근,화물,남,35세,상해없음,승용,여,51세,경상
2015020800100443,2015년 2월 8일 21시,일요일,인천광역시 계양구 용종동,경상사고,0,0,1,0,차대차 - 추돌 - 진행중,안전거리미확보,건조,맑음,교차로 - 교차로안,승용,여,28세,상해없음,승용,여,51세,경상
2015020900100014,2015년 2월 9일 01시,월요일,인천광역시 서구 오류동,경상사고,0,0,1,0,차대차 - 측면직각충돌,신호위반,건조,맑음,교차로 - 교차로안,화물,남,43세,상해없음,승합,남,52세,경상
2015020900100123,2015년 2월 9일 08시,월요일,인천광역시 연수구 동춘동,경상사고,0,0,1,0,차대차 - 추돌 - 주정차중,안전운전불이행,건조,맑음,단일로 - 터널,승용,남,55세,상해없음,승용,남,22세,경상
2015020900100178,2015년 2월 9일 10시,월요일,인천광역시 남구 주안동,경상사고,0,0,2,0,차대차 - 정면충돌,신호위반,건조,맑음,교차로 - 교차로안,이륜,남,15세,상해없음,승용,남,49세,경상
2015020900100179,2015년 2월 9일 10시,월요일,인천광역시 부평구 산곡동,경상사고,0,0,1,0,차대차 - 기타,안전운전불이행,건조,맑음,기타 - 기타,기타불명,기타불명,기타불명,기타불명,자전거,여,60세,경상
2015020900100180,2015년 2월 9일 10시,월요일,인천광역시 계양구 박촌동,경상사고,0,0,2,0,차대차 - 추돌 - 진행중,안전거리미확보,결빙,맑음,교차로 - 교차로부근,승용,남,46세,상해없음,승용,여,29세,경상
2015020900100200,2015년 2월 9일 11시,월요일,인천광역시 남구 도화동,경상사고,0,0,1,0,차대차 - 기타,안전운전불이행,건조,맑음,단일로 - 기타,승용,여,32세,상해없음,원동기,남,16세,경상
2015020900100201,2015년 2월 9일 11시,월요일,인천광역시 부평구 청천동,경상사고,0,0,2,0,차대차 - 기타,중앙선침범,건조,맑음,단일로 - 기타,승용,여,66세,상해없음,승용,남,64세,경상
2015020900100202,2015년 2월 9일 11시,월요일,인천광역시 남동구 구월동,경상사고,0,0,1,0,차대차 - 정면충돌,신호위반,건조,맑음,교차로 - 교차로부근,승용,여,35세,상해없음,승용,남,49세,경상
2015020900100224,2015년 2월 9일 12시,월요일,인천광역시 남동구 간석동,중상사고,0,1,0,0,차대차 - 정면충돌,중앙선침범,건조,맑음,단일로 - 기타,승용,남,31세,상해없음,승용,남,52세,중상
2015020900100285,2015년 2월 9일 14시,월요일,인천광역시 옹진군 영흥면,경상사고,0,0,2,0,차대차 - 측면직각충돌,교차로운행방법위반,건조,맑음,교차로 - 교차로안,승용,남,50세,경상,화물,남,43세,경상
2015020900100286,2015년 2월 9일 14시,월요일,인천광역시 부평구 부평동,중상사고,0,1,0,0,차대차 - 측면직각충돌,안전거리미확보,습기,눈,단일로 - 기타,승합,남,45세,상해없음,승용,남,26세,중상
2015020900100287,2015년 2월 9일 14시,월요일,인천광역시 남동구 구월동,경상사고,0,0,1,0,차대차 - 측면직각충돌,안전운전불이행,건조,맑음,교차로 - 교차로부근,승용,남,51세,상해없음,이륜,남,29세,경상
2015020900100318,2015년 2월 9일 15시,월요일,인천광역시 연수구 청학동,중상사고,0,1,0,0,차대차 - 기타,안전거리미확보,결빙,눈,단일로 - 기타,특수,남,30세,상해없음,승용,여,39세,중상
2015020900100376,2015년 2월 9일 16시,월요일,인천광역시 남구 용현동,경상사고,0,0,1,0,차대차 - 추돌 - 주정차중,안전운전불이행,습기,비,단일로 - 기타,승용,여,53세,상해없음,승용,남,30세,경상
2015020900100377,2015년 2월 9일 16시,월요일,인천광역시 남동구 운연동,경상사고,0,0,1,0,차대차 - 정면충돌,안전운전불이행,건조,맑음,단일로 - 기타,승용,여,49세,상해없음,승용,남,43세,경상
2015020900100378,2015년 2월 9일 16시,월요일,인천광역시 남동구 논현동,경상사고,0,0,1,0,차대차 - 추돌 - 주정차중,안전운전불이행,적설,눈,단일로 - 기타,승용,여,42세,상해없음,화물,남,33세,경상
2015020900100379,2015년 2월 9일 16시,월요일,인천광역시 계양구 효성동,경상사고,0,0,3,0,차대사람 - 횡단중,보행자보호의무위반,결빙,맑음,단일로 - 횡단보도상,승용,여,36세,상해없음,보행자,여,38세,경상
2015020900100491,2015년 2월 9일 18시,월요일,인천광역시 부평구 십정동,경상사고,0,0,1,0,차대사람 - 길가장자리구역통행중,안전운전불이행,건조,맑음,단일로 - 기타,승용,남,26세,상해없음,보행자,여,52세,경상
2015020900100492,2015년 2월 9일 18시,월요일,인천광역시 남동구 간석동,경상사고,0,0,1,0,차대차 - 추돌 - 진행중,안전운전불이행,건조,맑음,단일로 - 기타,승용,기타불명,기타불명,기타불명,승용,여,55세,경상
2015020900100537,2015년 2월 9일 19시,월요일,인천광역시 중구 운북동,중상사고,0,3,1,0,차대차 - 정면충돌,교차로운행방법위반,건조,맑음,교차로 - 교차로안,승용,남,61세,경상,승용,여,61세,중상
2015020900100538,2015년 2월 9일 19시,월요일,인천광역시 서구 왕길동,경상사고,0,0,1,0,차대차 - 측면직각충돌,교차로운행방법위반,건조,맑음,교차로 - 교차로안,승용,여,49세,상해없음,이륜,남,16세,경상
2015020900100539,2015년 2월 9일 19시,월요일,인천광역시 서구 가정동,경상사고,0,0,1,0,차대차 - 측면직각충돌,안전거리미확보,건조,맑음,단일로 - 기타,승용,남,28세,상해없음,승용,남,36세,경상
2015020900100540,2015년 2월 9일 19시,월요일,인천광역시 연수구 송도동,중상사고,0,1,0,0,차대사람 - 기타,안전운전불이행,습기,맑음,단일로 - 기타,승합,남,69세,상해없음,보행자,남,71세,중상
2015020900100576,2015년 2월 9일 20시,월요일,인천광역시 남동구 고잔동,중상사고,0,2,0,0,차대차 - 측면직각충돌,안전운전불이행,건조,맑음,교차로 - 교차로안,승용,남,52세,상해없음,승용,남,51세,중상
2015020900100577,2015년 2월 9일 20시,월요일,인천광역시 계양구 효성동,중상사고,0,1,0,0,차대차 - 기타,신호위반,건조,맑음,교차로 - 교차로안,승용,남,56세,상해없음,승합,남,39세,중상
2015020900100604,2015년 2월 9일 21시,월요일,인천광역시 서구 가좌동,중상사고,0,1,0,0,차대사람 - 횡단중,안전운전불이행,건조,맑음,단일로 - 기타,화물,남,40세,상해없음,보행자,여,50세,중상
2015020900100605,2015년 2월 9일 21시,월요일,인천광역시 서구 오류동,경상사고,0,0,2,0,차대차 - 측면직각충돌,신호위반,건조,맑음,교차로 - 교차로안,화물,남,51세,상해없음,승용,남,52세,경상
2015020900100627,2015년 2월 9일 22시,월요일,인천광역시 부평구 산곡동,경상사고,0,0,2,0,차대차 - 추돌 - 주정차중,안전거리미확보,건조,맑음,교차로 - 교차로부근,승용,남,58세,기타불명,승합,여,60세,상해없음
2015020900100653,2015년 2월 9일 23시,월요일,인천광역시 계양구 효성동,경상사고,0,0,1,0,차대차 - 측면직각충돌,안전운전불이행,건조,맑음,교차로 - 교차로부근,승용,남,56세,상해없음,승용,남,56세,경상
2015020900100654,2015년 2월 9일 23시,월요일,인천광역시 연수구 동춘동,중상사고,0,1,0,0,차대사람 - 기타,안전운전불이행,습기,맑음,교차로 - 교차로부근,승용,남,42세,상해없음,보행자,남,44세,중상
2015021000100014,2015년 2월 10일 00시,화요일,인천광역시 남동구 만수동,경상사고,0,0,1,0,차대차 - 추돌 - 주정차중,안전운전불이행,건조,맑음,교차로 - 교차로부근,승용,남,22세,상해없음,승용,남,28세,경상
2015021000100015,2015년 2월 10일 00시,화요일,인천광역시 남동구 구월동,경상사고,0,0,1,0,차대차 - 정면충돌,중앙선침범,건조,맑음,교차로 - 교차로부근,승용,여,29세,상해없음,승용,남,27세,경상
2015021000100025,2015년 2월 10일 01시,화요일,인천광역시 계양구 작전동,중상사고,0,3,0,0,차대차 - 정면충돌,신호위반,건조,맑음,교차로 - 교차로안,승용,남,28세,상해없음,승용,남,69세,중상
2015021000100122,2015년 2월 10일 08시,화요일,인천광역시 남동구 간석동,경상사고,0,0,1,0,차대사람 - 보도통행중,안전운전불이행,건조,맑음,단일로 - 기타,승용,남,48세,상해없음,보행자,여,26세,경상
2015021000100177,2015년 2월 10일 10시,화요일,인천광역시 중구 운서동,경상사고,0,0,2,0,차대차 - 측면직각충돌,교차로운행방법위반,건조,맑음,교차로 - 교차로안,승용,여,50세,경상,화물,남,59세,경상
2015021000100178,2015년 2월 10일 10시,화요일,인천광역시 부평구 청천동,중상사고,0,1,0,0,차대차 - 측면직각충돌,중앙선침범,건조,맑음,단일로 - 기타,승용,남,47세,상해없음,승합,남,58세,중상
2015021000100221,2015년 2월 10일 12시,화요일,인천광역시 연수구 송도동,경상사고,0,0,1,0,차대사람 - 기타,안전운전불이행,건조,맑음,단일로 - 기타,승용,남,57세,기타불명,보행자,남,59세,경상
2015021000100242,2015년 2월 10일 13시,화요일,인천광역시 남동구 고잔동,경상사고,0,0,1,0,차대차 - 측면직각충돌,안전거리미확보,건조,맑음,단일로 - 기타,건설기계,남,58세,상해없음,승용,여,32세,경상
2015021000100243,2015년 2월 10일 13시,화요일,인천광역시 서구 가좌동,경상사고,0,0,1,0,차대차 - 추돌 - 진행중,안전운전불이행,건조,맑음,교차로 - 교차로부근,승용,남,41세,상해없음,승용,남,39세,경상
2015021000100244,2015년 2월 10일 13시,화요일,인천광역시 서구 석남동,경상사고,0,0,1,0,차대차 - 추돌 - 진행중,안전운전불이행,건조,맑음,교차로 - 교차로부근,승용,여,65세,상해없음,승합,남,36세,경상
2015021000100245,2015년 2월 10일 13시,화요일,인천광역시 계양구 박촌동,중상사고,0,1,0,0,차대차 - 측면직각충돌,신호위반,건조,맑음,교차로 - 교차로안,자전거,여,40세,중상,승용,남,72세,상해없음
2015021000100335,2015년 2월 10일 16시,화요일,인천광역시 서구 검암동,경상사고,0,0,1,0,차량단독 - 공작물충돌,안전운전불이행,건조,맑음,미분류 - 미분류,승합,남,58세,상해없음,,,,
2015021000100363,2015년 2월 10일 17시,화요일,인천광역시 남구 주안동,경상사고,0,0,1,0,차대차 - 정면충돌,중앙선침범,건조,맑음,단일로 - 기타,이륜,남,53세,상해없음,승용,남,53세,경상
2015021000100399,2015년 2월 10일 18시,화요일,인천광역시 동구 창영동,경상사고,0,0,4,0,차대차 - 추돌 - 진행중,안전운전불이행,건조,맑음,단일로 - 기타,승용,남,52세,경상,승용,남,36세,상해없음
2015021000100400,2015년 2월 10일 18시,화요일,인천광역시 남동구 구월동,경상사고,0,0,1,0,차대차 - 정면충돌,교차로운행방법위반,건조,맑음,교차로 - 교차로안,승용,여,53세,상해없음,승용,남,59세,경상
2015021000100445,2015년 2월 10일 19시,화요일,인천광역시 동구 송현동,경상사고,0,0,1,0,차대사람 - 횡단중,안전운전불이행,건조,맑음,단일로 - 기타,승용,남,60세,상해없음,보행자,남,56세,경상
2015021000100476,2015년 2월 10일 20시,화요일,인천광역시 동구 송림동,경상사고,0,0,2,0,차대차 - 측면직각충돌,신호위반,건조,맑음,교차로 - 교차로안,승합,남,35세,상해없음,승용,남,23세,상해없음
2015021000100505,2015년 2월 10일 21시,화요일,인천광역시 연수구 연수동,중상사고,0,1,0,0,차대차 - 기타,안전운전불이행,건조,맑음,교차로 - 교차로안,자전거,남,58세,중상,승용,여,26세,상해없음
2015021000100550,2015년 2월 10일 22시,화요일,인천광역시 서구 가정동,부상신고사고,0,0,0,2,차대차 - 추돌 - 진행중,안전운전불이행,건조,맑음,단일로 - 기타,승용,남,20세,상해없음,승용,여,67세,부상신고
2015021000100578,2015년 2월 10일 23시,화요일,인천광역시 부평구 산곡동,경상사고,0,0,1,0,차대차 - 추돌 - 진행중,안전운전불이행,건조,맑음,단일로 - 기타,승용,남,22세,상해없음,승용,남,57세,경상
2015021000100579,2015년 2월 10일 23시,화요일,인천광역시 부평구 십정동,경상사고,0,0,1,0,차대차 - 기타,안전운전불이행,건조,맑음,단일로 - 기타,승용,여,37세,상해없음,승용,남,47세,경상
2015021100100029,2015년 2월 11일 01시,수요일,인천광역시 부평구 산곡동,경상사고,0,0,1,0,차대사람 - 기타,안전운전불이행,건조,맑음,단일로 - 기타,승용,남,56세,상해없음,보행자,남,52세,경상
2015021100100047,2015년 2월 11일 02시,수요일,인천광역시 남구 주안동,경상사고,0,0,1,0,차대차 - 측면직각충돌,안전거리미확보,건조,맑음,단일로 - 기타,승용,남,18세,상해없음,승용,남,59세,상해없음
2015021100100054,2015년 2월 11일 03시,수요일,인천광역시 연수구 청학동,사망사고,1,0,0,0,차대사람 - 기타,안전운전불이행,건조,맑음,단일로 - 기타,승합,남,49세,상해없음,보행자,남,48세,사망