사고번호,사고일시,요일,시군구,사고내용,사망자수,중상자수,경상자수,부상신고자수,사고유형,법규위반,노면상태,기상상태,도로형태,가해운전자 차종,가해운전자 성별,가해운전자 연령,가해운전자 상해정도,피해운전자 차종,피해운전자 성별,피해운전자 연령,피해운전자 상해정도
2015021100100074,2015년 2월 11일 05시,수요일,인천광역시 남동구 만수동,경상사고,0,0,1,0,차대차 - 추돌 - 주정차중,안전운전불이행,건조,맑음,교차로 - 교차로부근,승용,남,39세,상해없음,승용,남,49세,경상
2015021100100088,2015년 2월 11일 06시,수요일,인천광역시 부평구 산곡동,경상사고,0,0,1,0,차대사람 - 횡단중,신호위반,건조,맑음,단일로 - 횡단보도상,승용,남,52세,상해없음,보행자,여,56세,경상
2015021100100107,2015년 2월 11일 07시,수요일,인천광역시 남동구 구월동,중상사고,0,1,0,0,차대차 - 측면직각충돌,안전운전불이행,습기,맑음,단일로 - 기타,승용,남,51세,상해없음,원동기,남,66세,중상
2015021100100108,2015년 2월 11일 07시,수요일,인천광역시 남동구 논현동,경상사고,0,0,1,0,차대차 - 측면직각충돌,안전거리미확보,습기,비,교차로 - 교차로부근,승용,남,67세,경상,승용,남,22세,상해없음
2015021100100109,2015년 2월 11일 07시,수요일,인천광역시 서구 백석동,경상사고,0,0,2,1,차대차 - 추돌 - 주정차중,안전운전불이행,건조,맑음,단일로 - 기타,화물,남,45세,부상신고,승용,남,26세,경상
2015021100100110,2015년 2월 11일 07시,수요일,인천광역시 계양구 병방동,중상사고,0,1,0,0,차대차 - 추돌 - 진행중,안전운전불이행,건조,맑음,단일로 - 기타,승용,남,59세,상해없음,승용,남,52세,중상
2015021100100175,2015년 2월 11일 09시,수요일,인천광역시 남구 주안동,경상사고,0,0,1,0,차대차 - 측면직각충돌,신호위반,건조,맑음,교차로 - 교차로안,승용,여,39세,기타불명,승용,남,58세,경상
2015021100100176,2015년 2월 11일 09시,수요일,인천광역시 남동구 간석동,경상사고,0,0,1,0,차대차 - 추돌 - 주정차중,안전거리미확보,건조,맑음,단일로 - 기타,승용,남,59세,상해없음,승용,여,38세,경상
2015021100100177,2015년 2월 11일 09시,수요일,인천광역시 서구 경서동,사망사고,1,18,18,0,차대차 - 추돌 - 진행중,안전운전불이행,습기,안개,단일로 - 기타,승용,남,57세,중상,승용,여,55세,경상
2015021100100178,2015년 2월 11일 09시,수요일,인천광역시 서구 경서동,사망사고,1,4,19,0,차대차 - 추돌 - 진행중,안전운전불이행,습기,안개,단일로 - 교량,승용,남,27세,경상,승용,남,51세,중상
2015021100100179,2015년 2월 11일 09시,수요일,인천광역시 서구 경서동,중상사고,0,1,3,0,차대차 - 추돌 - 진행중,과속,습기,안개,단일로 - 기타,승합,남,57세,상해없음,승용,남,28세,경상
2015021100100180,2015년 2월 11일 09시,수요일,인천광역시 서구 경서동,중상사고,0,2,14,5,차대차 - 추돌 - 진행중,안전운전불이행,습기,안개,단일로 - 기타,승합,남,61세,상해없음,승합,남,47세,상해없음
2015021100100181,2015년 2월 11일 09시,수요일,인천광역시 서구 경서동,중상사고,0,7,19,1,차대차 - 추돌 - 주정차중,안전운전불이행,습기,안개,단일로 - 기타,화물,남,42세,중상,승용,남,38세,중상
2015021100100182,2015년 2월 11일 09시,수요일,인천광역시 서구 경서동,중상사고,0,11,13,3,차대차 - 추돌 - 진행중,과속,습기,안개,단일로 - 기타,승용,남,49세,중상,승용,남,56세,중상
2015021100100183,2015년 2월 11일 09시,수요일,인천광역시 서구 경서동,중상사고,0,8,6,0,차대차 - 추돌 - 진행중,안전운전불이행,습기,안개,단일로 - 교량,승용,남,38세,상해없음,승용,남,38세,상해없음
2015021100100184,2015년 2월 11일 09시,수요일,인천광역시 서구 경서동,중상사고,0,5,2,2,차대차 - 추돌 - 주정차중,안전운전불이행,습기,안개,미분류 - 미분류,화물,남,66세,상해없음,승용,남,45세,경상
2015021100100185,2015년 2월 11일 09시,수요일,인천광역시 서구 경서동,중상사고,0,3,3,1,차대차 - 추돌 - 진행중,안전운전불이행,습기,안개,단일로 - 교량,승용,남,51세,중상,승용,남,64세,중상
2015021100100216,2015년 2월 11일 10시,수요일,인천광역시 중구 운서동,중상사고,0,2,1,0,차대차 - 정면충돌,안전운전불이행,기타,안개,단일로 - 기타,화물,남,33세,중상,건설기계,남,64세,경상
2015021100100237,2015년 2월 11일 11시,수요일,인천광역시 남동구 남촌동,경상사고,0,0,2,0,차대차 - 추돌 - 진행중,안전거리미확보,건조,맑음,단일로 - 기타,승용,남,62세,상해없음,승용,남,50세,경상
2015021100100238,2015년 2월 11일 11시,수요일,인천광역시 강화군 양도면,중상사고,0,1,1,0,차대차 - 기타,안전운전불이행,건조,맑음,교차로 - 교차로부근,화물,남,27세,상해없음,승용,남,49세,중상
2015021100100266,2015년 2월 11일 12시,수요일,인천광역시 남동구 간석동,중상사고,0,1,0,0,차대사람 - 횡단중,안전운전불이행,건조,맑음,단일로 - 기타,화물,남,34세,상해없음,보행자,남,75세,중상
2015021100100352,2015년 2월 11일 15시,수요일,인천광역시 남구 숭의동,경상사고,0,0,2,0,차대차 - 추돌 - 진행중,안전운전불이행,건조,맑음,교차로 - 교차로부근,화물,남,29세,상해없음,승용,남,55세,경상
2015021100100384,2015년 2월 11일 16시,수요일,인천광역시 남구 관교동,중상사고,0,1,0,0,차량단독 - 기타,안전운전불이행,건조,맑음,단일로 - 기타,승합,남,57세,상해없음,,,,
2015021100100408,2015년 2월 11일 17시,수요일,인천광역시 남동구 간석동,경상사고,0,0,1,0,차대차 - 측면직각충돌,중앙선침범,습기,맑음,단일로 - 기타,승용,여,49세,상해없음,승용,남,30세,경상
2015021100100409,2015년 2월 11일 17시,수요일,인천광역시 서구 신현동,경상사고,0,0,1,0,차대차 - 정면충돌,신호위반,건조,맑음,교차로 - 교차로부근,승용,여,43세,상해없음,이륜,남,25세,경상
2015021100100410,2015년 2월 11일 17시,수요일,인천광역시 계양구 계산동,중상사고,0,1,0,0,차대사람 - 횡단중,보행자보호의무위반,건조,맑음,단일로 - 횡단보도부근,승용,여,32세,상해없음,보행자,여,90세 이상,중상
2015021100100453,2015년 2월 11일 18시,수요일,인천광역시 중구 답동,중상사고,0,1,3,0,차대차 - 추돌 - 진행중,안전운전불이행,건조,맑음,교차로 - 교차로부근,승합,남,50세,상해없음,승용,여,36세,경상
2015021100100454,2015년 2월 11일 18시,수요일,인천광역시 남구 주안동,중상사고,0,1,0,0,차대사람 - 횡단중,안전운전불이행,건조,맑음,기타 - 기타,이륜,남,18세,상해없음,보행자,여,56세,중상
2015021100100455,2015년 2월 11일 18시,수요일,인천광역시 부평구 산곡동,부상신고사고,0,0,0,1,차대사람 - 횡단중,보행자보호의무위반,건조,맑음,단일로 - 횡단보도상,기타불명,기타불명,기타불명,기타불명,보행자,여,11세,부상신고
2015021100100494,2015년 2월 11일 19시,수요일,인천광역시 계양구 작전동,중상사고,0,1,0,0,차대차 - 기타,안전운전불이행,건조,맑음,단일로 - 기타,승용,남,22세,상해없음,자전거,남,18세,중상
2015021100100553,2015년 2월 11일 21시,수요일,인천광역시 서구 석남동,경상사고,0,0,1,0,차대사람 - 보도통행중,보행자보호의무위반,건조,맑음,교차로 - 교차로부근,승용,남,58세,상해없음,보행자,여,53세,경상
2015021100100554,2015년 2월 11일 21시,수요일,인천광역시 연수구 선학동,중상사고,0,1,0,0,차대사람 - 횡단중,안전운전불이행,건조,맑음,교차로 - 교차로부근,화물,남,27세,상해없음,보행자,남,46세,중상
2015021100100555,2015년 2월 11일 21시,수요일,인천광역시 연수구 송도동,경상사고,0,0,3,0,차대차 - 기타,안전운전불이행,건조,맑음,단일로 - 기타,승용,남,28세,상해없음,승용,남,31세,경상
2015021100100581,2015년 2월 11일 22시,수요일,인천광역시 부평구 부개동,중상사고,0,1,0,0,차대사람 - 횡단중,보행자보호의무위반,건조,맑음,교차로 - 교차로안,승용,남,49세,상해없음,보행자,여,29세,중상
2015021100100605,2015년 2월 11일 23시,수요일,인천광역시 부평구 청천동,경상사고,0,0,1,0,차대사람 - 기타,안전운전불이행,건조,맑음,단일로 - 기타,승용,남,54세,기타불명,보행자,여,56세,경상
2015021100100606,2015년 2월 11일 23시,수요일,인천광역시 서구 경서동,중상사고,0,1,0,0,차대사람 - 차도통행중,안전운전불이행,건조,맑음,단일로 - 기타,승용,남,35세,상해없음,보행자,남,38세,중상
2015021200100041,2015년 2월 12일 02시,목요일,인천광역시 남동구 논현동,중상사고,0,1,0,0,차대차 - 측면직각충돌,신호위반,건조,맑음,교차로 - 교차로안,승용,남,46세,상해없음,원동기,남,44세,중상
2015021200100047,2015년 2월 12일 04시,목요일,인천광역시 남구 학익동,경상사고,0,0,1,0,차대차 - 기타,안전운전불이행,건조,맑음,단일로 - 기타,원동기,남,16세,상해없음,승용,남,58세,경상
2015021200100118,2015년 2월 12일 08시,목요일,인천광역시 남동구 간석동,중상사고,0,1,0,0,차대차 - 측면직각충돌,신호위반,건조,맑음,교차로 - 교차로부근,승용,여,51세,상해없음,승용,남,63세,중상
2015021200100153,2015년 2월 12일 09시,목요일,인천광역시 남구 도화동,경상사고,0,0,1,0,차대차 - 측면직각충돌,안전운전불이행,건조,맑음,교차로 - 교차로부근,승용,여,48세,상해없음,승용,여,32세,경상
2015021200100154,2015년 2월 12일 09시,목요일,인천광역시 부평구 삼산동,경상사고,0,0,1,0,차대사람 - 기타,안전운전불이행,건조,맑음,단일로 - 기타,승용,남,61세,상해없음,보행자,남,41세,경상
2015021200100191,2015년 2월 12일 10시,목요일,인천광역시 부평구 부개동,중상사고,0,1,0,0,차대사람 - 횡단중,안전운전불이행,건조,맑음,교차로 - 교차로안,승합,남,66세,상해없음,보행자,남,71세,중상
2015021200100253,2015년 2월 12일 12시,목요일,인천광역시 부평구 부평동,경상사고,0,0,1,0,차대차 - 기타,교차로운행방법위반,건조,맑음,교차로 - 교차로안,승용,여,48세,상해없음,이륜,남,45세,경상
2015021200100254,2015년 2월 12일 12시,목요일,인천광역시 서구 가정동,중상사고,0,1,0,0,차대사람 - 횡단중,신호위반,건조,맑음,교차로 - 교차로안,승용,남,57세,기타불명,보행자,여,64세,중상
2015021200100320,2015년 2월 12일 14시,목요일,인천광역시 부평구 부평동,경상사고,0,0,1,0,차대사람 - 차도통행중,안전운전불이행,건조,맑음,단일로 - 기타,승용,남,52세,상해없음,보행자,여,36세,경상
2015021200100350,2015년 2월 12일 15시,목요일,인천광역시 계양구 임학동,중상사고,0,1,0,0,차대차 - 측면직각충돌,안전운전불이행,건조,맑음,단일로 - 기타,화물,남,46세,상해없음,승용,남,31세,중상
2015021200100393,2015년 2월 12일 16시,목요일,인천광역시 남구 문학동,중상사고,0,1,0,0,차대사람 - 차도통행중,안전운전불이행,건조,맑음,단일로 - 기타,승용,남,69세,상해없음,보행자,여,6세,중상
2015021200100394,2015년 2월 12일 16시,목요일,인천광역시 남동구 간석동,중상사고,0,1,0,0,차대사람 - 길가장자리구역통행중,안전운전불이행,건조,맑음,단일로 - 기타,승용,여,35세,상해없음,보행자,남,11세,중상
2015021200100496,2015년 2월 12일 19시,목요일,인천광역시 남동구 논현동,중상사고,0,1,2,0,차대차 - 측면직각충돌,신호위반,건조,맑음,교차로 - 교차로안,승용,여,51세,경상,이륜,남,46세,중상
2015021200100529,2015년 2월 12일 20시,목요일,인천광역시 부평구 부평동,경상사고,0,0,2,0,차대차 - 추돌 - 진행중,신호위반,건조,맑음,교차로 - 교차로안,이륜,남,30세,상해없음,승용,남,46세,상해없음
2015021200100530,2015년 2월 12일 20시,목요일,인천광역시 연수구 동춘동,중상사고,0,1,0,0,차대사람 - 기타,안전운전불이행,건조,맑음,교차로 - 교차로안,승용,여,27세,상해없음,보행자,여,54세,중상
2015021200100561,2015년 2월 12일 21시,목요일,인천광역시 남동구 만수동,중상사고,0,1,0,0,차대차 - 추돌 - 진행중,신호위반,건조,맑음,단일로 - 기타,승용,남,44세,상해없음,원동기,남,24세,중상
2015021200100579,2015년 2월 12일 22시,목요일,인천광역시 동구 송현동,경상사고,0,0,1,0,차대차 - 기타,안전운전불이행,건조,맑음,단일로 - 기타,승용,남,43세,상해없음,이륜,남,29세,경상
2015021200100580,2015년 2월 12일 22시,목요일,인천광역시 부평구 산곡동,중상사고,0,1,0,0,차대사람 - 기타,안전운전불이행,건조,맑음,단일로 - 기타,승용,남,58세,상해없음,보행자,남,55세,중상
2015021200100581,2015년 2월 12일 22시,목요일,인천광역시 부평구 청천동,중상사고,0,1,0,0,차대차 - 측면직각충돌,안전운전불이행,건조,맑음,교차로 - 교차로안,승용,남,43세,상해없음,승용,남,39세,중상
2015021200100607,2015년 2월 12일 23시,목요일,인천광역시 남구 용현동,경상사고,0,0,1,0,차대차 - 측면직각충돌,안전운전불이행,건조,맑음,단일로 - 기타,승합,남,59세,상해없음,승용,남,48세,상해없음
2015021200100608,2015년 2월 12일 23시,목요일,인천광역시 연수구 청학동,경상사고,0,0,1,0,차대차 - 기타,신호위반,건조,맑음,교차로 - 교차로안,승용,남,56세,상해없음,승용,남,53세,경상
2015021300100008,2015년 2월 13일 00시,금요일,인천광역시 계양구 임학동,중상사고,0,1,0,0,차대사람 - 횡단중,신호위반,건조,맑음,교차로 - 교차로부근,승용,남,57세,상해없음,보행자,여,26세,중상
2015021300100025,2015년 2월 13일 01시,금요일,인천광역시 남구 용현동,경상사고,0,0,1,0,차대차 - 측면직각충돌,안전운전불이행,건조,맑음,단일로 - 기타,승용,남,47세,상해없음,승용,남,42세,경상
2015021300100068,2015년 2월 13일 05시,금요일,인천광역시 남동구 만수동,부상신고사고,0,0,0,1,차대차 - 측면직각충돌,신호위반,건조,맑음,교차로 - 교차로안,승용,남,46세,상해없음,승용,남,50세,상해없음
2015021300100177,2015년 2월 13일 09시,금요일,인천광역시 남구 용현동,경상사고,0,0,1,0,차대차 - 추돌 - 진행중,안전운전불이행,건조,맑음,단일로 - 기타,승용,여,69세,상해없음,승용,남,54세,경상
2015021300100213,2015년 2월 13일 10시,금요일,인천광역시 남동구 서창동,경상사고,0,0,1,0,차대차 - 측면직각충돌,신호위반,건조,맑음,교차로 - 교차로안,승용,여,41세,상해없음,승용,여,55세,경상
2015021300100214,2015년 2월 13일 10시,금요일,인천광역시 계양구 효성동,중상사고,0,5,2,0,차량단독 - 공작물충돌,안전운전불이행,건조,맑음,교차로 - 교차로안,승합,남,64세,상해없음,,,,
2015021300100215,2015년 2월 13일 10시,금요일,인천광역시 계양구 계산동,경상사고,0,0,1,0,차대차 - 추돌 - 주정차중,안전운전불이행,건조,맑음,교차로 - 교차로부근,승용,남,31세,상해없음,화물,남,24세,경상
2015021300100245,2015년 2월 13일 11시,금요일,인천광역시 중구 용동,경상사고,0,0,2,0,차대차 - 측면직각충돌,안전운전불이행,건조,맑음,교차로 - 교차로안,승용,남,53세,상해없음,승용,남,32세,경상
2015021300100246,2015년 2월 13일 11시,금요일,인천광역시 남구 주안동,경상사고,0,0,1,0,차대사람 - 차도통행중,보행자보호의무위반,건조,맑음,단일로 - 기타,승용,남,44세,상해없음,보행자,남,81세,경상
2015021300100247,2015년 2월 13일 11시,금요일,인천광역시 부평구 산곡동,경상사고,0,0,1,0,차대사람 - 기타,안전운전불이행,건조,맑음,단일로 - 기타,승용,남,47세,상해없음,보행자,여,76세,경상
2015021300100248,2015년 2월 13일 11시,금요일,인천광역시 서구 신현동,중상사고,0,1,0,0,차대사람 - 보도통행중,신호위반,건조,맑음,교차로 - 교차로부근,승용,남,39세,상해없음,보행자,남,17세,중상
2015021300100249,2015년 2월 13일 11시,금요일,인천광역시 부평구 부평동,중상사고,0,1,1,0,차대사람 - 기타,안전운전불이행,건조,맑음,교차로 - 교차로부근,승용,남,62세,상해없음,보행자,여,66세,중상
2015021300100283,2015년 2월 13일 12시,금요일,인천광역시 서구 석남동,경상사고,0,0,1,0,차대사람 - 횡단중,보행자보호의무위반,건조,맑음,단일로 - 횡단보도상,원동기,남,48세,기타불명,보행자,여,9세,경상
2015021300100317,2015년 2월 13일 13시,금요일,인천광역시 동구 송현동,중상사고,0,1,0,0,차대사람 - 횡단중,보행자보호의무위반,건조,맑음,단일로 - 횡단보도상,승용,남,72세,상해없음,보행자,여,75세,중상
2015021300100318,2015년 2월 13일 13시,금요일,인천광역시 동구 송현동,경상사고,0,0,1,0,차대사람 - 길가장자리구역통행중,안전운전불이행,건조,맑음,기타 - 기타,화물,남,23세,상해없음,보행자,남,55세,경상
2015021300100381,2015년 2월 13일 15시,금요일,인천광역시 남동구 간석동,경상사고,0,0,1,0,차량단독 - 공작물충돌,안전운전불이행,건조,맑음,단일로 - 기타,승합,남,52세,상해없음,,,,
2015021300100382,2015년 2월 13일 15시,금요일,인천광역시 남동구 만수동,경상사고,0,0,1,0,차대사람 - 기타,안전운전불이행,건조,맑음,단일로 - 기타,승합,남,63세,상해없음,보행자,여,30세,경상
2015021300100411,2015년 2월 13일 16시,금요일,인천광역시 남구 도화동,경상사고,0,0,3,0,차대차 - 측면직각충돌,신호위반,건조,맑음,교차로 - 교차로안,승용,남,53세,상해없음,승합,남,46세,상해없음
2015021300100459,2015년 2월 13일 17시,금요일,인천광역시 남구 학익동,경상사고,0,0,1,0,차대차 - 기타,안전운전불이행,건조,맑음,단일로 - 기타,화물,남,58세,상해없음,승용,남,56세,경상
2015021300100460,2015년 2월 13일 17시,금요일,인천광역시 부평구 십정동,경상사고,0,0,1,0,차대차 - 기타,안전운전불이행,건조,맑음,단일로 - 기타,화물,남,27세,상해없음,승용,여,50세,경상
2015021300100461,2015년 2월 13일 17시,금요일,인천광역시 계양구 작전동,중상사고,0,1,0,0,차대사람 - 차도통행중,안전운전불이행,건조,맑음,단일로 - 기타,승용,남,30세,상해없음,보행자,여,53세,중상
2015021300100462,2015년 2월 13일 17시,금요일,인천광역시 연수구 송도동,경상사고,0,0,1,0,차대차 - 기타,안전운전불이행,건조,맑음,단일로 - 기타,승용,여,34세,상해없음,자전거,남,19세,경상
2015021300100502,2015년 2월 13일 18시,금요일,인천광역시 남구 학익동,경상사고,0,0,1,0,차대사람 - 횡단중,안전운전불이행,건조,맑음,교차로 - 교차로부근,승용,여,26세,상해없음,보행자,여,29세,경상
2015021300100503,2015년 2월 13일 18시,금요일,인천광역시 계양구 작전동,중상사고,0,1,0,0,차대차 - 측면직각충돌,중앙선침범,건조,맑음,단일로 - 기타,승용,여,33세,상해없음,승용,남,49세,중상
2015021300100537,2015년 2월 13일 19시,금요일,인천광역시 부평구 부평동,경상사고,0,0,1,0,차대사람 - 횡단중,안전운전불이행,건조,맑음,교차로 - 교차로부근,이륜,남,32세,상해없음,보행자,여,20세,경상
2015021300100582,2015년 2월 13일 20시,금요일,인천광역시 서구 검암동,경상사고,0,0,1,1,차대사람 - 차도통행중,안전운전불이행,건조,맑음,교차로 - 교차로부근,이륜,남,35세,부상신고,보행자,여,40세,경상
2015021300100642,2015년 2월 13일 22시,금요일,인천광역시 남동구 만수동,중상사고,0,1,0,0,차대차 - 추돌 - 주정차중,안전운전불이행,결빙,눈,단일로 - 기타,승용,남,36세,상해없음,승용,여,36세,중상
2015021300100643,2015년 2월 13일 22시,금요일,인천광역시 계양구 계산동,경상사고,0,0,1,0,차대차 - 측면직각충돌,차로위반,건조,맑음,교차로 - 교차로부근,승용,남,43세,상해없음,승용,남,33세,경상
2015021300100675,2015년 2월 13일 23시,금요일,인천광역시 남동구 논현동,경상사고,0,0,1,0,차대차 - 측면직각충돌,신호위반,건조,맑음,교차로 - 교차로안,승용,남,28세,상해없음,승합,남,32세,경상
2015021300100676,2015년 2월 13일 23시,금요일,인천광역시 남동구 간석동,경상사고,0,0,1,0,차대사람 - 횡단중,보행자보호의무위반,건조,맑음,교차로 - 교차로부근,승용,남,40세,상해없음,보행자,여,48세,경상
2015021300100677,2015년 2월 13일 23시,금요일,인천광역시 부평구 삼산동,경상사고,0,0,2,0,차대차 - 추돌 - 주정차중,안전운전불이행,건조,맑음,교차로 - 교차로부근,승용,남,47세,상해없음,승용,남,29세,경상
2015021400100032,2015년 2월 14일 00시,토요일,인천광역시 남구 주안동,경상사고,0,0,2,0,차대차 - 측면직각충돌,안전거리미확보,건조,맑음,단일로 - 기타,승용,남,58세,상해없음,원동기,남,18세,경상
2015021400100058,2015년 2월 14일 01시,토요일,인천광역시 남구 주안동,경상사고,0,0,1,0,차대사람 - 기타,안전운전불이행,건조,맑음,교차로 - 교차로안,승용,남,31세,상해없음,보행자,남,23세,경상
2015021400100059,2015년 2월 14일 01시,토요일,인천광역시 남동구 구월동,경상사고,0,0,2,0,차대차 - 추돌 - 주정차중,안전운전불이행,건조,맑음,교차로 - 교차로부근,승용,남,35세,상해없음,승용,남,40세,경상
2015021400100099,2015년 2월 14일 04시,토요일,인천광역시 남구 주안동,경상사고,0,0,2,0,차대차 - 추돌 - 진행중,안전운전불이행,건조,맑음,단일로 - 기타,승용,남,53세,상해없음,승용,여,47세,경상
2015021400100118,2015년 2월 14일 05시,토요일,인천광역시 중구 운서동,중상사고,0,1,0,0,차대차 - 측면직각충돌,신호위반,건조,맑음,교차로 - 교차로안,승용,남,37세,상해없음,승용,여,34세,중상
2015021400100146,2015년 2월 14일 07시,토요일,인천광역시 남동구 간석동,중상사고,0,1,1,0,차대차 - 기타,중앙선침범,습기,안개,단일로 - 기타,승용,남,30세,상해없음,화물,남,56세,상해없음
2015021400100163,2015년 2월 14일 08시,토요일,인천광역시 중구 중산동,사망사고,1,1,1,0,차대차 - 정면충돌,신호위반,건조,맑음,교차로 - 교차로안,건설기계,남,55세,경상,승용,남,53세,중상
2015021400100164,2015년 2월 14일 08시,토요일,인천광역시 남구 도화동,경상사고,0,0,1,0,차대차 - 측면직각충돌,안전거리미확보,건조,맑음,단일로 - 횡단보도상,화물,남,55세,상해없음,승용,여,40세,경상
2015021400100165,2015년 2월 14일 08시,토요일,인천광역시 남동구 간석동,경상사고,0,0,1,0,차대차 - 추돌 - 주정차중,안전운전불이행,건조,맑음,교차로 - 교차로부근,승용,여,37세,상해없음,승용,남,58세,경상
2015021400100220,2015년 2월 14일 10시,토요일,인천광역시 서구 경서동,경상사고,0,0,3,0,차대차 - 추돌 - 진행중,안전거리미확보,건조,맑음,단일로 - 교량,화물,남,56세,상해없음,화물,남,45세,경상
2015021400100278,2015년 2월 14일 12시,토요일,인천광역시 남동구 남촌동,경상사고,0,0,1,0,차대사람 - 횡단중,안전운전불이행,건조,맑음,교차로 - 교차로부근,승용,남,52세,상해없음,보행자,여,13세,경상
2015021400100344,2015년 2월 14일 14시,토요일,인천광역시 남동구 논현동,경상사고,0,0,1,0,차대차 - 추돌 - 진행중,안전운전불이행,건조,맑음,단일로 - 기타,승용,여,32세,상해없음,승용,여,49세,경상
2015021400100345,2015년 2월 14일 14시,토요일,인천광역시 서구 검암동,중상사고,0,1,0,0,차대사람 - 횡단중,안전운전불이행,건조,맑음,단일로 - 횡단보도상,화물,남,48세,기타불명,보행자,여,62세,중상
2015021400100369,2015년 2월 14일 15시,토요일,인천광역시 강화군 강화읍,중상사고,0,1,0,0,차대사람 - 횡단중,안전운전불이행,건조,맑음,교차로 - 교차로부근,승용,여,32세,상해없음,보행자,여,83세,중상
2015021400100435,2015년 2월 14일 17시,토요일,인천광역시 서구 연희동,경상사고,0,0,2,0,차대차 - 측면직각충돌,신호위반,건조,맑음,교차로 - 교차로안,승용,남,25세,상해없음,승용,남,57세,경상
2015021400100436,2015년 2월 14일 17시,토요일,인천광역시 부평구 삼산동,경상사고,0,0,1,0,차대사람 - 보도통행중,보행자보호의무위반,건조,맑음,단일로 - 횡단보도상,승용,기타불명,기타불명,기타불명,보행자,남,49세,경상
2015021400100471,2015년 2월 14일 18시,토요일,인천광역시 서구 석남동,중상사고,0,1,0,0,차대차 - 측면직각충돌,신호위반,건조,맑음,단일로 - 횡단보도상,원동기,남,38세,상해없음,자전거,남,77세,중상
2015021400100541,2015년 2월 14일 20시,토요일,인천광역시 남동구 논현동,중상사고,0,1,0,0,차대차 - 측면직각충돌,신호위반,건조,맑음,교차로 - 교차로안,승용,남,59세,상해없음,승용,남,58세,중상
2015021400100542,2015년 2월 14일 20시,토요일,인천광역시 남동구 간석동,경상사고,0,0,2,0,차대차 - 측면직각충돌,안전운전불이행,건조,맑음,단일로 - 기타,승용,남,58세,상해없음,화물,남,35세,경상
2015021400100543,2015년 2월 14일 20시,토요일,인천광역시 서구 가정동,경상사고,0,0,1,0,차대차 - 추돌 - 진행중,안전운전불이행,건조,맑음,단일로 - 기타,승용,남,30세,상해없음,승용,여,33세,경상
2015021400100544,2015년 2월 14일 20시,토요일,인천광역시 부평구 일신동,경상사고,0,0,1,0,차대차 - 측면직각충돌,안전운전불이행,건조,맑음,단일로 - 기타,승합,남,49세,상해없음,화물,남,39세,경상
2015021400100617,2015년 2월 14일 22시,토요일,인천광역시 남동구 간석동,경상사고,0,0,4,0,차대차 - 추돌 - 진행중,안전운전불이행,건조,맑음,교차로 - 교차로안,승용,남,54세,상해없음,승용,남,32세,경상
2015021400100618,2015년 2월 14일 22시,토요일,인천광역시 남동구 구월동,경상사고,0,0,1,0,차대차 - 추돌 - 주정차중,안전운전불이행,건조,맑음,단일로 - 기타,승용,남,51세,상해없음,승용,여,47세,경상
2015021400100642,2015년 2월 14일 23시,토요일,인천광역시 남구 학익동,경상사고,0,0,1,0,차대차 - 측면직각충돌,안전운전불이행,건조,맑음,단일로 - 기타,승합,남,41세,상해없음,이륜,남,18세,경상
2015021400100643,2015년 2월 14일 23시,토요일,인천광역시 서구 석남동,경상사고,0,0,1,0,차대차 - 추돌 - 진행중,교차로운행방법위반,건조,맑음,교차로 - 교차로안,승용,기타불명,기타불명,기타불명,이륜,남,56세,경상
2015021500100028,2015년 2월 15일 01시,일요일,인천광역시 부평구 부평동,경상사고,0,0,1,0,차대차 - 추돌 - 진행중,안전운전불이행,건조,맑음,교차로 - 교차로부근,승용,남,27세,상해없음,승용,남,42세,경상
2015021500100029,2015년 2월 15일 01시,일요일,인천광역시 남동구 구월동,중상사고,0,2,1,0,차대차 - 정면충돌,신호위반,건조,맑음,교차로 - 교차로안,승용,남,51세,상해없음,승용,남,57세,경상
2015021500100044,2015년 2월 15일 02시,일요일,인천광역시 계양구 용종동,중상사고,0,1,3,0,차대차 - 추돌 - 주정차중,안전운전불이행,건조,맑음,교차로 - 교차로부근,승용,남,41세,상해없음,승합,남,66세,경상
2015021500100045,2015년 2월 15일 02시,일요일,인천광역시 부평구 부개동,경상사고,0,0,4,0,차대차 - 측면직각충돌,신호위반,건조,맑음,교차로 - 교차로안,승용,남,53세,경상,승용,남,34세,경상
2015021500100099,2015년 2월 15일 06시,일요일,인천광역시 남동구 구월동,경상사고,0,0,7,0,차대차 - 추돌 - 진행중,안전운전불이행,건조,맑음,교차로 - 교차로안,화물,남,51세,상해없음,승합,남,57세,경상
2015021500100135,2015년 2월 15일 08시,일요일,인천광역시 서구 경서동,경상사고,0,0,1,0,차대차 - 측면직각충돌,안전거리미확보,건조,맑음,단일로 - 기타,화물,남,40세,상해없음,승용,여,47세,경상
2015021500100145,2015년 2월 15일 09시,일요일,인천광역시 남동구 고잔동,중상사고,0,1,0,0,차대차 - 추돌 - 진행중,안전운전불이행,건조,맑음,단일로 - 기타,승용,남,21세,상해없음,승용,남,53세,중상
2015021500100216,2015년 2월 15일 13시,일요일,인천광역시 계양구 귤현동,중상사고,0,1,0,0,차대사람 - 기타,안전운전불이행,건조,맑음,단일로 - 기타,자전거,남,22세,상해없음,보행자,남,54세,중상