사고번호,사고일시,요일,시군구,사고내용,사망자수,중상자수,경상자수,부상신고자수,사고유형,법규위반,노면상태,기상상태,도로형태,가해운전자 차종,가해운전자 성별,가해운전자 연령,가해운전자 상해정도,피해운전자 차종,피해운전자 성별,피해운전자 연령,피해운전자 상해정도
2015031100100445,2015년 3월 11일 19시,수요일,인천광역시 남동구 서창동,중상사고,0,1,0,0,차대사람 - 차도통행중,안전운전불이행,건조,맑음,교차로 - 교차로안,승용,남,34세,상해없음,보행자,여,70세,중상
2015031100100475,2015년 3월 11일 20시,수요일,인천광역시 남동구 운연동,경상사고,0,0,1,0,차대차 - 추돌 - 진행중,안전운전불이행,건조,맑음,단일로 - 기타,승용,남,37세,상해없음,승용,남,26세,경상
2015031100100517,2015년 3월 11일 21시,수요일,인천광역시 남동구 만수동,경상사고,0,0,1,0,차량단독 - 공작물충돌,안전운전불이행,건조,맑음,교차로 - 교차로안,승합,남,45세,경상,,,,
2015031100100518,2015년 3월 11일 21시,수요일,인천광역시 연수구 옥련동,경상사고,0,0,4,0,차대차 - 추돌 - 주정차중,안전운전불이행,건조,맑음,교차로 - 교차로부근,승용,남,49세,상해없음,승용,여,43세,경상
2015031100100547,2015년 3월 11일 22시,수요일,인천광역시 부평구 부평동,중상사고,0,1,0,0,차대사람 - 횡단중,안전운전불이행,건조,맑음,교차로 - 교차로부근,화물,남,39세,상해없음,보행자,여,33세,중상
2015031100100548,2015년 3월 11일 22시,수요일,인천광역시 부평구 부평동,경상사고,0,0,1,0,차대차 - 측면직각충돌,중앙선침범,건조,맑음,단일로 - 기타,승용,여,47세,상해없음,원동기,남,17세,경상
2015031200100066,2015년 3월 12일 05시,목요일,인천광역시 계양구 장기동,중상사고,0,1,0,0,차대차 - 기타,중앙선침범,결빙,흐림,단일로 - 기타,화물,남,59세,상해없음,승용,남,44세,중상
2015031200100158,2015년 3월 12일 08시,목요일,인천광역시 중구 사동,중상사고,0,1,0,0,차대차 - 측면직각충돌,신호위반,건조,맑음,단일로 - 횡단보도상,승용,여,35세,상해없음,자전거,남,32세,중상
2015031200100159,2015년 3월 12일 08시,목요일,인천광역시 남동구 구월동,중상사고,0,1,1,0,차대차 - 측면직각충돌,중앙선침범,건조,맑음,교차로 - 교차로부근,승용,남,29세,상해없음,승용,남,54세,중상
2015031200100160,2015년 3월 12일 08시,목요일,인천광역시 남동구 구월동,경상사고,0,0,1,0,차대차 - 측면직각충돌,중앙선침범,건조,맑음,단일로 - 기타,승용,기타불명,기타불명,기타불명,승용,여,59세,경상
2015031200100189,2015년 3월 12일 09시,목요일,인천광역시 남동구 간석동,중상사고,0,1,0,0,차대사람 - 차도통행중,안전운전불이행,건조,맑음,교차로 - 교차로안,화물,남,37세,상해없음,보행자,여,45세,중상
2015031200100190,2015년 3월 12일 09시,목요일,인천광역시 부평구 부개동,중상사고,0,2,0,0,차대사람 - 횡단중,중앙선침범,건조,맑음,단일로 - 횡단보도상,승용,남,68세,상해없음,보행자,남,67세,중상
2015031200100217,2015년 3월 12일 10시,목요일,인천광역시 연수구 동춘동,중상사고,0,1,1,0,차대차 - 추돌 - 진행중,안전운전불이행,건조,맑음,단일로 - 기타,화물,남,26세,중상,특수,남,51세,경상
2015031200100274,2015년 3월 12일 12시,목요일,인천광역시 서구 연희동,경상사고,0,0,4,0,차대차 - 측면직각충돌,신호위반,건조,맑음,교차로 - 교차로안,승용,남,32세,상해없음,승용,남,22세,경상
2015031200100385,2015년 3월 12일 16시,목요일,인천광역시 남구 주안동,중상사고,0,1,0,0,차대차 - 측면직각충돌,안전운전불이행,건조,맑음,교차로 - 교차로안,승용,남,72세,상해없음,원동기,남,36세,중상
2015031200100386,2015년 3월 12일 16시,목요일,인천광역시 남구 학익동,경상사고,0,0,1,0,차량단독 - 공작물충돌,안전운전불이행,건조,맑음,교차로 - 교차로부근,승합,남,57세,상해없음,,,,
2015031200100425,2015년 3월 12일 17시,목요일,인천광역시 서구 불로동,경상사고,0,0,1,0,차대차 - 추돌 - 진행중,안전운전불이행,건조,맑음,교차로 - 교차로부근,승용,여,44세,상해없음,화물,남,35세,경상
2015031200100468,2015년 3월 12일 18시,목요일,인천광역시 남구 주안동,중상사고,0,1,0,0,차대사람 - 횡단중,안전운전불이행,건조,맑음,단일로 - 기타,승용,남,49세,상해없음,보행자,남,14세,중상
2015031200100469,2015년 3월 12일 18시,목요일,인천광역시 남동구 구월동,중상사고,0,1,0,0,차대차 - 측면직각충돌,교차로운행방법위반,건조,맑음,교차로 - 교차로안,승용,남,62세,상해없음,이륜,남,23세,중상
2015031200100470,2015년 3월 12일 18시,목요일,인천광역시 강화군 강화읍,중상사고,0,1,0,0,차대사람 - 횡단중,안전운전불이행,건조,맑음,단일로 - 기타,승용,남,74세,상해없음,보행자,여,71세,중상
2015031200100519,2015년 3월 12일 19시,목요일,인천광역시 중구 유동,경상사고,0,0,1,0,차대차 - 기타,신호위반,건조,맑음,교차로 - 교차로안,승용,기타불명,기타불명,기타불명,승합,남,58세,상해없음
2015031200100520,2015년 3월 12일 19시,목요일,인천광역시 남구 주안동,부상신고사고,0,0,0,1,차대차 - 추돌 - 주정차중,안전운전불이행,건조,맑음,단일로 - 기타,이륜,남,36세,부상신고,승용,남,38세,상해없음
2015031200100556,2015년 3월 12일 20시,목요일,인천광역시 남구 주안동,부상신고사고,0,0,0,1,차대차 - 측면직각충돌,안전운전불이행,건조,맑음,단일로 - 기타,이륜,남,17세,부상신고,승용,남,43세,상해없음
2015031200100557,2015년 3월 12일 20시,목요일,인천광역시 남동구 고잔동,경상사고,0,0,3,0,차대차 - 추돌 - 주정차중,안전운전불이행,건조,맑음,단일로 - 기타,승용,남,42세,상해없음,승합,남,59세,상해없음
2015031200100558,2015년 3월 12일 20시,목요일,인천광역시 연수구 송도동,경상사고,0,0,1,0,차대차 - 기타,중앙선침범,건조,맑음,단일로 - 기타,승용,여,30세,상해없음,이륜,남,19세,경상
2015031200100559,2015년 3월 12일 20시,목요일,인천광역시 부평구 부평동,경상사고,0,0,1,0,차대차 - 추돌 - 주정차중,안전운전불이행,건조,맑음,단일로 - 기타,승용,남,58세,상해없음,승용,남,34세,경상
2015031200100594,2015년 3월 12일 21시,목요일,인천광역시 부평구 십정동,경상사고,0,0,1,0,차대사람 - 기타,안전운전불이행,건조,맑음,교차로 - 교차로부근,승용,기타불명,기타불명,기타불명,보행자,남,46세,경상
2015031200100595,2015년 3월 12일 21시,목요일,인천광역시 계양구 갈현동,경상사고,0,0,1,0,차량단독 - 기타,안전운전불이행,건조,맑음,단일로 - 기타,승합,남,42세,상해없음,,,,
2015031200100596,2015년 3월 12일 21시,목요일,인천광역시 연수구 청학동,경상사고,0,0,1,0,차대사람 - 기타,안전운전불이행,건조,맑음,교차로 - 교차로안,화물,남,55세,상해없음,보행자,남,33세,경상
2015031200100624,2015년 3월 12일 22시,목요일,인천광역시 남동구 고잔동,중상사고,0,1,2,0,차대차 - 추돌 - 주정차중,안전운전불이행,건조,맑음,교차로 - 교차로부근,승용,남,49세,상해없음,승용,남,41세,경상
2015031200100625,2015년 3월 12일 22시,목요일,인천광역시 계양구 작전동,중상사고,0,1,1,0,차대차 - 측면직각충돌,신호위반,건조,맑음,교차로 - 교차로안,승용,남,70세,경상,이륜,남,50세,중상
2015031200100649,2015년 3월 12일 23시,목요일,인천광역시 서구 연희동,경상사고,0,0,1,0,차대차 - 추돌 - 주정차중,안전운전불이행,건조,맑음,교차로 - 교차로안,승용,남,48세,상해없음,승용,남,58세,경상
2015031300100017,2015년 3월 13일 00시,금요일,인천광역시 남구 주안동,경상사고,0,0,2,0,차대차 - 추돌 - 주정차중,안전운전불이행,건조,맑음,교차로 - 교차로부근,승용,남,28세,상해없음,승용,남,45세,경상
2015031300100039,2015년 3월 13일 02시,금요일,인천광역시 서구 경서동,경상사고,0,0,1,0,차대차 - 측면직각충돌,신호위반,건조,맑음,교차로 - 교차로안,승용,남,22세,상해없음,승용,남,35세,경상
2015031300100081,2015년 3월 13일 06시,금요일,인천광역시 중구 중산동,경상사고,0,0,1,0,차대차 - 측면직각충돌,신호위반,건조,맑음,단일로 - 기타,승용,여,50세,상해없음,승용,남,47세,경상
2015031300100112,2015년 3월 13일 07시,금요일,인천광역시 연수구 선학동,경상사고,0,0,1,0,차대차 - 측면직각충돌,교차로운행방법위반,건조,맑음,교차로 - 교차로안,승용,남,31세,상해없음,승용,남,35세,경상
2015031300100155,2015년 3월 13일 08시,금요일,인천광역시 계양구 효성동,중상사고,0,1,1,0,차대차 - 측면직각충돌,신호위반,건조,맑음,교차로 - 교차로안,승용,남,45세,상해없음,승합,남,50세,상해없음
2015031300100218,2015년 3월 13일 10시,금요일,인천광역시 남구 주안동,경상사고,0,0,1,0,차대사람 - 길가장자리구역통행중,안전운전불이행,건조,맑음,단일로 - 기타,기타불명,기타불명,기타불명,기타불명,보행자,여,59세,경상
2015031300100219,2015년 3월 13일 10시,금요일,인천광역시 남동구 만수동,중상사고,0,1,0,0,차대차 - 측면직각충돌,안전운전불이행,건조,맑음,단일로 - 기타,화물,남,34세,상해없음,자전거,남,81세,중상
2015031300100220,2015년 3월 13일 10시,금요일,인천광역시 남동구 구월동,중상사고,0,3,0,0,차대차 - 추돌 - 주정차중,안전운전불이행,건조,맑음,교차로 - 교차로부근,승용,여,38세,상해없음,승용,남,50세,중상
2015031300100341,2015년 3월 13일 14시,금요일,인천광역시 부평구 갈산동,경상사고,0,0,1,0,차대차 - 추돌 - 주정차중,안전운전불이행,건조,맑음,단일로 - 기타,승용,남,58세,상해없음,승용,남,42세,경상
2015031300100381,2015년 3월 13일 15시,금요일,인천광역시 연수구 청학동,경상사고,0,0,1,0,차대차 - 기타,안전거리미확보,건조,맑음,단일로 - 기타,승합,남,58세,상해없음,승용,남,61세,경상
2015031300100454,2015년 3월 13일 17시,금요일,인천광역시 남구 주안동,경상사고,0,0,1,0,차대차 - 추돌 - 주정차중,안전운전불이행,건조,맑음,단일로 - 기타,승용,남,41세,상해없음,승용,남,52세,경상
2015031300100488,2015년 3월 13일 18시,금요일,인천광역시 남구 주안동,부상신고사고,0,0,0,1,차대사람 - 보도통행중,안전운전불이행,건조,맑음,단일로 - 기타,승용,여,48세,상해없음,보행자,남,58세,부상신고
2015031300100541,2015년 3월 13일 19시,금요일,인천광역시 남동구 도림동,경상사고,0,0,2,0,차대차 - 측면직각충돌,안전거리미확보,건조,맑음,단일로 - 기타,승용,여,51세,상해없음,화물,남,36세,경상
2015031300100583,2015년 3월 13일 20시,금요일,인천광역시 남구 학익동,중상사고,0,1,0,0,차대차 - 측면직각충돌,신호위반,건조,맑음,단일로 - 기타,승용,여,52세,상해없음,원동기,남,24세,중상
2015031300100584,2015년 3월 13일 20시,금요일,인천광역시 남동구 간석동,부상신고사고,0,0,0,1,차대차 - 기타,안전거리미확보,건조,맑음,교차로 - 교차로부근,원동기,남,24세,부상신고,승용,남,54세,상해없음
2015031300100631,2015년 3월 13일 21시,금요일,인천광역시 부평구 십정동,경상사고,0,0,2,0,차대차 - 기타,안전운전불이행,건조,맑음,단일로 - 기타,화물,남,53세,기타불명,승용,남,43세,경상
2015031300100632,2015년 3월 13일 21시,금요일,인천광역시 부평구 청천동,경상사고,0,0,1,0,차대차 - 추돌 - 주정차중,안전거리미확보,건조,맑음,단일로 - 기타,승용,남,34세,상해없음,승합,남,50세,경상
2015031300100660,2015년 3월 13일 22시,금요일,인천광역시 남동구 만수동,경상사고,0,0,1,0,차대차 - 측면직각충돌,안전운전불이행,건조,맑음,교차로 - 교차로안,승용,남,61세,상해없음,승용,남,39세,경상
2015031300100661,2015년 3월 13일 22시,금요일,인천광역시 강화군 강화읍,경상사고,0,0,1,0,차대차 - 추돌 - 진행중,신호위반,건조,맑음,교차로 - 교차로안,승용,남,65세,상해없음,이륜,남,17세,경상
2015031400100019,2015년 3월 14일 00시,토요일,인천광역시 남구 도화동,경상사고,0,0,1,0,차대사람 - 횡단중,신호위반,건조,맑음,단일로 - 횡단보도상,승용,남,32세,상해없음,보행자,여,28세,경상
2015031400100051,2015년 3월 14일 01시,토요일,인천광역시 남동구 만수동,경상사고,0,0,2,0,차대차 - 측면직각충돌,안전운전불이행,건조,맑음,교차로 - 교차로부근,승용,남,37세,상해없음,승용,남,56세,경상
2015031400100110,2015년 3월 14일 05시,토요일,인천광역시 중구 북성동1가,경상사고,0,0,1,0,차대차 - 측면직각충돌,신호위반,건조,맑음,교차로 - 교차로안,승용,여,43세,상해없음,승용,남,59세,경상
2015031400100141,2015년 3월 14일 07시,토요일,인천광역시 남동구 논현동,경상사고,0,0,1,0,차대차 - 측면직각충돌,안전운전불이행,건조,맑음,교차로 - 교차로안,화물,남,48세,상해없음,승용,남,45세,경상
2015031400100166,2015년 3월 14일 08시,토요일,인천광역시 부평구 부평동,중상사고,0,1,1,0,차대차 - 추돌 - 진행중,신호위반,건조,맑음,교차로 - 교차로부근,승용,여,63세,경상,승용,남,42세,중상
2015031400100195,2015년 3월 14일 09시,토요일,인천광역시 남동구 도림동,경상사고,0,0,1,0,차대차 - 추돌 - 진행중,안전운전불이행,건조,맑음,단일로 - 기타,승용,남,22세,상해없음,승용,남,52세,경상
2015031400100196,2015년 3월 14일 09시,토요일,인천광역시 서구 가좌동,경상사고,0,0,4,0,차대차 - 추돌 - 진행중,신호위반,건조,맑음,교차로 - 교차로안,승용,여,37세,경상,승용,남,37세,경상
2015031400100197,2015년 3월 14일 09시,토요일,인천광역시 서구 가정동,중상사고,0,1,0,0,차대사람 - 보도통행중,보행자보호의무위반,건조,맑음,단일로 - 기타,승용,남,61세,상해없음,보행자,여,78세,중상
2015031400100226,2015년 3월 14일 10시,토요일,인천광역시 남구 관교동,경상사고,0,0,2,0,차대차 - 측면직각충돌,안전운전불이행,건조,맑음,교차로 - 교차로안,승용,여,47세,상해없음,승용,남,49세,경상
2015031400100227,2015년 3월 14일 10시,토요일,인천광역시 남동구 고잔동,중상사고,0,1,1,0,차대차 - 측면직각충돌,신호위반,건조,맑음,교차로 - 교차로안,승용,남,35세,경상,승용,남,50세,중상
2015031400100264,2015년 3월 14일 11시,토요일,인천광역시 계양구 효성동,중상사고,0,1,0,0,차대사람 - 횡단중,보행자보호의무위반,건조,맑음,교차로 - 교차로안,화물,남,60세,상해없음,보행자,남,7세,중상
2015031400100303,2015년 3월 14일 12시,토요일,인천광역시 남구 용현동,중상사고,0,2,1,0,차대차 - 기타,신호위반,건조,맑음,교차로 - 교차로안,원동기,남,21세,중상,승용,남,59세,경상
2015031400100304,2015년 3월 14일 12시,토요일,인천광역시 연수구 옥련동,경상사고,0,0,1,0,차대차 - 측면직각충돌,안전운전불이행,건조,맑음,교차로 - 교차로안,승용,남,19세,상해없음,승용,남,57세,경상
2015031400100340,2015년 3월 14일 13시,토요일,인천광역시 남동구 운연동,경상사고,0,0,2,0,차대차 - 측면직각충돌,교차로운행방법위반,건조,맑음,교차로 - 교차로안,승용,여,50세,경상,승용,남,64세,경상
2015031400100341,2015년 3월 14일 13시,토요일,인천광역시 서구 가좌동,경상사고,0,0,1,0,차대사람 - 차도통행중,안전운전불이행,건조,맑음,단일로 - 기타,승용,남,24세,상해없음,보행자,남,20세,경상
2015031400100342,2015년 3월 14일 13시,토요일,인천광역시 계양구 임학동,중상사고,0,1,0,0,차대사람 - 기타,안전운전불이행,건조,맑음,단일로 - 기타,승용,여,47세,상해없음,보행자,남,57세,중상
2015031400100413,2015년 3월 14일 15시,토요일,인천광역시 부평구 청천동,중상사고,0,1,0,0,차대차 - 추돌 - 진행중,안전운전불이행,건조,맑음,단일로 - 기타,화물,남,46세,상해없음,자전거,남,14세,중상
2015031400100414,2015년 3월 14일 15시,토요일,인천광역시 남동구 구월동,경상사고,0,0,2,0,차대차 - 추돌 - 진행중,안전거리미확보,건조,맑음,단일로 - 기타,승용,남,24세,상해없음,승용,남,32세,경상
2015031400100415,2015년 3월 14일 15시,토요일,인천광역시 부평구 부평동,경상사고,0,0,1,0,차대차 - 기타,안전운전불이행,건조,맑음,단일로 - 기타,승용,남,60세,상해없음,자전거,남,66세,경상
2015031400100460,2015년 3월 14일 16시,토요일,인천광역시 부평구 부평동,중상사고,0,1,0,0,차대사람 - 기타,보행자보호의무위반,건조,맑음,단일로 - 횡단보도상,승용,남,54세,상해없음,보행자,여,68세,중상
2015031400100461,2015년 3월 14일 16시,토요일,인천광역시 서구 연희동,경상사고,0,0,3,0,차대차 - 추돌 - 진행중,과속,건조,맑음,교차로 - 교차로부근,승용,남,37세,경상,승용,남,41세,경상
2015031400100462,2015년 3월 14일 16시,토요일,인천광역시 서구 연희동,부상신고사고,0,0,0,1,차대차 - 추돌 - 진행중,안전운전불이행,건조,맑음,단일로 - 기타,승용,남,40세,상해없음,승용,남,28세,부상신고
2015031400100463,2015년 3월 14일 16시,토요일,인천광역시 계양구 계산동,경상사고,0,0,5,0,차대차 - 추돌 - 주정차중,안전운전불이행,건조,맑음,교차로 - 교차로안,승용,남,49세,상해없음,승용,여,46세,경상
2015031400100499,2015년 3월 14일 17시,토요일,인천광역시 중구 운서동,경상사고,0,0,1,0,차대차 - 측면직각충돌,신호위반,건조,맑음,교차로 - 교차로안,화물,남,51세,상해없음,승합,남,55세,상해없음
2015031400100534,2015년 3월 14일 18시,토요일,인천광역시 계양구 노오지동,경상사고,0,0,3,0,차대차 - 측면직각충돌,안전거리미확보,건조,맑음,단일로 - 기타,화물,남,50세,상해없음,승용,여,43세,경상
2015031400100570,2015년 3월 14일 19시,토요일,인천광역시 서구 마전동,경상사고,0,0,1,0,차대차 - 측면직각충돌,안전운전불이행,건조,맑음,교차로 - 교차로안,이륜,남,43세,상해없음,자전거,남,24세,경상
2015031400100571,2015년 3월 14일 19시,토요일,인천광역시 부평구 일신동,중상사고,0,1,0,0,차대차 - 기타,안전운전불이행,건조,맑음,교차로 - 교차로부근,승용,여,47세,상해없음,승용,남,72세,상해없음
2015031400100603,2015년 3월 14일 20시,토요일,인천광역시 남동구 도림동,경상사고,0,0,3,0,차대차 - 추돌 - 주정차중,안전운전불이행,건조,맑음,단일로 - 기타,승용,남,38세,상해없음,승용,남,47세,경상
2015031400100627,2015년 3월 14일 21시,토요일,인천광역시 서구 가정동,경상사고,0,0,2,0,차대차 - 추돌 - 진행중,안전운전불이행,건조,맑음,단일로 - 기타,승용,남,57세,상해없음,승용,남,45세,경상
2015031400100658,2015년 3월 14일 22시,토요일,인천광역시 서구 검암동,경상사고,0,0,1,0,차대사람 - 횡단중,보행자보호의무위반,건조,맑음,단일로 - 횡단보도부근,승용,기타불명,기타불명,기타불명,보행자,남,20세,경상
2015031400100686,2015년 3월 14일 23시,토요일,인천광역시 서구 가좌동,사망사고,2,0,0,0,차대사람 - 횡단중,안전운전불이행,건조,맑음,교차로 - 교차로부근,승용,남,31세,상해없음,보행자,남,44세,사망
2015031500100019,2015년 3월 15일 00시,일요일,인천광역시 남구 숭의동,경상사고,0,0,1,0,차대차 - 기타,안전운전불이행,건조,맑음,단일로 - 기타,승용,남,20세,상해없음,승용,남,52세,경상
2015031500100038,2015년 3월 15일 01시,일요일,인천광역시 옹진군 영흥면,경상사고,0,0,1,0,차량단독 - 공작물충돌,안전운전불이행,건조,맑음,교차로 - 교차로부근,승용,남,23세,경상,,,,
2015031500100049,2015년 3월 15일 02시,일요일,인천광역시 남구 주안동,중상사고,0,1,0,0,차대차 - 측면직각충돌,안전운전불이행,건조,맑음,교차로 - 교차로안,승용,남,33세,상해없음,이륜,남,17세,중상
2015031500100069,2015년 3월 15일 04시,일요일,인천광역시 부평구 청천동,경상사고,0,0,2,0,차대차 - 추돌 - 주정차중,안전운전불이행,건조,맑음,교차로 - 교차로안,승용,남,54세,상해없음,승용,남,54세,경상
2015031500100084,2015년 3월 15일 05시,일요일,인천광역시 부평구 청천동,중상사고,0,1,0,0,차대차 - 기타,안전운전불이행,건조,맑음,교차로 - 교차로부근,승용,남,30세,상해없음,승합,남,63세,상해없음
2015031500100101,2015년 3월 15일 06시,일요일,인천광역시 중구 운서동,경상사고,0,0,2,0,차대차 - 정면충돌,신호위반,건조,맑음,교차로 - 교차로안,승용,남,31세,상해없음,승용,남,54세,경상
2015031500100120,2015년 3월 15일 07시,일요일,인천광역시 서구 가정동,경상사고,0,0,2,0,차대차 - 추돌 - 진행중,안전운전불이행,건조,맑음,단일로 - 기타,화물,남,31세,상해없음,승용,남,61세,경상
2015031500100156,2015년 3월 15일 09시,일요일,인천광역시 남동구 간석동,경상사고,0,0,1,0,차대차 - 측면직각충돌,안전운전불이행,건조,맑음,교차로 - 교차로안,승용,여,43세,상해없음,승용,남,60세,경상
2015031500100157,2015년 3월 15일 09시,일요일,인천광역시 서구 마전동,중상사고,0,1,0,0,차대차 - 추돌 - 진행중,신호위반,건조,맑음,교차로 - 교차로부근,승용,여,48세,상해없음,자전거,남,62세,중상
2015031500100220,2015년 3월 15일 12시,일요일,인천광역시 남구 주안동,경상사고,0,0,1,0,차대차 - 측면직각충돌,안전운전불이행,건조,맑음,단일로 - 기타,이륜,남,23세,경상,승용,남,49세,상해없음
2015031500100250,2015년 3월 15일 13시,일요일,인천광역시 부평구 부평동,경상사고,0,0,1,0,차대차 - 측면직각충돌,안전운전불이행,건조,맑음,교차로 - 교차로부근,승용,여,22세,상해없음,승합,여,61세,상해없음
2015031500100251,2015년 3월 15일 13시,일요일,인천광역시 서구 검암동,경상사고,0,0,1,0,차대차 - 측면직각충돌,신호위반,건조,맑음,교차로 - 교차로안,승용,남,68세,상해없음,승용,남,36세,경상
2015031500100252,2015년 3월 15일 13시,일요일,인천광역시 서구 가정동,경상사고,0,0,1,0,차대차 - 추돌 - 진행중,신호위반,건조,맑음,교차로 - 교차로안,승용,남,51세,상해없음,승합,남,44세,경상
2015031500100283,2015년 3월 15일 14시,일요일,인천광역시 남동구 간석동,경상사고,0,0,1,0,차대차 - 측면직각충돌,중앙선침범,건조,맑음,단일로 - 기타,승용,남,43세,상해없음,이륜,남,23세,경상
2015031500100284,2015년 3월 15일 14시,일요일,인천광역시 남동구 구월동,경상사고,0,0,1,0,차대차 - 추돌 - 진행중,안전운전불이행,건조,맑음,단일로 - 기타,승용,남,67세,상해없음,이륜,남,53세,경상
2015031500100285,2015년 3월 15일 14시,일요일,인천광역시 서구 가좌동,경상사고,0,0,2,0,차대차 - 측면직각충돌,중앙선침범,건조,맑음,단일로 - 기타,승용,여,39세,상해없음,승용,여,58세,경상
2015031500100286,2015년 3월 15일 14시,일요일,인천광역시 부평구 부평동,경상사고,0,0,1,0,차대차 - 측면직각충돌,안전운전불이행,건조,맑음,기타 - 기타,승용,남,30세,상해없음,승용,남,58세,경상
2015031500100323,2015년 3월 15일 15시,일요일,인천광역시 중구 운서동,중상사고,0,2,0,0,차대차 - 정면충돌,교차로운행방법위반,건조,맑음,교차로 - 교차로안,승용,남,38세,상해없음,승용,남,54세,중상
2015031500100324,2015년 3월 15일 15시,일요일,인천광역시 부평구 갈산동,경상사고,0,0,1,0,차대차 - 측면직각충돌,안전운전불이행,건조,맑음,교차로 - 교차로안,자전거,남,53세,경상,화물,남,43세,상해없음
2015031500100356,2015년 3월 15일 16시,일요일,인천광역시 부평구 구산동,경상사고,0,0,1,0,차대차 - 추돌 - 진행중,안전운전불이행,건조,맑음,단일로 - 기타,승용,남,27세,상해없음,승용,여,44세,경상
2015031500100386,2015년 3월 15일 17시,일요일,인천광역시 부평구 청천동,경상사고,0,0,1,0,차대차 - 측면직각충돌,안전운전불이행,건조,맑음,단일로 - 기타,승용,남,47세,상해없음,이륜,남,27세,경상
2015031500100387,2015년 3월 15일 17시,일요일,인천광역시 부평구 구산동,경상사고,0,0,1,0,차대차 - 추돌 - 진행중,안전운전불이행,건조,맑음,단일로 - 기타,승용,남,64세,상해없음,화물,남,44세,경상
2015031500100425,2015년 3월 15일 18시,일요일,인천광역시 부평구 산곡동,중상사고,0,2,1,0,차대차 - 추돌 - 진행중,안전거리미확보,건조,맑음,교차로 - 교차로부근,승용,남,68세,상해없음,승용,여,33세,중상
2015031500100426,2015년 3월 15일 18시,일요일,인천광역시 연수구 옥련동,경상사고,0,0,1,0,차대차 - 추돌 - 진행중,안전운전불이행,건조,맑음,교차로 - 교차로부근,승용,남,25세,상해없음,승용,남,51세,경상
2015031500100498,2015년 3월 15일 20시,일요일,인천광역시 남구 도화동,경상사고,0,0,4,0,차대차 - 추돌 - 주정차중,안전운전불이행,건조,맑음,단일로 - 기타,승용,남,32세,상해없음,승용,남,43세,경상
2015031500100499,2015년 3월 15일 20시,일요일,인천광역시 남동구 만수동,경상사고,0,0,1,0,차대사람 - 횡단중,안전운전불이행,습기,비,단일로 - 횡단보도상,승용,남,55세,상해없음,보행자,남,39세,경상
2015031500100543,2015년 3월 15일 22시,일요일,인천광역시 남동구 논현동,경상사고,0,0,1,0,차대차 - 기타,신호위반,건조,맑음,교차로 - 교차로안,승용,남,60세,상해없음,이륜,남,19세,경상
2015031500100560,2015년 3월 15일 23시,일요일,인천광역시 남구 주안동,경상사고,0,0,1,0,차대차 - 측면직각충돌,안전운전불이행,건조,맑음,단일로 - 기타,화물,남,64세,상해없음,승용,남,26세,경상
2015031600100013,2015년 3월 16일 00시,월요일,인천광역시 계양구 서운동,중상사고,0,1,0,0,차대차 - 추돌 - 진행중,안전운전불이행,건조,맑음,단일로 - 기타,승용,기타불명,기타불명,기타불명,승용,남,32세,중상
2015031600100054,2015년 3월 16일 06시,월요일,인천광역시 남구 용현동,경상사고,0,0,2,0,차대사람 - 횡단중,신호위반,건조,맑음,단일로 - 횡단보도상,승용,남,59세,상해없음,보행자,남,46세,경상
2015031600100055,2015년 3월 16일 06시,월요일,인천광역시 남동구 구월동,경상사고,0,0,1,0,차대차 - 추돌 - 진행중,안전운전불이행,건조,맑음,단일로 - 기타,이륜,남,66세,경상,승용,남,54세,상해없음
2015031600100109,2015년 3월 16일 08시,월요일,인천광역시 남동구 간석동,경상사고,0,0,1,0,차대사람 - 길가장자리구역통행중,안전운전불이행,건조,맑음,단일로 - 기타,승용,남,41세,상해없음,보행자,남,10세,경상
2015031600100169,2015년 3월 16일 10시,월요일,인천광역시 동구 금곡동,부상신고사고,0,0,0,1,차대차 - 정면충돌,신호위반,건조,맑음,교차로 - 교차로안,자전거,남,68세,부상신고,승용,여,60세,상해없음
2015031600100170,2015년 3월 16일 10시,월요일,인천광역시 서구 경서동,경상사고,0,0,2,0,차대차 - 측면직각충돌,교차로운행방법위반,건조,맑음,교차로 - 교차로부근,화물,남,39세,상해없음,승용,여,53세,경상
2015031600100241,2015년 3월 16일 12시,월요일,인천광역시 중구 사동,부상신고사고,0,0,0,1,차대차 - 측면직각충돌,안전운전불이행,건조,맑음,교차로 - 교차로부근,기타불명,남,15세,기타불명,승용,남,25세,부상신고
2015031600100242,2015년 3월 16일 12시,월요일,인천광역시 서구 심곡동,경상사고,0,0,2,0,차대사람 - 횡단중,안전운전불이행,건조,맑음,교차로 - 교차로부근,승용,남,52세,상해없음,보행자,여,49세,경상
2015031600100272,2015년 3월 16일 13시,월요일,인천광역시 서구 마전동,경상사고,0,0,1,0,차대차 - 추돌 - 진행중,안전운전불이행,건조,맑음,단일로 - 기타,원동기,남,64세,경상,화물,남,72세,상해없음
2015031600100273,2015년 3월 16일 13시,월요일,인천광역시 서구 석남동,중상사고,0,1,1,0,차대차 - 측면직각충돌,안전운전불이행,건조,맑음,교차로 - 교차로안,승용,남,57세,상해없음,승용,남,50세,경상
2015031600100404,2015년 3월 16일 17시,월요일,인천광역시 남동구 만수동,중상사고,0,1,0,0,차대사람 - 차도통행중,안전운전불이행,건조,맑음,단일로 - 기타,승용,남,41세,상해없음,보행자,여,57세,중상