사고번호,사고일시,요일,시군구,사고내용,사망자수,중상자수,경상자수,부상신고자수,사고유형,법규위반,노면상태,기상상태,도로형태,가해운전자 차종,가해운전자 성별,가해운전자 연령,가해운전자 상해정도,피해운전자 차종,피해운전자 성별,피해운전자 연령,피해운전자 상해정도
2015031600100405,2015년 3월 16일 17시,월요일,인천광역시 남구 주안동,경상사고,0,0,2,0,차대차 - 측면직각충돌,안전운전불이행,건조,맑음,교차로 - 교차로부근,승용,여,28세,경상,승용,여,54세,경상
2015031600100481,2015년 3월 16일 19시,월요일,인천광역시 남구 도화동,중상사고,0,1,0,0,차대사람 - 횡단중,안전운전불이행,건조,맑음,단일로 - 기타,승용,남,33세,상해없음,보행자,여,62세,중상
2015031600100513,2015년 3월 16일 20시,월요일,인천광역시 남동구 간석동,경상사고,0,0,1,0,차대사람 - 횡단중,안전운전불이행,건조,맑음,교차로 - 교차로안,승용,남,31세,상해없음,보행자,여,51세,경상
2015031600100582,2015년 3월 16일 22시,월요일,인천광역시 서구 오류동,중상사고,0,1,2,0,차대차 - 추돌 - 주정차중,안전운전불이행,건조,맑음,교차로 - 교차로안,승용,남,25세,중상,건설기계,남,37세,경상
2015031600100606,2015년 3월 16일 23시,월요일,인천광역시 서구 석남동,경상사고,0,0,1,0,차대사람 - 길가장자리구역통행중,안전운전불이행,건조,맑음,단일로 - 기타,승합,남,35세,상해없음,보행자,남,43세,경상
2015031700100053,2015년 3월 17일 04시,화요일,인천광역시 남구 주안동,중상사고,0,1,1,0,차대차 - 기타,안전운전불이행,건조,맑음,교차로 - 교차로부근,승용,남,29세,상해없음,승용,남,53세,중상
2015031700100062,2015년 3월 17일 05시,화요일,인천광역시 남구 주안동,경상사고,0,0,2,0,차대차 - 정면충돌,신호위반,건조,맑음,교차로 - 교차로안,화물,남,48세,경상,승용,남,41세,경상
2015031700100100,2015년 3월 17일 07시,화요일,인천광역시 부평구 산곡동,중상사고,0,1,0,0,차대차 - 추돌 - 주정차중,안전운전불이행,건조,맑음,단일로 - 기타,승용,남,31세,상해없음,승용,여,49세,중상
2015031700100101,2015년 3월 17일 07시,화요일,인천광역시 남동구 고잔동,중상사고,0,1,0,0,차대차 - 측면직각충돌,기타,건조,맑음,단일로 - 기타,승용,남,53세,상해없음,자전거,남,47세,중상
2015031700100102,2015년 3월 17일 07시,화요일,인천광역시 부평구 부평동,경상사고,0,0,1,0,차대차 - 측면직각충돌,안전운전불이행,건조,맑음,단일로 - 기타,승용,남,33세,상해없음,자전거,남,81세,경상
2015031700100141,2015년 3월 17일 08시,화요일,인천광역시 중구 운서동,경상사고,0,0,1,0,차대차 - 측면직각충돌,교차로운행방법위반,건조,맑음,교차로 - 교차로안,승합,남,41세,상해없음,화물,남,57세,경상
2015031700100177,2015년 3월 17일 09시,화요일,인천광역시 남동구 수산동,경상사고,0,0,2,0,차대차 - 추돌 - 진행중,안전운전불이행,건조,맑음,교차로 - 교차로안,승용,남,29세,상해없음,승용,여,37세,경상
2015031700100178,2015년 3월 17일 09시,화요일,인천광역시 연수구 연수동,경상사고,0,0,1,0,차대차 - 기타,안전운전불이행,건조,맑음,교차로 - 교차로안,승용,여,39세,상해없음,승용,남,55세,경상
2015031700100214,2015년 3월 17일 10시,화요일,인천광역시 서구 공촌동,중상사고,0,2,0,0,차대차 - 추돌 - 주정차중,안전운전불이행,건조,맑음,단일로 - 기타,승용,남,73세,상해없음,승용,여,54세,중상
2015031700100215,2015년 3월 17일 10시,화요일,인천광역시 연수구 동춘동,중상사고,0,1,0,0,차대차 - 기타,안전운전불이행,건조,맑음,교차로 - 교차로부근,승합,남,58세,상해없음,자전거,남,20세,중상
2015031700100256,2015년 3월 17일 12시,화요일,인천광역시 남구 관교동,중상사고,0,1,0,0,차대사람 - 횡단중,신호위반,건조,맑음,교차로 - 교차로부근,자전거,남,18세,기타불명,보행자,여,30세,중상
2015031700100257,2015년 3월 17일 12시,화요일,인천광역시 남동구 구월동,경상사고,0,0,1,0,차대사람 - 횡단중,안전운전불이행,건조,맑음,단일로 - 횡단보도부근,승용,기타불명,기타불명,기타불명,보행자,여,18세,경상
2015031700100287,2015년 3월 17일 13시,화요일,인천광역시 남구 문학동,경상사고,0,0,1,0,차대차 - 측면직각충돌,교차로운행방법위반,건조,맑음,교차로 - 교차로안,승용,남,53세,상해없음,승용,남,58세,경상
2015031700100322,2015년 3월 17일 14시,화요일,인천광역시 남동구 논현동,경상사고,0,0,1,0,차대차 - 정면충돌,신호위반,건조,흐림,교차로 - 교차로안,화물,남,64세,상해없음,화물,남,53세,경상
2015031700100410,2015년 3월 17일 17시,화요일,인천광역시 부평구 부평동,경상사고,0,0,1,0,차대사람 - 기타,안전운전불이행,건조,맑음,단일로 - 기타,기타불명,기타불명,기타불명,기타불명,보행자,여,14세,경상
2015031700100411,2015년 3월 17일 17시,화요일,인천광역시 서구 마전동,중상사고,0,1,0,0,차대사람 - 횡단중,안전운전불이행,건조,맑음,단일로 - 기타,승용,남,62세,상해없음,보행자,남,7세,중상
2015031700100412,2015년 3월 17일 17시,화요일,인천광역시 서구 경서동,경상사고,0,0,1,0,차대차 - 추돌 - 진행중,안전운전불이행,건조,맑음,교차로 - 교차로안,화물,남,33세,상해없음,건설기계,남,54세,경상
2015031700100456,2015년 3월 17일 18시,화요일,인천광역시 옹진군 대청면,중상사고,0,1,0,0,차량단독 - 전도전복,안전운전불이행,습기,안개,단일로 - 기타,승용,남,55세,중상,,,,
2015031700100497,2015년 3월 17일 19시,화요일,인천광역시 남구 주안동,경상사고,0,0,1,0,차대사람 - 차도통행중,안전운전불이행,건조,맑음,교차로 - 교차로안,승용,남,43세,상해없음,보행자,여,55세,경상
2015031700100498,2015년 3월 17일 19시,화요일,인천광역시 서구 가좌동,중상사고,0,1,0,0,차대사람 - 횡단중,보행자보호의무위반,건조,맑음,교차로 - 교차로부근,승용,남,44세,상해없음,보행자,여,51세,중상
2015031700100499,2015년 3월 17일 19시,화요일,인천광역시 연수구 송도동,중상사고,0,1,0,0,차대사람 - 기타,안전운전불이행,건조,맑음,교차로 - 교차로안,승용,남,68세,상해없음,보행자,여,45세,중상
2015031700100500,2015년 3월 17일 19시,화요일,인천광역시 남동구 논현동,경상사고,0,0,1,0,차대차 - 측면직각충돌,안전거리미확보,건조,맑음,단일로 - 기타,화물,남,55세,상해없음,승용,여,28세,경상
2015031700100523,2015년 3월 17일 20시,화요일,인천광역시 남구 주안동,중상사고,0,1,0,0,차대차 - 측면직각충돌,신호위반,건조,맑음,단일로 - 기타,승용,남,38세,상해없음,원동기,남,16세,중상
2015031700100524,2015년 3월 17일 20시,화요일,인천광역시 연수구 연수동,중상사고,0,1,0,0,차량단독 - 공작물충돌,안전운전불이행,건조,맑음,단일로 - 기타,화물,남,26세,상해없음,,,,
2015031700100584,2015년 3월 17일 22시,화요일,인천광역시 계양구 작전동,경상사고,0,0,1,0,차대차 - 추돌 - 주정차중,안전운전불이행,건조,맑음,교차로 - 교차로부근,승용,남,54세,상해없음,승용,남,39세,경상
2015031700100585,2015년 3월 17일 22시,화요일,인천광역시 계양구 효성동,경상사고,0,0,1,0,차대사람 - 횡단중,신호위반,건조,맑음,단일로 - 횡단보도상,승합,남,66세,상해없음,보행자,여,19세,경상
2015031800100045,2015년 3월 18일 03시,수요일,인천광역시 계양구 작전동,경상사고,0,0,1,0,차대사람 - 기타,기타,건조,맑음,교차로 - 교차로부근,승용,남,62세,상해없음,보행자,남,28세,경상
2015031800100051,2015년 3월 18일 04시,수요일,인천광역시 서구 가좌동,경상사고,0,0,2,0,차대차 - 측면직각충돌,안전운전불이행,건조,맑음,교차로 - 교차로부근,승용,여,72세,상해없음,이륜,남,16세,경상
2015031800100083,2015년 3월 18일 06시,수요일,인천광역시 남동구 고잔동,경상사고,0,0,1,0,차대차 - 측면직각충돌,신호위반,건조,맑음,교차로 - 교차로안,승용,남,36세,상해없음,화물,남,43세,경상
2015031800100148,2015년 3월 18일 08시,수요일,인천광역시 부평구 청천동,경상사고,0,0,1,0,차대차 - 측면직각충돌,신호위반,건조,맑음,교차로 - 교차로부근,승용,남,57세,상해없음,승용,남,27세,경상
2015031800100149,2015년 3월 18일 08시,수요일,인천광역시 계양구 계산동,중상사고,0,1,0,0,차대사람 - 횡단중,보행자보호의무위반,건조,맑음,단일로 - 기타,승용,여,34세,기타불명,보행자,남,80세,중상
2015031800100177,2015년 3월 18일 09시,수요일,인천광역시 연수구 옥련동,경상사고,0,0,1,0,차대사람 - 기타,안전운전불이행,건조,맑음,단일로 - 기타,승합,남,50세,상해없음,보행자,여,70세,경상
2015031800100217,2015년 3월 18일 11시,수요일,인천광역시 남동구 구월동,경상사고,0,0,1,0,차대차 - 추돌 - 주정차중,안전운전불이행,건조,맑음,교차로 - 교차로부근,승용,남,47세,상해없음,승용,여,32세,경상
2015031800100312,2015년 3월 18일 14시,수요일,인천광역시 중구 북성동1가,경상사고,0,0,1,0,차대차 - 측면직각충돌,차로위반,건조,맑음,단일로 - 기타,승합,남,38세,경상,화물,남,56세,상해없음
2015031800100313,2015년 3월 18일 14시,수요일,인천광역시 남구 주안동,중상사고,0,1,0,0,차대사람 - 횡단중,안전운전불이행,습기,맑음,단일로 - 기타,승용,여,38세,상해없음,보행자,남,7세,중상
2015031800100342,2015년 3월 18일 15시,수요일,인천광역시 남구 주안동,경상사고,0,0,2,0,차대차 - 측면직각충돌,신호위반,습기,비,교차로 - 교차로안,승용,남,45세,상해없음,승용,여,44세,경상
2015031800100343,2015년 3월 18일 15시,수요일,인천광역시 남동구 구월동,경상사고,0,0,1,0,차대차 - 측면직각충돌,안전거리미확보,건조,맑음,교차로 - 교차로안,승용,남,60세,상해없음,승용,여,52세,경상
2015031800100344,2015년 3월 18일 15시,수요일,인천광역시 연수구 연수동,중상사고,0,1,0,0,차대차 - 측면직각충돌,불법유턴,습기,비,단일로 - 기타,승용,남,25세,상해없음,승용,남,59세,중상
2015031800100384,2015년 3월 18일 16시,수요일,인천광역시 부평구 부평동,중상사고,0,1,0,0,차대차 - 기타,안전운전불이행,건조,맑음,교차로 - 교차로부근,승합,남,58세,상해없음,승용,여,55세,중상
2015031800100385,2015년 3월 18일 16시,수요일,인천광역시 서구 석남동,경상사고,0,0,2,0,차대차 - 측면직각충돌,신호위반,건조,맑음,교차로 - 교차로안,승용,여,31세,상해없음,승합,남,40세,경상
2015031800100430,2015년 3월 18일 17시,수요일,인천광역시 중구 신흥동1가,경상사고,0,0,1,0,차대차 - 측면직각충돌,중앙선침범,습기,비,단일로 - 기타,이륜,남,61세,경상,승용,남,45세,상해없음
2015031800100431,2015년 3월 18일 17시,수요일,인천광역시 중구 사동,경상사고,0,0,1,0,차대차 - 추돌 - 주정차중,안전거리미확보,건조,맑음,교차로 - 교차로부근,화물,남,41세,상해없음,승용,남,40세,경상
2015031800100432,2015년 3월 18일 17시,수요일,인천광역시 남구 학익동,경상사고,0,0,1,0,차대차 - 기타,안전운전불이행,습기,비,단일로 - 기타,화물,남,41세,상해없음,승용,여,44세,경상
2015031800100433,2015년 3월 18일 17시,수요일,인천광역시 남동구 논현동,중상사고,0,1,0,0,차대사람 - 차도통행중,안전운전불이행,습기,비,교차로 - 교차로안,화물,여,56세,상해없음,보행자,여,65세,중상
2015031800100434,2015년 3월 18일 17시,수요일,인천광역시 부평구 삼산동,경상사고,0,0,3,0,차대차 - 기타,안전운전불이행,건조,맑음,교차로 - 교차로부근,화물,남,51세,상해없음,승용,여,49세,경상
2015031800100474,2015년 3월 18일 18시,수요일,인천광역시 서구 심곡동,부상신고사고,0,0,0,1,차량단독 - 공작물충돌,안전운전불이행,건조,맑음,교차로 - 교차로부근,승용,남,36세,부상신고,,,,
2015031800100475,2015년 3월 18일 18시,수요일,인천광역시 연수구 청학동,경상사고,0,0,2,0,차대차 - 기타,안전운전불이행,습기,비,교차로 - 교차로안,승용,남,28세,상해없음,승용,여,30세,경상
2015031800100538,2015년 3월 18일 19시,수요일,인천광역시 연수구 옥련동,부상신고사고,0,0,0,1,차대차 - 기타,안전운전불이행,건조,맑음,단일로 - 기타,승용,남,54세,상해없음,승용,여,30세,부상신고
2015031800100586,2015년 3월 18일 20시,수요일,인천광역시 중구 운남동,경상사고,0,0,1,0,차대차 - 추돌 - 진행중,안전운전불이행,건조,맑음,단일로 - 기타,승용,남,68세,상해없음,승용,여,30세,경상
2015031800100587,2015년 3월 18일 20시,수요일,인천광역시 중구 운서동,중상사고,0,1,0,0,차대차 - 기타,중앙선침범,건조,맑음,단일로 - 기타,승용,남,50세,상해없음,승용,남,51세,중상
2015031800100632,2015년 3월 18일 21시,수요일,인천광역시 남동구 논현동,경상사고,0,0,1,0,차대차 - 측면직각충돌,안전거리미확보,건조,맑음,단일로 - 기타,이륜,남,25세,경상,승용,여,55세,상해없음
2015031800100633,2015년 3월 18일 21시,수요일,인천광역시 남동구 구월동,경상사고,0,0,1,0,차대차 - 기타,안전운전불이행,건조,맑음,교차로 - 교차로부근,승합,남,42세,상해없음,승용,남,63세,경상
2015031800100693,2015년 3월 18일 23시,수요일,인천광역시 남구 용현동,경상사고,0,0,1,0,차대사람 - 길가장자리구역통행중,안전운전불이행,건조,맑음,단일로 - 기타,승용,남,25세,상해없음,보행자,남,49세,경상
2015031900100043,2015년 3월 19일 01시,목요일,인천광역시 남동구 간석동,경상사고,0,0,1,0,차대사람 - 횡단중,안전운전불이행,건조,맑음,교차로 - 교차로부근,승용,남,51세,상해없음,보행자,여,24세,경상
2015031900100073,2015년 3월 19일 05시,목요일,인천광역시 서구 검암동,사망사고,1,0,0,0,차대사람 - 횡단중,과속,건조,맑음,단일로 - 기타,승용,남,58세,상해없음,보행자,남,39세,사망
2015031900100104,2015년 3월 19일 07시,목요일,인천광역시 계양구 계산동,경상사고,0,0,1,0,차대차 - 추돌 - 진행중,안전거리미확보,건조,맑음,단일로 - 기타,승용,남,33세,상해없음,화물,남,45세,경상
2015031900100151,2015년 3월 19일 08시,목요일,인천광역시 서구 경서동,경상사고,0,0,1,0,차대차 - 측면직각충돌,안전운전불이행,건조,맑음,단일로 - 기타,승용,남,35세,상해없음,승용,남,36세,경상
2015031900100152,2015년 3월 19일 08시,목요일,인천광역시 계양구 계산동,경상사고,0,0,1,0,차대차 - 측면직각충돌,안전운전불이행,건조,맑음,단일로 - 기타,승용,남,45세,상해없음,승용,남,54세,경상
2015031900100189,2015년 3월 19일 09시,목요일,인천광역시 남동구 장수동,경상사고,0,0,3,0,차대차 - 추돌 - 주정차중,안전운전불이행,건조,맑음,교차로 - 교차로부근,화물,남,46세,상해없음,승용,여,45세,경상
2015031900100216,2015년 3월 19일 10시,목요일,인천광역시 남동구 구월동,경상사고,0,0,1,0,차대차 - 측면직각충돌,안전운전불이행,건조,맑음,단일로 - 기타,화물,남,41세,기타불명,승용,남,66세,경상
2015031900100272,2015년 3월 19일 12시,목요일,인천광역시 서구 연희동,중상사고,0,1,1,0,차대사람 - 횡단중,보행자보호의무위반,건조,맑음,교차로 - 교차로부근,승용,여,46세,상해없음,보행자,여,76세,중상
2015031900100273,2015년 3월 19일 12시,목요일,인천광역시 계양구 작전동,중상사고,0,1,0,0,차대사람 - 횡단중,안전운전불이행,건조,맑음,단일로 - 기타,화물,남,51세,상해없음,보행자,여,67세,중상
2015031900100316,2015년 3월 19일 13시,목요일,인천광역시 부평구 부평동,경상사고,0,0,1,0,차대차 - 측면직각충돌,교차로운행방법위반,건조,맑음,교차로 - 교차로안,화물,남,57세,상해없음,승용,여,43세,경상
2015031900100389,2015년 3월 19일 15시,목요일,인천광역시 남구 숭의동,경상사고,0,0,3,0,차대차 - 추돌 - 주정차중,안전운전불이행,건조,맑음,단일로 - 기타,승용,남,49세,상해없음,승용,남,19세,상해없음
2015031900100390,2015년 3월 19일 15시,목요일,인천광역시 남동구 논현동,경상사고,0,0,1,0,차대사람 - 횡단중,신호위반,건조,맑음,단일로 - 기타,승용,여,56세,상해없음,보행자,여,42세,경상
2015031900100416,2015년 3월 19일 16시,목요일,인천광역시 계양구 효성동,중상사고,0,1,0,0,차대사람 - 횡단중,보행자보호의무위반,건조,맑음,단일로 - 횡단보도상,승용,여,57세,상해없음,보행자,남,7세,중상
2015031900100459,2015년 3월 19일 17시,목요일,인천광역시 남동구 만수동,경상사고,0,0,1,1,차대사람 - 횡단중,안전운전불이행,건조,맑음,단일로 - 기타,승용,남,71세,상해없음,보행자,여,35세,경상
2015031900100484,2015년 3월 19일 18시,목요일,인천광역시 남동구 논현동,경상사고,0,0,1,0,차대차 - 측면직각충돌,안전운전불이행,건조,맑음,단일로 - 기타,이륜,남,16세,경상,승합,남,49세,상해없음
2015031900100534,2015년 3월 19일 19시,목요일,인천광역시 강화군 교동면,경상사고,0,0,1,0,차대차 - 기타,안전운전불이행,건조,맑음,단일로 - 기타,승용,여,59세,상해없음,이륜,남,15세,경상
2015031900100535,2015년 3월 19일 19시,목요일,인천광역시 연수구 연수동,경상사고,0,0,1,0,차대차 - 기타,안전운전불이행,건조,맑음,교차로 - 교차로부근,승용,남,50세,상해없음,승용,여,46세,경상
2015031900100536,2015년 3월 19일 19시,목요일,인천광역시 부평구 삼산동,중상사고,0,1,2,0,차대차 - 추돌 - 주정차중,안전운전불이행,건조,맑음,단일로 - 기타,승용,남,32세,상해없음,승용,여,23세,중상
2015031900100537,2015년 3월 19일 19시,목요일,인천광역시 부평구 부평동,중상사고,0,1,0,0,차대차 - 기타,안전운전불이행,건조,맑음,단일로 - 기타,원동기,남,68세,중상,승용,남,48세,상해없음
2015031900100566,2015년 3월 19일 20시,목요일,인천광역시 서구 연희동,경상사고,0,0,1,0,차대차 - 측면직각충돌,신호위반,건조,맑음,교차로 - 교차로안,승용,남,57세,상해없음,자전거,남,16세,경상
2015031900100567,2015년 3월 19일 20시,목요일,인천광역시 연수구 동춘동,중상사고,0,1,0,0,차대사람 - 횡단중,보행자보호의무위반,건조,맑음,교차로 - 교차로부근,승용,여,54세,상해없음,보행자,여,29세,중상
2015031900100568,2015년 3월 19일 20시,목요일,인천광역시 부평구 일신동,경상사고,0,0,2,0,차대차 - 추돌 - 진행중,안전운전불이행,건조,맑음,단일로 - 교량,승용,남,70세,상해없음,승용,남,37세,경상
2015031900100657,2015년 3월 19일 23시,목요일,인천광역시 서구 심곡동,경상사고,0,0,2,0,차대차 - 추돌 - 주정차중,안전운전불이행,건조,맑음,교차로 - 교차로부근,승용,남,46세,상해없음,승용,남,33세,경상
2015032000100011,2015년 3월 20일 00시,금요일,인천광역시 부평구 부평동,중상사고,0,1,0,0,차대사람 - 기타,안전운전불이행,건조,맑음,단일로 - 기타,승용,남,31세,상해없음,보행자,남,50세,중상
2015032000100089,2015년 3월 20일 06시,금요일,인천광역시 부평구 부개동,중상사고,0,1,0,0,차대차 - 기타,중앙선침범,건조,맑음,단일로 - 기타,화물,남,40세,상해없음,자전거,남,51세,중상
2015032000100176,2015년 3월 20일 09시,금요일,인천광역시 동구 송림동,중상사고,0,1,0,0,차대차 - 측면직각충돌,교차로운행방법위반,건조,맑음,교차로 - 교차로안,승용,남,56세,상해없음,화물,남,59세,중상
2015032000100210,2015년 3월 20일 10시,금요일,인천광역시 부평구 청천동,경상사고,0,0,1,0,차대사람 - 기타,안전운전불이행,건조,맑음,단일로 - 기타,기타불명,기타불명,기타불명,기타불명,보행자,남,61세,경상
2015032000100239,2015년 3월 20일 11시,금요일,인천광역시 남구 주안동,경상사고,0,0,1,0,차대사람 - 보도통행중,안전운전불이행,건조,맑음,단일로 - 기타,승용,여,54세,상해없음,보행자,남,55세,경상
2015032000100240,2015년 3월 20일 11시,금요일,인천광역시 부평구 청천동,경상사고,0,0,1,0,차대차 - 기타,안전운전불이행,건조,맑음,교차로 - 교차로부근,승용,남,70세,상해없음,승용,여,34세,경상
2015032000100263,2015년 3월 20일 12시,금요일,인천광역시 동구 송림동,경상사고,0,0,4,0,차대차 - 추돌 - 진행중,안전운전불이행,건조,맑음,교차로 - 교차로부근,화물,남,38세,상해없음,승용,여,43세,경상
2015032000100264,2015년 3월 20일 12시,금요일,인천광역시 남구 학익동,경상사고,0,0,1,0,차대사람 - 횡단중,안전운전불이행,건조,맑음,교차로 - 교차로안,승용,남,52세,상해없음,보행자,여,19세,경상
2015032000100297,2015년 3월 20일 13시,금요일,인천광역시 남동구 만수동,경상사고,0,0,1,0,차대사람 - 기타,안전운전불이행,건조,맑음,교차로 - 교차로안,승용,남,38세,상해없음,보행자,여,57세,경상
2015032000100298,2015년 3월 20일 13시,금요일,인천광역시 서구 마전동,중상사고,0,1,0,0,차대차 - 측면직각충돌,차로위반,건조,맑음,단일로 - 기타,화물,남,54세,상해없음,이륜,남,52세,중상
2015032000100299,2015년 3월 20일 13시,금요일,인천광역시 서구 가정동,경상사고,0,0,1,0,차대차 - 측면직각충돌,안전거리미확보,건조,맑음,단일로 - 기타,승용,여,36세,상해없음,승용,남,56세,상해없음
2015032000100329,2015년 3월 20일 14시,금요일,인천광역시 남동구 논현동,경상사고,0,0,1,0,차대차 - 측면직각충돌,신호위반,건조,맑음,교차로 - 교차로안,승용,여,57세,상해없음,승용,남,32세,경상
2015032000100330,2015년 3월 20일 14시,금요일,인천광역시 계양구 계산동,경상사고,0,0,1,0,차대사람 - 차도통행중,안전운전불이행,건조,맑음,교차로 - 교차로안,승용,남,25세,상해없음,보행자,남,57세,경상
2015032000100359,2015년 3월 20일 15시,금요일,인천광역시 중구 신흥동1가,경상사고,0,0,1,0,차대차 - 측면직각충돌,안전거리미확보,건조,맑음,교차로 - 교차로부근,승용,여,35세,상해없음,승용,남,34세,경상
2015032000100360,2015년 3월 20일 15시,금요일,인천광역시 남동구 논현동,중상사고,0,1,0,0,차대사람 - 기타,보행자보호의무위반,건조,맑음,단일로 - 기타,승용,남,59세,상해없음,보행자,여,10세,중상
2015032000100406,2015년 3월 20일 16시,금요일,인천광역시 중구 신흥동3가,중상사고,0,1,0,0,차대차 - 측면직각충돌,안전거리미확보,건조,맑음,단일로 - 기타,건설기계,남,36세,상해없음,승용,여,32세,중상
2015032000100447,2015년 3월 20일 17시,금요일,인천광역시 남구 용현동,경상사고,0,0,1,0,차대사람 - 횡단중,안전운전불이행,건조,맑음,단일로 - 기타,승용,남,58세,상해없음,보행자,남,8세,경상
2015032000100448,2015년 3월 20일 17시,금요일,인천광역시 계양구 작전동,중상사고,0,1,0,0,차대사람 - 횡단중,보행자보호의무위반,건조,맑음,교차로 - 교차로부근,승용,여,53세,상해없음,보행자,여,52세,중상
2015032000100480,2015년 3월 20일 18시,금요일,인천광역시 남구 주안동,경상사고,0,0,1,0,차대사람 - 기타,안전운전불이행,건조,맑음,단일로 - 기타,승용,여,37세,상해없음,보행자,여,43세,경상
2015032000100481,2015년 3월 20일 18시,금요일,인천광역시 부평구 청천동,경상사고,0,0,3,0,차대차 - 측면직각충돌,안전운전불이행,건조,맑음,단일로 - 기타,승용,여,44세,기타불명,화물,남,33세,상해없음
2015032000100482,2015년 3월 20일 18시,금요일,인천광역시 남동구 논현동,경상사고,0,0,1,1,차대차 - 측면직각충돌,신호위반,건조,맑음,교차로 - 교차로안,승용,여,57세,상해없음,승합,남,59세,부상신고
2015032000100483,2015년 3월 20일 18시,금요일,인천광역시 연수구 선학동,경상사고,0,0,1,0,차대사람 - 기타,중앙선침범,건조,맑음,기타 - 기타,자전거,남,23세,상해없음,보행자,여,75세,경상
2015032000100484,2015년 3월 20일 18시,금요일,인천광역시 부평구 부개동,경상사고,0,0,1,0,차대차 - 측면직각충돌,교차로운행방법위반,건조,맑음,교차로 - 교차로안,승합,남,23세,상해없음,원동기,남,22세,경상
2015032000100527,2015년 3월 20일 19시,금요일,인천광역시 남동구 구월동,경상사고,0,0,1,0,차대사람 - 보도통행중,기타,건조,맑음,단일로 - 기타,원동기,남,39세,상해없음,보행자,남,2세,경상
2015032000100528,2015년 3월 20일 19시,금요일,인천광역시 계양구 계산동,경상사고,0,0,1,0,차대차 - 추돌 - 진행중,신호위반,건조,맑음,교차로 - 교차로안,이륜,남,23세,상해없음,승용,남,43세,경상
2015032000100565,2015년 3월 20일 20시,금요일,인천광역시 남동구 구월동,중상사고,0,1,5,0,차대차 - 추돌 - 주정차중,안전거리미확보,건조,맑음,교차로 - 교차로부근,승용,남,43세,경상,승용,남,62세,경상
2015032000100566,2015년 3월 20일 20시,금요일,인천광역시 서구 경서동,경상사고,0,0,1,0,차대차 - 추돌 - 주정차중,안전운전불이행,건조,맑음,단일로 - 기타,승용,남,32세,상해없음,이륜,남,24세,경상
2015032000100605,2015년 3월 20일 21시,금요일,인천광역시 남동구 남촌동,중상사고,0,1,0,0,차대사람 - 길가장자리구역통행중,안전운전불이행,건조,맑음,단일로 - 기타,승용,여,49세,상해없음,보행자,남,54세,중상
2015032000100640,2015년 3월 20일 22시,금요일,인천광역시 계양구 작전동,경상사고,0,0,1,0,차대차 - 추돌 - 주정차중,안전운전불이행,건조,맑음,교차로 - 교차로안,승용,남,50세,상해없음,승용,남,27세,경상
2015032000100667,2015년 3월 20일 23시,금요일,인천광역시 중구 운북동,경상사고,0,0,1,0,차대차 - 추돌 - 진행중,안전운전불이행,건조,맑음,단일로 - 기타,승용,남,37세,기타불명,승용,남,24세,경상
2015032100100055,2015년 3월 21일 02시,토요일,인천광역시 남구 주안동,사망사고,1,0,0,0,차대사람 - 횡단중,과속,건조,맑음,단일로 - 기타,승용,남,66세,상해없음,보행자,여,48세,사망
2015032100100056,2015년 3월 21일 02시,토요일,인천광역시 남구 도화동,경상사고,0,0,1,0,차대차 - 추돌 - 진행중,안전운전불이행,건조,맑음,교차로 - 교차로부근,승합,남,42세,상해없음,승용,남,45세,경상
2015032100100057,2015년 3월 21일 02시,토요일,인천광역시 남구 관교동,경상사고,0,0,1,0,차대차 - 기타,교차로운행방법위반,건조,맑음,교차로 - 교차로안,승용,남,66세,상해없음,승용,남,29세,경상
2015032100100090,2015년 3월 21일 05시,토요일,인천광역시 남동구 논현동,중상사고,0,1,0,0,차대차 - 정면충돌,중앙선침범,건조,맑음,단일로 - 기타,승용,여,45세,상해없음,이륜,남,30세,중상
2015032100100180,2015년 3월 21일 10시,토요일,인천광역시 남동구 장수동,경상사고,0,0,4,0,차대차 - 추돌 - 주정차중,안전운전불이행,건조,맑음,단일로 - 기타,화물,남,45세,상해없음,승용,남,55세,경상
2015032100100209,2015년 3월 21일 11시,토요일,인천광역시 강화군 강화읍,경상사고,0,0,1,0,차대차 - 기타,안전운전불이행,건조,맑음,단일로 - 기타,승용,여,24세,상해없음,기타불명,남,30세,상해없음
2015032100100264,2015년 3월 21일 13시,토요일,인천광역시 서구 불로동,중상사고,0,1,0,0,차대차 - 측면직각충돌,안전운전불이행,건조,맑음,단일로 - 기타,승용,남,39세,상해없음,이륜,남,16세,중상
2015032100100305,2015년 3월 21일 14시,토요일,인천광역시 중구 신포동,경상사고,0,0,2,0,차대차 - 기타,안전거리미확보,건조,맑음,단일로 - 기타,승용,남,60세,상해없음,승용,여,31세,경상
2015032100100350,2015년 3월 21일 15시,토요일,인천광역시 연수구 옥련동,중상사고,0,1,2,0,차대차 - 기타,안전운전불이행,건조,맑음,단일로 - 기타,승합,남,64세,상해없음,승용,여,39세,중상
2015032100100384,2015년 3월 21일 16시,토요일,인천광역시 부평구 청천동,경상사고,0,0,2,0,차대차 - 추돌 - 주정차중,안전운전불이행,건조,맑음,교차로 - 교차로부근,승용,남,48세,상해없음,승용,남,51세,경상