사고번호,사고일시,요일,시군구,사고내용,사망자수,중상자수,경상자수,부상신고자수,사고유형,법규위반,노면상태,기상상태,도로형태,가해운전자 차종,가해운전자 성별,가해운전자 연령,가해운전자 상해정도,피해운전자 차종,피해운전자 성별,피해운전자 연령,피해운전자 상해정도
2015032100100385,2015년 3월 21일 16시,토요일,인천광역시 부평구 부평동,경상사고,0,0,1,0,차대사람 - 기타,안전운전불이행,건조,맑음,단일로 - 횡단보도부근,승합,남,55세,상해없음,보행자,여,65세,경상
2015032100100426,2015년 3월 21일 17시,토요일,인천광역시 남구 숭의동,경상사고,0,0,2,0,차대차 - 추돌 - 진행중,안전운전불이행,건조,맑음,단일로 - 기타,승용,남,59세,상해없음,승용,남,55세,경상
2015032100100510,2015년 3월 21일 19시,토요일,인천광역시 옹진군 덕적면,중상사고,0,1,0,0,차량단독 - 공작물충돌,안전운전불이행,건조,맑음,단일로 - 기타,승용,남,50세,상해없음,,,,
2015032100100511,2015년 3월 21일 19시,토요일,인천광역시 남동구 구월동,경상사고,0,0,1,0,차대차 - 추돌 - 진행중,안전거리미확보,건조,맑음,교차로 - 교차로부근,승용,남,66세,상해없음,승용,여,59세,경상
2015032100100537,2015년 3월 21일 20시,토요일,인천광역시 남동구 논현동,중상사고,0,1,2,0,차대차 - 측면직각충돌,신호위반,건조,맑음,교차로 - 교차로안,승용,여,41세,중상,승용,남,38세,경상
2015032100100538,2015년 3월 21일 20시,토요일,인천광역시 서구 마전동,경상사고,0,0,2,0,차대차 - 측면직각충돌,신호위반,건조,맑음,교차로 - 교차로안,승용,남,37세,상해없음,승용,남,33세,경상
2015032100100539,2015년 3월 21일 20시,토요일,인천광역시 계양구 임학동,경상사고,0,0,1,0,차대차 - 추돌 - 진행중,안전운전불이행,건조,맑음,교차로 - 교차로부근,승용,남,54세,상해없음,승용,남,52세,경상
2015032100100590,2015년 3월 21일 22시,토요일,인천광역시 연수구 연수동,중상사고,0,1,0,0,차대차 - 추돌 - 주정차중,신호위반,건조,맑음,교차로 - 교차로안,승용,남,49세,상해없음,이륜,남,42세,중상
2015032100100618,2015년 3월 21일 23시,토요일,인천광역시 부평구 부평동,중상사고,0,3,0,0,차대사람 - 횡단중,신호위반,건조,맑음,단일로 - 기타,이륜,남,19세,기타불명,보행자,남,27세,중상
2015032100100619,2015년 3월 21일 23시,토요일,인천광역시 연수구 동춘동,중상사고,0,1,2,0,차대차 - 기타,중앙선침범,건조,맑음,단일로 - 기타,승용,남,58세,상해없음,화물,남,48세,경상
2015032200100021,2015년 3월 22일 00시,일요일,인천광역시 부평구 십정동,경상사고,0,0,1,0,차대사람 - 기타,안전운전불이행,건조,맑음,교차로 - 교차로부근,승용,남,35세,상해없음,보행자,남,32세,경상
2015032200100076,2015년 3월 22일 03시,일요일,인천광역시 남동구 고잔동,중상사고,0,1,0,0,차대차 - 기타,신호위반,건조,맑음,교차로 - 교차로안,승용,남,31세,상해없음,승용,남,28세,중상
2015032200100103,2015년 3월 22일 05시,일요일,인천광역시 남동구 구월동,경상사고,0,0,1,0,차대차 - 추돌 - 진행중,안전운전불이행,건조,맑음,단일로 - 기타,기타불명,기타불명,기타불명,기타불명,승합,남,50세,상해없음
2015032200100104,2015년 3월 22일 05시,일요일,인천광역시 서구 백석동,경상사고,0,0,1,0,차대차 - 추돌 - 주정차중,안전운전불이행,건조,맑음,교차로 - 교차로부근,승용,남,32세,상해없음,승용,남,49세,경상
2015032200100118,2015년 3월 22일 06시,일요일,인천광역시 남동구 만수동,중상사고,0,3,0,0,차대차 - 정면충돌,중앙선침범,습기,안개,단일로 - 기타,승용,남,27세,중상,승용,남,60세,중상
2015032200100130,2015년 3월 22일 07시,일요일,인천광역시 서구 가좌동,경상사고,0,0,1,0,차대차 - 추돌 - 주정차중,안전운전불이행,건조,맑음,단일로 - 기타,승용,남,50세,상해없음,승용,남,60세,경상
2015032200100183,2015년 3월 22일 10시,일요일,인천광역시 남동구 장수동,경상사고,0,0,1,0,차대차 - 추돌 - 주정차중,안전운전불이행,건조,맑음,단일로 - 기타,승용,남,57세,상해없음,승용,남,55세,경상
2015032200100219,2015년 3월 22일 12시,일요일,인천광역시 서구 공촌동,경상사고,0,0,2,0,차대차 - 측면직각충돌,안전운전불이행,건조,맑음,단일로 - 기타,승용,남,67세,상해없음,승용,여,45세,경상
2015032200100248,2015년 3월 22일 13시,일요일,인천광역시 남동구 구월동,중상사고,0,1,0,0,차대차 - 추돌 - 주정차중,안전운전불이행,건조,맑음,단일로 - 기타,승용,남,40세,상해없음,승용,남,28세,중상
2015032200100249,2015년 3월 22일 13시,일요일,인천광역시 서구 마전동,중상사고,0,1,0,0,차대사람 - 횡단중,보행자보호의무위반,건조,맑음,단일로 - 횡단보도상,승용,남,38세,상해없음,보행자,남,10세,중상
2015032200100286,2015년 3월 22일 14시,일요일,인천광역시 남구 숭의동,경상사고,0,0,1,0,차대차 - 기타,안전운전불이행,건조,맑음,단일로 - 기타,승용,남,39세,경상,승합,남,62세,상해없음
2015032200100287,2015년 3월 22일 14시,일요일,인천광역시 남구 용현동,경상사고,0,0,1,0,차대차 - 추돌 - 주정차중,안전운전불이행,건조,맑음,교차로 - 교차로부근,승용,남,39세,상해없음,승용,남,31세,경상
2015032200100288,2015년 3월 22일 14시,일요일,인천광역시 남동구 구월동,경상사고,0,0,6,0,차대차 - 측면직각충돌,안전거리미확보,건조,맑음,단일로 - 기타,승용,여,55세,경상,승용,남,40세,경상
2015032200100372,2015년 3월 22일 16시,일요일,인천광역시 남구 용현동,부상신고사고,0,0,0,1,차대사람 - 길가장자리구역통행중,안전운전불이행,건조,맑음,단일로 - 기타,기타불명,기타불명,기타불명,기타불명,보행자,여,21세,부상신고
2015032200100373,2015년 3월 22일 16시,일요일,인천광역시 부평구 부평동,경상사고,0,0,1,0,차대차 - 기타,차로위반,건조,맑음,단일로 - 기타,승용,여,44세,상해없음,승용,남,64세,경상
2015032200100414,2015년 3월 22일 17시,일요일,인천광역시 연수구 연수동,경상사고,0,0,1,0,차대사람 - 기타,안전운전불이행,건조,맑음,단일로 - 기타,승합,남,38세,상해없음,보행자,남,41세,경상
2015032200100441,2015년 3월 22일 18시,일요일,인천광역시 계양구 장기동,중상사고,0,1,4,0,차대차 - 측면직각충돌,신호위반,건조,맑음,교차로 - 교차로안,승용,남,54세,상해없음,승합,남,50세,경상
2015032200100442,2015년 3월 22일 18시,일요일,인천광역시 계양구 병방동,경상사고,0,0,2,0,차대차 - 추돌 - 주정차중,안전운전불이행,건조,맑음,단일로 - 횡단보도부근,승용,남,48세,상해없음,승용,남,34세,경상
2015032200100478,2015년 3월 22일 19시,일요일,인천광역시 계양구 효성동,중상사고,0,1,0,0,차대사람 - 횡단중,안전운전불이행,건조,맑음,교차로 - 교차로부근,이륜,남,18세,상해없음,보행자,남,56세,중상
2015032200100506,2015년 3월 22일 20시,일요일,인천광역시 서구 가좌동,중상사고,0,1,1,0,차대차 - 측면직각충돌,신호위반,건조,맑음,교차로 - 교차로안,이륜,남,16세,중상,승용,남,38세,경상
2015032200100542,2015년 3월 22일 22시,일요일,인천광역시 남동구 장수동,경상사고,0,0,2,0,차대차 - 측면직각충돌,안전운전불이행,건조,맑음,단일로 - 기타,승용,남,34세,상해없음,승용,남,45세,상해없음
2015032200100552,2015년 3월 22일 23시,일요일,인천광역시 남동구 남촌동,경상사고,0,0,2,0,차대차 - 측면직각충돌,안전운전불이행,건조,맑음,교차로 - 교차로부근,승용,남,33세,상해없음,승용,남,45세,경상
2015032300100053,2015년 3월 23일 06시,월요일,인천광역시 계양구 계산동,경상사고,0,0,1,0,차대차 - 측면직각충돌,기타,건조,맑음,교차로 - 교차로안,승용,여,56세,경상,승합,여,54세,상해없음
2015032300100078,2015년 3월 23일 07시,월요일,인천광역시 서구 가좌동,경상사고,0,0,1,0,차대사람 - 보도통행중,안전운전불이행,건조,맑음,단일로 - 기타,승합,남,52세,상해없음,보행자,남,58세,경상
2015032300100126,2015년 3월 23일 08시,월요일,인천광역시 서구 마전동,부상신고사고,0,0,0,1,차대차 - 추돌 - 주정차중,안전운전불이행,건조,맑음,교차로 - 교차로부근,승용,여,43세,상해없음,승용,여,37세,상해없음
2015032300100127,2015년 3월 23일 08시,월요일,인천광역시 계양구 계산동,부상신고사고,0,0,0,1,차대사람 - 길가장자리구역통행중,안전운전불이행,건조,맑음,교차로 - 교차로안,화물,남,47세,상해없음,보행자,여,68세,부상신고
2015032300100188,2015년 3월 23일 10시,월요일,인천광역시 남동구 간석동,경상사고,0,0,1,0,차대차 - 측면직각충돌,교차로운행방법위반,건조,맑음,교차로 - 교차로안,승용,남,26세,상해없음,승용,남,32세,경상
2015032300100221,2015년 3월 23일 11시,월요일,인천광역시 남구 용현동,부상신고사고,0,0,0,1,차대사람 - 보도통행중,기타,건조,맑음,단일로 - 기타,승용,남,49세,상해없음,보행자,남,40세,부상신고
2015032300100222,2015년 3월 23일 11시,월요일,인천광역시 부평구 부평동,중상사고,0,1,0,0,차대차 - 측면직각충돌,중앙선침범,건조,맑음,단일로 - 기타,승용,남,29세,상해없음,원동기,남,45세,중상
2015032300100274,2015년 3월 23일 13시,월요일,인천광역시 계양구 계산동,경상사고,0,0,1,0,차대차 - 측면직각충돌,안전운전불이행,건조,맑음,단일로 - 기타,승용,여,31세,상해없음,이륜,남,45세,경상
2015032300100309,2015년 3월 23일 14시,월요일,인천광역시 강화군 강화읍,경상사고,0,0,1,0,차대차 - 기타,중앙선침범,건조,맑음,단일로 - 기타,승용,남,27세,상해없음,화물,남,52세,경상
2015032300100384,2015년 3월 23일 16시,월요일,인천광역시 남구 도화동,경상사고,0,0,1,0,차대차 - 정면충돌,신호위반,건조,맑음,교차로 - 교차로안,승용,남,64세,상해없음,승용,여,44세,경상
2015032300100385,2015년 3월 23일 16시,월요일,인천광역시 남동구 논현동,경상사고,0,0,1,0,차대사람 - 횡단중,신호위반,건조,맑음,교차로 - 교차로부근,이륜,남,32세,상해없음,보행자,여,50세,경상
2015032300100386,2015년 3월 23일 16시,월요일,인천광역시 서구 왕길동,경상사고,0,0,3,0,차대차 - 추돌 - 진행중,중앙선침범,건조,맑음,교차로 - 교차로부근,승용,남,27세,상해없음,승용,남,51세,경상
2015032300100387,2015년 3월 23일 16시,월요일,인천광역시 강화군 강화읍,중상사고,0,1,0,0,차대차 - 기타,안전운전불이행,건조,맑음,단일로 - 기타,기타불명,기타불명,기타불명,기타불명,이륜,남,59세,중상
2015032300100388,2015년 3월 23일 16시,월요일,인천광역시 연수구 동춘동,중상사고,0,1,0,0,차대차 - 기타,안전운전불이행,건조,맑음,교차로 - 교차로안,승용,남,33세,상해없음,자전거,남,12세,중상
2015032300100389,2015년 3월 23일 16시,월요일,인천광역시 부평구 부개동,경상사고,0,0,1,0,차대사람 - 기타,안전운전불이행,건조,맑음,단일로 - 기타,승용,여,40세,상해없음,보행자,남,16세,경상
2015032300100448,2015년 3월 23일 18시,월요일,인천광역시 서구 가좌동,경상사고,0,0,1,0,차대사람 - 차도통행중,기타,건조,맑음,단일로 - 기타,승용,여,55세,기타불명,보행자,여,18세,경상
2015032300100449,2015년 3월 23일 18시,월요일,인천광역시 부평구 삼산동,중상사고,0,1,0,0,차대사람 - 횡단중,안전운전불이행,건조,맑음,단일로 - 기타,원동기,남,21세,상해없음,보행자,남,23세,중상
2015032300100488,2015년 3월 23일 19시,월요일,인천광역시 서구 검암동,경상사고,0,0,1,0,차대사람 - 횡단중,신호위반,건조,맑음,단일로 - 횡단보도상,이륜,남,16세,상해없음,보행자,남,8세,경상
2015032300100517,2015년 3월 23일 20시,월요일,인천광역시 남동구 남촌동,중상사고,0,1,1,0,차대차 - 측면직각충돌,교차로운행방법위반,건조,맑음,교차로 - 교차로안,승용,남,54세,상해없음,승용,여,34세,중상
2015032300100549,2015년 3월 23일 21시,월요일,인천광역시 남구 숭의동,경상사고,0,0,2,0,차대차 - 기타,안전운전불이행,건조,맑음,단일로 - 기타,승용,남,42세,상해없음,승용,여,42세,경상
2015032300100550,2015년 3월 23일 21시,월요일,인천광역시 남동구 논현동,경상사고,0,0,1,0,차대차 - 기타,안전운전불이행,건조,맑음,단일로 - 기타,승용,남,56세,상해없음,승용,남,39세,경상
2015032300100551,2015년 3월 23일 21시,월요일,인천광역시 서구 왕길동,경상사고,0,0,1,0,차대사람 - 횡단중,안전운전불이행,건조,맑음,단일로 - 기타,화물,남,48세,상해없음,보행자,여,31세,경상
2015032300100552,2015년 3월 23일 21시,월요일,인천광역시 연수구 송도동,중상사고,0,2,2,0,차대차 - 추돌 - 진행중,안전운전불이행,건조,맑음,교차로 - 교차로부근,승용,남,28세,상해없음,승용,여,39세,경상
2015032300100581,2015년 3월 23일 22시,월요일,인천광역시 부평구 부개동,중상사고,0,1,0,0,차대차 - 측면직각충돌,안전운전불이행,건조,맑음,교차로 - 교차로부근,승용,남,37세,상해없음,이륜,남,16세,중상
2015032400100061,2015년 3월 24일 05시,화요일,인천광역시 서구 신현동,경상사고,0,0,1,0,차대차 - 측면직각충돌,신호위반,건조,맑음,교차로 - 교차로안,승용,여,59세,상해없음,승합,남,48세,경상
2015032400100077,2015년 3월 24일 06시,화요일,인천광역시 동구 송림동,부상신고사고,0,0,0,2,차대차 - 기타,안전운전불이행,건조,맑음,교차로 - 교차로안,승합,여,66세,상해없음,승용,남,48세,상해없음
2015032400100078,2015년 3월 24일 06시,화요일,인천광역시 중구 운남동,부상신고사고,0,0,0,1,차대차 - 측면직각충돌,신호위반,건조,맑음,교차로 - 교차로안,승용,남,44세,부상신고,화물,남,46세,상해없음
2015032400100142,2015년 3월 24일 08시,화요일,인천광역시 서구 경서동,경상사고,0,0,1,0,차대사람 - 보도통행중,기타,건조,맑음,단일로 - 기타,자전거,기타불명,기타불명,기타불명,보행자,여,73세,경상
2015032400100143,2015년 3월 24일 08시,화요일,인천광역시 연수구 청학동,중상사고,0,1,0,0,차대사람 - 횡단중,중앙선침범,건조,맑음,단일로 - 기타,승용,남,67세,상해없음,보행자,여,13세,중상
2015032400100173,2015년 3월 24일 09시,화요일,인천광역시 남동구 간석동,중상사고,0,1,0,0,차대사람 - 보도통행중,보행자보호의무위반,건조,맑음,단일로 - 횡단보도상,승용,여,52세,상해없음,보행자,여,76세,중상
2015032400100174,2015년 3월 24일 09시,화요일,인천광역시 부평구 삼산동,경상사고,0,0,1,0,차대차 - 추돌 - 진행중,안전운전불이행,건조,맑음,교차로 - 교차로부근,승용,남,53세,상해없음,승용,여,43세,경상
2015032400100218,2015년 3월 24일 11시,화요일,인천광역시 남구 숭의동,경상사고,0,0,1,0,차대차 - 기타,안전운전불이행,건조,맑음,교차로 - 교차로부근,기타불명,기타불명,기타불명,기타불명,승용,여,38세,경상
2015032400100244,2015년 3월 24일 12시,화요일,인천광역시 남동구 구월동,경상사고,0,0,1,0,차대차 - 추돌 - 진행중,안전거리미확보,건조,맑음,단일로 - 기타,승용,남,55세,상해없음,승용,여,27세,상해없음
2015032400100276,2015년 3월 24일 13시,화요일,인천광역시 남구 용현동,경상사고,0,0,1,0,차대차 - 측면직각충돌,불법유턴,건조,맑음,교차로 - 교차로안,승용,남,66세,상해없음,승용,남,34세,경상
2015032400100277,2015년 3월 24일 13시,화요일,인천광역시 부평구 십정동,경상사고,0,0,1,0,차대사람 - 기타,안전운전불이행,건조,맑음,교차로 - 교차로안,승용,남,63세,상해없음,보행자,남,51세,경상
2015032400100360,2015년 3월 24일 16시,화요일,인천광역시 중구 운남동,경상사고,0,0,1,0,차대사람 - 횡단중,보행자보호의무위반,건조,맑음,교차로 - 교차로안,화물,남,44세,상해없음,보행자,남,1세,경상
2015032400100443,2015년 3월 24일 18시,화요일,인천광역시 중구 운북동,사망사고,1,0,0,0,차대사람 - 기타,안전운전불이행,건조,맑음,교차로 - 교차로부근,승합,남,57세,상해없음,보행자,여,82세,사망
2015032400100444,2015년 3월 24일 18시,화요일,인천광역시 동구 송현동,경상사고,0,0,1,0,차대차 - 기타,안전운전불이행,건조,맑음,단일로 - 기타,이륜,기타불명,기타불명,기타불명,이륜,남,56세,경상
2015032400100445,2015년 3월 24일 18시,화요일,인천광역시 남구 숭의동,중상사고,0,1,0,0,차대차 - 기타,안전운전불이행,건조,맑음,교차로 - 교차로안,승용,여,49세,상해없음,화물,남,24세,중상
2015032400100493,2015년 3월 24일 19시,화요일,인천광역시 부평구 부평동,경상사고,0,0,1,0,차대차 - 측면직각충돌,안전운전불이행,건조,맑음,교차로 - 교차로안,승용,남,37세,상해없음,승용,남,47세,상해없음
2015032400100494,2015년 3월 24일 19시,화요일,인천광역시 부평구 갈산동,중상사고,0,1,3,1,차대차 - 측면직각충돌,교차로운행방법위반,건조,맑음,교차로 - 교차로안,승용,남,45세,상해없음,승용,남,54세,경상
2015032400100527,2015년 3월 24일 20시,화요일,인천광역시 중구 송월동1가,경상사고,0,0,1,0,차대차 - 추돌 - 주정차중,안전운전불이행,건조,맑음,단일로 - 기타,승용,남,40세,상해없음,승용,남,61세,경상
2015032400100528,2015년 3월 24일 20시,화요일,인천광역시 서구 공촌동,경상사고,0,0,1,1,차대사람 - 횡단중,신호위반,건조,맑음,단일로 - 기타,승용,여,52세,상해없음,보행자,남,16세,부상신고
2015032400100557,2015년 3월 24일 21시,화요일,인천광역시 부평구 부평동,중상사고,0,1,0,0,차대차 - 측면직각충돌,신호위반,건조,맑음,교차로 - 교차로안,승용,남,52세,상해없음,이륜,남,21세,중상
2015032400100558,2015년 3월 24일 21시,화요일,인천광역시 계양구 작전동,중상사고,0,1,0,0,차량단독 - 기타,안전운전불이행,건조,맑음,교차로 - 교차로부근,승용,남,49세,상해없음,,,,
2015032400100606,2015년 3월 24일 22시,화요일,인천광역시 부평구 부평동,경상사고,0,0,1,0,차대차 - 추돌 - 진행중,안전거리미확보,건조,흐림,단일로 - 기타,승용,남,43세,상해없음,승용,남,44세,경상
2015032500100019,2015년 3월 25일 00시,수요일,인천광역시 서구 가좌동,중상사고,0,2,0,0,차대차 - 정면충돌,중앙선침범,건조,맑음,단일로 - 기타,승용,남,27세,상해없음,승용,남,53세,중상
2015032500100030,2015년 3월 25일 01시,수요일,인천광역시 남구 주안동,경상사고,0,0,2,0,차대차 - 추돌 - 진행중,안전운전불이행,건조,맑음,단일로 - 기타,승용,남,28세,상해없음,승용,남,24세,경상
2015032500100031,2015년 3월 25일 01시,수요일,인천광역시 남구 숭의동,중상사고,0,1,0,0,차대차 - 측면직각충돌,안전운전불이행,건조,맑음,교차로 - 교차로안,승용,여,24세,기타불명,승용,남,38세,중상
2015032500100032,2015년 3월 25일 01시,수요일,인천광역시 서구 신현동,경상사고,0,0,2,0,차대차 - 추돌 - 주정차중,안전운전불이행,건조,맑음,단일로 - 횡단보도부근,승용,남,51세,상해없음,승용,남,44세,경상
2015032500100054,2015년 3월 25일 04시,수요일,인천광역시 부평구 청천동,중상사고,0,1,0,0,차대차 - 추돌 - 주정차중,안전운전불이행,건조,맑음,교차로 - 교차로부근,승용,여,39세,상해없음,승용,남,52세,중상
2015032500100135,2015년 3월 25일 08시,수요일,인천광역시 연수구 송도동,경상사고,0,0,2,0,차대차 - 측면직각충돌,신호위반,건조,맑음,교차로 - 교차로안,승용,여,28세,기타불명,승용,여,34세,경상
2015032500100136,2015년 3월 25일 08시,수요일,인천광역시 부평구 부평동,중상사고,0,1,1,0,차대차 - 추돌 - 주정차중,안전운전불이행,건조,맑음,단일로 - 기타,승용,남,61세,상해없음,승용,여,32세,중상
2015032500100214,2015년 3월 25일 10시,수요일,인천광역시 남동구 서창동,중상사고,0,1,0,0,차대사람 - 횡단중,보행자보호의무위반,건조,맑음,교차로 - 교차로안,승용,여,46세,상해없음,보행자,여,70세,중상
2015032500100311,2015년 3월 25일 13시,수요일,인천광역시 부평구 청천동,중상사고,0,2,1,0,차대차 - 기타,중앙선침범,건조,맑음,단일로 - 기타,승용,여,49세,상해없음,승용,여,44세,중상
2015032500100409,2015년 3월 25일 16시,수요일,인천광역시 남구 주안동,중상사고,0,1,0,0,차대사람 - 횡단중,안전운전불이행,건조,맑음,단일로 - 기타,승용,남,24세,상해없음,보행자,남,15세,중상
2015032500100491,2015년 3월 25일 18시,수요일,인천광역시 중구 항동2가,경상사고,0,0,1,0,차대차 - 측면직각충돌,신호위반,건조,맑음,교차로 - 교차로안,승용,남,28세,상해없음,승용,남,48세,경상
2015032500100492,2015년 3월 25일 18시,수요일,인천광역시 남구 주안동,경상사고,0,0,3,0,차대차 - 측면직각충돌,교차로운행방법위반,건조,맑음,교차로 - 교차로안,승용,남,24세,경상,승용,남,40세,경상
2015032500100540,2015년 3월 25일 19시,수요일,인천광역시 서구 원당동,중상사고,0,1,0,0,차대사람 - 횡단중,보행자보호의무위반,건조,맑음,교차로 - 교차로부근,승용,여,49세,상해없음,보행자,여,37세,중상
2015032500100573,2015년 3월 25일 20시,수요일,인천광역시 서구 원창동,중상사고,0,1,0,0,차대차 - 추돌 - 진행중,신호위반,건조,맑음,교차로 - 교차로안,승용,여,56세,상해없음,승합,남,58세,중상
2015032500100574,2015년 3월 25일 20시,수요일,인천광역시 서구 원창동,경상사고,0,0,2,0,차대차 - 추돌 - 진행중,신호위반,건조,맑음,단일로 - 기타,승용,여,24세,경상,승용,남,44세,경상
2015032500100575,2015년 3월 25일 20시,수요일,인천광역시 연수구 연수동,경상사고,0,0,1,0,차대사람 - 기타,안전운전불이행,건조,맑음,단일로 - 기타,기타불명,기타불명,기타불명,기타불명,보행자,남,62세,경상
2015032500100600,2015년 3월 25일 21시,수요일,인천광역시 서구 가좌동,경상사고,0,0,1,0,차대사람 - 횡단중,신호위반,건조,맑음,교차로 - 교차로안,승용,남,62세,상해없음,보행자,남,9세,경상
2015032600100014,2015년 3월 26일 00시,목요일,인천광역시 서구 가정동,중상사고,0,1,0,0,차대차 - 추돌 - 진행중,안전운전불이행,건조,맑음,단일로 - 기타,승용,남,45세,기타불명,승용,남,56세,중상
2015032600100037,2015년 3월 26일 01시,목요일,인천광역시 남동구 서창동,중상사고,0,2,0,0,차대차 - 추돌 - 진행중,안전운전불이행,건조,맑음,단일로 - 기타,승용,남,35세,상해없음,승용,여,60세,중상
2015032600100050,2015년 3월 26일 03시,목요일,인천광역시 계양구 작전동,경상사고,0,0,2,0,차대차 - 측면직각충돌,중앙선침범,건조,맑음,단일로 - 기타,승용,남,46세,상해없음,승용,남,61세,경상
2015032600100058,2015년 3월 26일 04시,목요일,인천광역시 남구 도화동,경상사고,0,0,1,0,차대사람 - 횡단중,안전운전불이행,건조,맑음,단일로 - 기타,승용,여,43세,상해없음,보행자,여,83세,경상
2015032600100070,2015년 3월 26일 05시,목요일,인천광역시 남구 주안동,경상사고,0,0,1,0,차대차 - 추돌 - 주정차중,중앙선침범,건조,맑음,단일로 - 기타,승용,남,54세,상해없음,승용,남,59세,기타불명
2015032600100071,2015년 3월 26일 05시,목요일,인천광역시 부평구 청천동,사망사고,1,0,0,0,차대사람 - 횡단중,안전운전불이행,건조,맑음,단일로 - 기타,승합,남,45세,상해없음,보행자,남,44세,사망
2015032600100086,2015년 3월 26일 06시,목요일,인천광역시 남구 주안동,경상사고,0,0,1,0,차대차 - 측면직각충돌,안전운전불이행,건조,맑음,단일로 - 기타,화물,남,57세,상해없음,화물,남,54세,경상
2015032600100163,2015년 3월 26일 08시,목요일,인천광역시 계양구 효성동,경상사고,0,0,1,0,차대사람 - 횡단중,안전운전불이행,건조,맑음,교차로 - 교차로안,승용,여,37세,상해없음,보행자,여,56세,경상
2015032600100164,2015년 3월 26일 08시,목요일,인천광역시 연수구 송도동,경상사고,0,0,2,0,차대차 - 기타,안전운전불이행,건조,맑음,교차로 - 교차로부근,승용,남,29세,상해없음,승용,여,32세,경상
2015032600100204,2015년 3월 26일 09시,목요일,인천광역시 계양구 계산동,중상사고,0,1,0,0,차대사람 - 기타,안전운전불이행,건조,맑음,교차로 - 교차로안,승용,여,54세,상해없음,보행자,여,82세,중상
2015032600100233,2015년 3월 26일 10시,목요일,인천광역시 강화군 강화읍,중상사고,0,1,0,0,차대차 - 측면직각충돌,안전운전불이행,건조,맑음,단일로 - 기타,승용,남,53세,상해없음,원동기,남,78세,중상
2015032600100234,2015년 3월 26일 10시,목요일,인천광역시 계양구 다남동,경상사고,0,0,1,0,차대차 - 추돌 - 진행중,안전운전불이행,건조,맑음,단일로 - 기타,승용,남,46세,상해없음,승용,남,34세,경상
2015032600100259,2015년 3월 26일 11시,목요일,인천광역시 중구 신흥동1가,경상사고,0,0,3,0,차대차 - 추돌 - 진행중,안전운전불이행,건조,맑음,교차로 - 교차로부근,승용,남,54세,상해없음,승용,남,42세,경상
2015032600100288,2015년 3월 26일 12시,목요일,인천광역시 부평구 산곡동,경상사고,0,0,1,0,차대차 - 측면직각충돌,안전운전불이행,건조,맑음,교차로 - 교차로부근,승합,남,32세,상해없음,승합,남,44세,상해없음
2015032600100326,2015년 3월 26일 13시,목요일,인천광역시 부평구 부평동,경상사고,0,0,1,0,차대사람 - 기타,안전운전불이행,건조,맑음,교차로 - 교차로안,승용,여,30세,상해없음,보행자,여,79세,경상
2015032600100428,2015년 3월 26일 16시,목요일,인천광역시 남동구 장수동,경상사고,0,0,1,0,차대차 - 추돌 - 진행중,교차로운행방법위반,건조,맑음,단일로 - 기타,승용,여,35세,경상,화물,남,40세,상해없음
2015032600100429,2015년 3월 26일 16시,목요일,인천광역시 부평구 부평동,경상사고,0,0,1,0,차대차 - 기타,보행자보호의무위반,건조,맑음,교차로 - 교차로부근,승용,여,36세,상해없음,화물,여,54세,상해없음
2015032600100460,2015년 3월 26일 17시,목요일,인천광역시 중구 중산동,부상신고사고,0,0,0,2,차대사람 - 기타,안전운전불이행,건조,맑음,단일로 - 기타,승합,남,49세,상해없음,보행자,남,15세,부상신고
2015032600100461,2015년 3월 26일 17시,목요일,인천광역시 남동구 수산동,경상사고,0,0,1,0,차대차 - 추돌 - 진행중,안전거리미확보,건조,맑음,단일로 - 기타,화물,기타불명,기타불명,기타불명,원동기,남,29세,경상
2015032600100462,2015년 3월 26일 17시,목요일,인천광역시 서구 연희동,경상사고,0,0,1,0,차대사람 - 횡단중,안전운전불이행,건조,맑음,단일로 - 기타,승용,여,52세,상해없음,보행자,여,14세,경상
2015032600100463,2015년 3월 26일 17시,목요일,인천광역시 계양구 계산동,경상사고,0,0,1,0,차대차 - 기타,안전운전불이행,건조,맑음,단일로 - 기타,승용,여,30세,상해없음,승용,남,57세,경상
2015032600100498,2015년 3월 26일 18시,목요일,인천광역시 부평구 부평동,경상사고,0,0,1,0,차대차 - 측면직각충돌,차로위반,건조,맑음,단일로 - 기타,승용,여,44세,상해없음,승합,남,52세,상해없음
2015032600100499,2015년 3월 26일 18시,목요일,인천광역시 남동구 논현동,중상사고,0,1,4,0,차대차 - 측면직각충돌,신호위반,건조,맑음,교차로 - 교차로안,승합,남,56세,상해없음,승용,남,36세,중상
2015032600100548,2015년 3월 26일 19시,목요일,인천광역시 중구 항동7가,중상사고,0,1,0,0,차대차 - 측면직각충돌,안전거리미확보,건조,맑음,교차로 - 교차로부근,승용,남,57세,상해없음,승용,남,46세,중상
2015032600100549,2015년 3월 26일 19시,목요일,인천광역시 부평구 청천동,경상사고,0,0,1,0,차량단독 - 기타,안전운전불이행,건조,맑음,단일로 - 기타,승합,남,54세,상해없음,,,,
2015032600100550,2015년 3월 26일 19시,목요일,인천광역시 부평구 부평동,부상신고사고,0,0,0,1,차대차 - 기타,안전운전불이행,건조,맑음,교차로 - 교차로부근,승용,기타불명,기타불명,기타불명,승합,남,51세,상해없음