사고번호,사고일시,요일,시군구,사고내용,사망자수,중상자수,경상자수,부상신고자수,사고유형,법규위반,노면상태,기상상태,도로형태,가해운전자 차종,가해운전자 성별,가해운전자 연령,가해운전자 상해정도,피해운전자 차종,피해운전자 성별,피해운전자 연령,피해운전자 상해정도
2015032600100551,2015년 3월 26일 19시,목요일,인천광역시 남동구 논현동,중상사고,0,1,0,0,차대사람 - 횡단중,신호위반,건조,맑음,단일로 - 횡단보도상,승용,남,55세,기타불명,보행자,남,31세,중상
2015032600100590,2015년 3월 26일 20시,목요일,인천광역시 남동구 논현동,경상사고,0,0,1,0,차대차 - 추돌 - 주정차중,안전운전불이행,건조,맑음,단일로 - 기타,화물,남,37세,상해없음,승용,여,50세,경상
2015032600100649,2015년 3월 26일 22시,목요일,인천광역시 계양구 효성동,경상사고,0,0,2,0,차대차 - 측면직각충돌,신호위반,건조,맑음,교차로 - 교차로안,승용,여,39세,상해없음,승용,남,65세,경상
2015032600100650,2015년 3월 26일 22시,목요일,인천광역시 연수구 연수동,중상사고,0,1,0,0,차대차 - 정면충돌,중앙선침범,건조,맑음,교차로 - 교차로부근,승용,남,50세,상해없음,이륜,남,46세,중상
2015032600100651,2015년 3월 26일 22시,목요일,인천광역시 부평구 부평동,중상사고,0,1,0,0,차대차 - 측면직각충돌,안전거리미확보,건조,맑음,단일로 - 기타,승용,남,60세,상해없음,이륜,여,34세,중상
2015032600100678,2015년 3월 26일 23시,목요일,인천광역시 옹진군 영흥면,경상사고,0,0,1,0,차대차 - 기타,중앙선침범,습기,비,단일로 - 기타,승용,기타불명,기타불명,기타불명,승용,남,51세,경상
2015032600100679,2015년 3월 26일 23시,목요일,인천광역시 계양구 작전동,경상사고,0,0,1,0,차대차 - 기타,안전운전불이행,건조,맑음,교차로 - 교차로부근,승용,남,24세,상해없음,승용,남,46세,경상
2015032600100680,2015년 3월 26일 23시,목요일,인천광역시 강화군 강화읍,경상사고,0,0,1,0,차대차 - 기타,안전운전불이행,건조,맑음,교차로 - 교차로안,승용,여,35세,상해없음,승용,남,56세,경상
2015032700100018,2015년 3월 27일 00시,금요일,인천광역시 남구 주안동,중상사고,0,1,0,0,차대차 - 기타,중앙선침범,건조,맑음,단일로 - 기타,승용,남,22세,상해없음,원동기,남,21세,중상
2015032700100031,2015년 3월 27일 01시,금요일,인천광역시 서구 불로동,부상신고사고,0,0,0,1,차대사람 - 횡단중,안전운전불이행,건조,맑음,단일로 - 기타,승용,기타불명,기타불명,기타불명,보행자,남,36세,부상신고
2015032700100052,2015년 3월 27일 04시,금요일,인천광역시 남동구 구월동,중상사고,0,1,0,0,차대사람 - 횡단중,안전운전불이행,건조,맑음,단일로 - 기타,이륜,남,16세,상해없음,보행자,여,31세,중상
2015032700100060,2015년 3월 27일 05시,금요일,인천광역시 부평구 산곡동,중상사고,0,1,1,0,차대차 - 측면직각충돌,신호위반,건조,맑음,교차로 - 교차로안,승합,남,50세,중상,승용,남,62세,경상
2015032700100061,2015년 3월 27일 05시,금요일,인천광역시 연수구 송도동,중상사고,0,1,0,0,차대사람 - 보도통행중,보행자보호의무위반,건조,맑음,교차로 - 교차로부근,승합,남,52세,상해없음,보행자,남,58세,중상
2015032700100102,2015년 3월 27일 07시,금요일,인천광역시 부평구 청천동,경상사고,0,0,1,0,차대차 - 정면충돌,안전운전불이행,건조,맑음,단일로 - 기타,승용,남,23세,상해없음,승용,남,66세,경상
2015032700100103,2015년 3월 27일 07시,금요일,인천광역시 계양구 효성동,경상사고,0,0,1,0,차대차 - 측면직각충돌,직진우회전진행방해,건조,맑음,교차로 - 교차로안,자전거,남,25세,경상,승용,남,62세,상해없음
2015032700100140,2015년 3월 27일 08시,금요일,인천광역시 부평구 십정동,중상사고,0,1,0,0,차대사람 - 기타,안전운전불이행,건조,맑음,단일로 - 기타,승용,여,44세,상해없음,보행자,남,33세,중상
2015032700100141,2015년 3월 27일 08시,금요일,인천광역시 계양구 서운동,중상사고,0,1,0,0,차대차 - 측면직각충돌,신호위반,건조,맑음,교차로 - 교차로안,승합,남,63세,상해없음,이륜,남,32세,중상
2015032700100142,2015년 3월 27일 08시,금요일,인천광역시 부평구 부개동,경상사고,0,0,1,0,차대차 - 측면직각충돌,안전운전불이행,건조,맑음,교차로 - 교차로안,승용,남,40세,상해없음,승용,남,45세,경상
2015032700100210,2015년 3월 27일 11시,금요일,인천광역시 남동구 고잔동,중상사고,0,1,1,0,차대차 - 측면직각충돌,신호위반,건조,맑음,교차로 - 교차로안,승용,남,54세,중상,화물,남,30세,경상
2015032700100238,2015년 3월 27일 12시,금요일,인천광역시 부평구 부평동,경상사고,0,0,6,0,차대차 - 추돌 - 주정차중,안전운전불이행,건조,맑음,단일로 - 기타,승합,여,47세,상해없음,승용,남,54세,경상
2015032700100239,2015년 3월 27일 12시,금요일,인천광역시 계양구 계산동,중상사고,0,1,0,0,차대차 - 측면직각충돌,신호위반,건조,맑음,교차로 - 교차로안,승용,남,47세,상해없음,이륜,남,58세,중상
2015032700100306,2015년 3월 27일 14시,금요일,인천광역시 남동구 논현동,경상사고,0,0,1,0,차대차 - 측면직각충돌,교차로운행방법위반,건조,맑음,교차로 - 교차로안,승용,남,71세,상해없음,승용,남,40세,경상
2015032700100334,2015년 3월 27일 15시,금요일,인천광역시 남동구 고잔동,경상사고,0,0,1,0,차대차 - 측면직각충돌,신호위반,건조,맑음,교차로 - 교차로안,원동기,남,57세,상해없음,화물,남,66세,경상
2015032700100335,2015년 3월 27일 15시,금요일,인천광역시 계양구 서운동,경상사고,0,0,1,0,차대사람 - 길가장자리구역통행중,안전운전불이행,건조,맑음,단일로 - 기타,자전거,남,44세,상해없음,보행자,여,12세,경상
2015032700100379,2015년 3월 27일 16시,금요일,인천광역시 부평구 산곡동,경상사고,0,0,1,0,차대차 - 기타,안전운전불이행,건조,맑음,교차로 - 교차로부근,승용,기타불명,기타불명,기타불명,자전거,남,11세,경상
2015032700100380,2015년 3월 27일 16시,금요일,인천광역시 부평구 부평동,중상사고,0,1,0,0,차대차 - 기타,안전운전불이행,건조,맑음,단일로 - 기타,승합,남,37세,상해없음,이륜,남,21세,중상
2015032700100422,2015년 3월 27일 17시,금요일,인천광역시 부평구 부평동,경상사고,0,0,1,0,차대차 - 추돌 - 진행중,안전운전불이행,건조,맑음,단일로 - 기타,화물,남,58세,상해없음,화물,남,67세,경상
2015032700100469,2015년 3월 27일 18시,금요일,인천광역시 남동구 논현동,중상사고,0,1,0,0,차대차 - 측면직각충돌,차로위반,건조,맑음,단일로 - 기타,승용,남,67세,상해없음,이륜,남,17세,중상
2015032700100470,2015년 3월 27일 18시,금요일,인천광역시 서구 연희동,중상사고,0,1,0,0,차대차 - 추돌 - 주정차중,안전운전불이행,건조,맑음,단일로 - 기타,원동기,남,16세,중상,승용,남,59세,상해없음
2015032700100471,2015년 3월 27일 18시,금요일,인천광역시 부평구 부평동,중상사고,0,1,0,0,차대사람 - 기타,안전운전불이행,기타,흐림,단일로 - 기타,이륜,남,46세,상해없음,보행자,남,51세,중상
2015032700100525,2015년 3월 27일 19시,금요일,인천광역시 남구 도화동,경상사고,0,0,1,0,차대차 - 측면직각충돌,중앙선침범,건조,맑음,교차로 - 교차로부근,화물,남,38세,상해없음,자전거,남,77세,경상
2015032700100526,2015년 3월 27일 19시,금요일,인천광역시 부평구 산곡동,경상사고,0,0,1,0,차대차 - 기타,안전운전불이행,건조,맑음,교차로 - 교차로부근,승용,남,63세,상해없음,원동기,남,57세,경상
2015032700100527,2015년 3월 27일 19시,금요일,인천광역시 남동구 구월동,경상사고,0,0,2,0,차대차 - 측면직각충돌,안전거리미확보,건조,맑음,단일로 - 기타,승용,남,25세,상해없음,승합,남,52세,경상
2015032700100528,2015년 3월 27일 19시,금요일,인천광역시 남동구 논현동,중상사고,0,1,0,0,차대차 - 측면직각충돌,안전운전불이행,건조,맑음,교차로 - 교차로안,승합,남,56세,상해없음,승용,여,56세,중상
2015032700100561,2015년 3월 27일 20시,금요일,인천광역시 부평구 삼산동,경상사고,0,0,4,0,차량단독 - 공작물충돌,안전운전불이행,건조,맑음,교차로 - 교차로부근,승용,남,58세,상해없음,,,,
2015032700100635,2015년 3월 27일 22시,금요일,인천광역시 남동구 논현동,경상사고,0,0,2,0,차량단독 - 공작물충돌,안전운전불이행,건조,맑음,교차로 - 교차로안,화물,남,31세,경상,,,,
2015032700100675,2015년 3월 27일 23시,금요일,인천광역시 남동구 구월동,중상사고,0,1,1,1,차대차 - 기타,중앙선침범,건조,맑음,단일로 - 기타,승용,남,45세,상해없음,이륜,남,42세,중상
2015032800100019,2015년 3월 28일 00시,토요일,인천광역시 남구 주안동,중상사고,0,1,0,0,차대사람 - 차도통행중,안전운전불이행,건조,맑음,단일로 - 횡단보도상,승용,남,60세,상해없음,보행자,남,54세,중상
2015032800100020,2015년 3월 28일 00시,토요일,인천광역시 남구 숭의동,중상사고,0,2,4,0,차대차 - 기타,중앙선침범,건조,맑음,교차로 - 교차로부근,승용,남,38세,상해없음,승용,남,62세,중상
2015032800100045,2015년 3월 28일 01시,토요일,인천광역시 계양구 병방동,경상사고,0,0,1,0,차대차 - 추돌 - 주정차중,안전운전불이행,건조,맑음,단일로 - 기타,승용,남,21세,상해없음,승용,남,47세,경상
2015032800100076,2015년 3월 28일 03시,토요일,인천광역시 남구 도화동,중상사고,0,1,2,0,차대차 - 측면직각충돌,안전운전불이행,건조,맑음,교차로 - 교차로안,승용,남,67세,상해없음,이륜,남,27세,경상
2015032800100091,2015년 3월 28일 04시,토요일,인천광역시 서구 연희동,중상사고,0,1,0,0,차량단독 - 공작물충돌,안전운전불이행,건조,맑음,단일로 - 기타,이륜,남,43세,중상,,,,
2015032800100125,2015년 3월 28일 06시,토요일,인천광역시 서구 가정동,중상사고,0,1,0,0,차대사람 - 횡단중,신호위반,건조,맑음,단일로 - 횡단보도상,승용,남,46세,상해없음,보행자,남,61세,중상
2015032800100183,2015년 3월 28일 09시,토요일,인천광역시 서구 가좌동,부상신고사고,0,0,0,1,차대차 - 측면직각충돌,안전운전불이행,건조,맑음,단일로 - 기타,승용,기타불명,기타불명,기타불명,자전거,남,56세,부상신고
2015032800100222,2015년 3월 28일 10시,토요일,인천광역시 남구 학익동,중상사고,0,1,0,0,차대사람 - 횡단중,안전운전불이행,건조,맑음,단일로 - 기타,화물,남,33세,상해없음,보행자,여,55세,중상
2015032800100223,2015년 3월 28일 10시,토요일,인천광역시 부평구 청천동,중상사고,0,1,0,0,차대차 - 기타,안전운전불이행,건조,맑음,단일로 - 기타,자전거,여,58세,중상,승용,여,40세,상해없음
2015032800100224,2015년 3월 28일 10시,토요일,인천광역시 남동구 구월동,경상사고,0,0,1,0,차대차 - 추돌 - 주정차중,안전거리미확보,건조,맑음,단일로 - 기타,이륜,남,18세,상해없음,승용,남,47세,경상
2015032800100225,2015년 3월 28일 10시,토요일,인천광역시 서구 당하동,중상사고,0,1,1,0,차대차 - 측면직각충돌,신호위반,건조,맑음,교차로 - 교차로안,화물,남,40세,상해없음,화물,남,49세,중상
2015032800100226,2015년 3월 28일 10시,토요일,인천광역시 연수구 동춘동,경상사고,0,0,1,0,차대차 - 기타,안전거리미확보,건조,맑음,단일로 - 기타,화물,남,64세,상해없음,화물,남,27세,경상
2015032800100303,2015년 3월 28일 12시,토요일,인천광역시 연수구 연수동,중상사고,0,1,0,0,차대차 - 기타,안전운전불이행,건조,맑음,교차로 - 교차로안,승합,여,55세,상해없음,자전거,남,11세,중상
2015032800100350,2015년 3월 28일 13시,토요일,인천광역시 계양구 병방동,중상사고,0,1,0,0,차대사람 - 보도통행중,기타,건조,맑음,교차로 - 교차로안,자전거,남,16세,상해없음,보행자,남,7세,중상
2015032800100351,2015년 3월 28일 13시,토요일,인천광역시 계양구 계산동,경상사고,0,0,2,0,차대차 - 측면직각충돌,안전거리미확보,건조,맑음,단일로 - 기타,승합,남,55세,상해없음,승용,여,29세,경상
2015032800100419,2015년 3월 28일 15시,토요일,인천광역시 남구 용현동,경상사고,0,0,1,0,차대차 - 측면직각충돌,교차로운행방법위반,건조,맑음,교차로 - 교차로안,승용,남,50세,상해없음,원동기,남,31세,경상
2015032800100420,2015년 3월 28일 15시,토요일,인천광역시 강화군 내가면,중상사고,0,1,0,0,차대차 - 기타,안전운전불이행,건조,맑음,교차로 - 교차로부근,승용,여,48세,상해없음,자전거,남,62세,중상
2015032800100462,2015년 3월 28일 16시,토요일,인천광역시 중구 운남동,경상사고,0,0,6,0,차대차 - 추돌 - 진행중,안전운전불이행,건조,맑음,단일로 - 기타,승용,남,18세,상해없음,승합,남,54세,경상
2015032800100463,2015년 3월 28일 16시,토요일,인천광역시 남동구 남촌동,중상사고,0,2,0,0,차대차 - 측면직각충돌,신호위반,건조,맑음,교차로 - 교차로안,원동기,남,29세,중상,화물,남,37세,상해없음
2015032800100541,2015년 3월 28일 18시,토요일,인천광역시 중구 답동,중상사고,0,1,4,0,차대차 - 추돌 - 진행중,안전운전불이행,건조,맑음,단일로 - 기타,승용,여,55세,상해없음,승용,남,37세,경상
2015032800100542,2015년 3월 28일 18시,토요일,인천광역시 부평구 부평동,경상사고,0,0,1,0,차대차 - 추돌 - 진행중,안전운전불이행,건조,맑음,교차로 - 교차로부근,승용,남,24세,기타불명,승용,남,49세,경상
2015032800100582,2015년 3월 28일 19시,토요일,인천광역시 남구 주안동,중상사고,0,1,0,0,차대사람 - 길가장자리구역통행중,안전운전불이행,건조,맑음,단일로 - 기타,승용,남,20세,상해없음,보행자,남,51세,중상
2015032800100583,2015년 3월 28일 19시,토요일,인천광역시 부평구 부평동,중상사고,0,2,4,0,차대차 - 측면직각충돌,안전운전불이행,건조,맑음,교차로 - 교차로안,승용,남,55세,상해없음,승합,남,33세,경상
2015032800100637,2015년 3월 28일 21시,토요일,인천광역시 계양구 임학동,부상신고사고,0,0,0,1,차대차 - 측면직각충돌,신호위반,건조,맑음,교차로 - 교차로안,이륜,남,19세,상해없음,이륜,남,20세,부상신고
2015032800100638,2015년 3월 28일 21시,토요일,인천광역시 강화군 길상면,경상사고,0,0,5,0,차대차 - 측면직각충돌,신호위반,건조,맑음,교차로 - 교차로안,화물,여,56세,경상,화물,남,55세,경상
2015032800100670,2015년 3월 28일 22시,토요일,인천광역시 강화군 강화읍,경상사고,0,0,4,0,차대차 - 추돌 - 주정차중,안전운전불이행,건조,맑음,단일로 - 기타,승용,남,30세,상해없음,승용,남,38세,경상
2015032800100671,2015년 3월 28일 22시,토요일,인천광역시 부평구 삼산동,경상사고,0,0,2,0,차대차 - 추돌 - 진행중,안전운전불이행,건조,맑음,단일로 - 기타,승용,남,52세,상해없음,승용,여,54세,경상
2015032800100694,2015년 3월 28일 23시,토요일,인천광역시 동구 송림동,경상사고,0,0,1,0,차대차 - 기타,신호위반,건조,맑음,교차로 - 교차로안,승용,남,48세,상해없음,승용,남,56세,경상
2015032800100695,2015년 3월 28일 23시,토요일,인천광역시 계양구 작전동,경상사고,0,0,1,0,차대차 - 측면직각충돌,안전운전불이행,건조,맑음,단일로 - 기타,승용,남,48세,상해없음,이륜,남,41세,경상
2015032900100037,2015년 3월 29일 01시,일요일,인천광역시 남동구 수산동,경상사고,0,0,1,0,차대차 - 기타,기타,건조,맑음,단일로 - 기타,화물,남,41세,기타불명,승용,남,40세,경상
2015032900100059,2015년 3월 29일 02시,일요일,인천광역시 부평구 부평동,중상사고,0,1,1,0,차대차 - 추돌 - 주정차중,안전운전불이행,건조,맑음,교차로 - 교차로부근,승용,남,22세,상해없음,승용,남,58세,중상
2015032900100103,2015년 3월 29일 07시,일요일,인천광역시 연수구 선학동,경상사고,0,0,2,0,차대차 - 기타,안전운전불이행,건조,맑음,교차로 - 교차로안,승합,남,33세,상해없음,승용,남,31세,경상
2015032900100195,2015년 3월 29일 12시,일요일,인천광역시 계양구 병방동,중상사고,0,1,0,0,차대사람 - 횡단중,중앙선침범,건조,맑음,단일로 - 횡단보도부근,이륜,남,19세,상해없음,보행자,여,50세,중상
2015032900100218,2015년 3월 29일 13시,일요일,인천광역시 남구 숭의동,사망사고,1,0,0,0,차대사람 - 차도통행중,안전운전불이행,건조,맑음,교차로 - 교차로부근,승용,남,34세,상해없음,보행자,남,71세,사망
2015032900100245,2015년 3월 29일 14시,일요일,인천광역시 부평구 부평동,부상신고사고,0,0,0,1,차대차 - 기타,안전운전불이행,건조,맑음,교차로 - 교차로안,화물,남,51세,상해없음,자전거,남,11세,부상신고
2015032900100246,2015년 3월 29일 14시,일요일,인천광역시 서구 검암동,경상사고,0,0,1,0,차대차 - 추돌 - 주정차중,안전운전불이행,건조,맑음,단일로 - 기타,승용,남,60세,상해없음,승용,남,38세,경상
2015032900100247,2015년 3월 29일 14시,일요일,인천광역시 부평구 부평동,경상사고,0,0,1,0,차대차 - 기타,안전운전불이행,건조,맑음,단일로 - 기타,승용,남,55세,상해없음,자전거,여,11세,경상
2015032900100284,2015년 3월 29일 15시,일요일,인천광역시 서구 가좌동,경상사고,0,0,2,0,차대차 - 추돌 - 주정차중,안전운전불이행,건조,맑음,단일로 - 기타,승용,남,47세,상해없음,승용,남,25세,경상
2015032900100320,2015년 3월 29일 16시,일요일,인천광역시 서구 가좌동,경상사고,0,0,1,0,차대차 - 추돌 - 진행중,차로위반,건조,맑음,단일로 - 횡단보도부근,승용,여,56세,상해없음,승용,남,57세,상해없음
2015032900100321,2015년 3월 29일 16시,일요일,인천광역시 강화군 강화읍,경상사고,0,0,1,0,차대차 - 기타,안전운전불이행,건조,맑음,단일로 - 기타,승합,남,61세,상해없음,승용,남,59세,경상
2015032900100381,2015년 3월 29일 18시,일요일,인천광역시 남동구 구월동,중상사고,0,1,0,0,차대사람 - 횡단중,안전운전불이행,건조,맑음,단일로 - 기타,승용,남,31세,상해없음,보행자,남,62세,중상
2015032900100382,2015년 3월 29일 18시,일요일,인천광역시 서구 경서동,사망사고,1,0,0,0,차량단독 - 공작물충돌,중앙선침범,건조,맑음,단일로 - 기타,승용,남,74세,사망,,,,
2015032900100383,2015년 3월 29일 18시,일요일,인천광역시 계양구 작전동,중상사고,0,1,0,0,차량단독 - 기타,안전운전불이행,건조,맑음,단일로 - 기타,승합,남,53세,상해없음,,,,
2015032900100411,2015년 3월 29일 19시,일요일,인천광역시 남구 도화동,사망사고,1,0,1,5,차대차 - 추돌 - 진행중,안전운전불이행,건조,맑음,단일로 - 기타,승용,남,14세,상해없음,승용,남,36세,부상신고
2015032900100442,2015년 3월 29일 20시,일요일,인천광역시 남구 주안동,부상신고사고,0,0,0,1,차대차 - 측면직각충돌,신호위반,건조,맑음,교차로 - 교차로안,원동기,남,36세,상해없음,원동기,남,41세,부상신고
2015032900100443,2015년 3월 29일 20시,일요일,인천광역시 부평구 부평동,경상사고,0,0,2,0,차대사람 - 기타,안전운전불이행,건조,맑음,단일로 - 기타,승용,남,52세,상해없음,보행자,여,23세,경상
2015032900100444,2015년 3월 29일 20시,일요일,인천광역시 연수구 옥련동,경상사고,0,0,2,0,차대차 - 추돌 - 주정차중,안전운전불이행,건조,맑음,교차로 - 교차로부근,화물,남,45세,상해없음,승용,남,56세,경상
2015032900100461,2015년 3월 29일 21시,일요일,인천광역시 서구 백석동,경상사고,0,0,2,0,차대차 - 추돌 - 주정차중,안전운전불이행,건조,맑음,단일로 - 기타,승용,남,25세,상해없음,승용,남,31세,경상
2015032900100480,2015년 3월 29일 22시,일요일,인천광역시 부평구 산곡동,경상사고,0,0,1,2,차대차 - 기타,교차로운행방법위반,건조,맑음,교차로 - 교차로안,승용,남,51세,상해없음,원동기,남,17세,부상신고
2015033000100009,2015년 3월 30일 00시,월요일,인천광역시 부평구 부평동,경상사고,0,0,1,0,차대차 - 추돌 - 주정차중,안전운전불이행,건조,맑음,단일로 - 기타,승용,남,29세,상해없음,승용,남,55세,경상
2015033000100025,2015년 3월 30일 03시,월요일,인천광역시 연수구 선학동,중상사고,0,4,1,0,차대차 - 측면직각충돌,안전운전불이행,건조,맑음,단일로 - 기타,승용,남,31세,기타불명,승용,남,25세,중상
2015033000100028,2015년 3월 30일 04시,월요일,인천광역시 남구 주안동,중상사고,0,1,0,0,차대사람 - 횡단중,안전운전불이행,건조,맑음,교차로 - 교차로안,승용,남,69세,상해없음,보행자,남,23세,중상
2015033000100053,2015년 3월 30일 06시,월요일,인천광역시 남동구 서창동,경상사고,0,0,1,0,차대차 - 추돌 - 주정차중,안전운전불이행,건조,맑음,단일로 - 기타,승용,남,30세,상해없음,승용,남,43세,경상
2015033000100054,2015년 3월 30일 06시,월요일,인천광역시 연수구 옥련동,중상사고,0,3,0,0,차대차 - 기타,안전운전불이행,건조,흐림,단일로 - 기타,승용,남,64세,상해없음,승용,남,38세,중상
2015033000100080,2015년 3월 30일 07시,월요일,인천광역시 연수구 옥련동,경상사고,0,0,1,0,차대차 - 기타,안전운전불이행,건조,맑음,단일로 - 기타,승용,여,60세,상해없음,자전거,여,40세,경상
2015033000100118,2015년 3월 30일 08시,월요일,인천광역시 남동구 고잔동,경상사고,0,0,2,0,차대차 - 측면직각충돌,교차로운행방법위반,건조,맑음,교차로 - 교차로안,승용,여,31세,경상,승용,남,66세,경상
2015033000100119,2015년 3월 30일 08시,월요일,인천광역시 서구 검암동,경상사고,0,0,4,0,차대차 - 추돌 - 진행중,안전운전불이행,습기,안개,단일로 - 기타,승용,여,40세,상해없음,승용,여,49세,경상
2015033000100150,2015년 3월 30일 09시,월요일,인천광역시 남동구 고잔동,경상사고,0,0,2,0,차대차 - 추돌 - 진행중,안전운전불이행,건조,맑음,단일로 - 기타,승용,남,55세,상해없음,승용,여,39세,경상
2015033000100182,2015년 3월 30일 10시,월요일,인천광역시 서구 석남동,중상사고,0,1,0,0,차대차 - 측면직각충돌,안전운전불이행,건조,맑음,교차로 - 교차로안,승용,남,57세,상해없음,승용,남,55세,중상
2015033000100212,2015년 3월 30일 11시,월요일,인천광역시 서구 연희동,부상신고사고,0,0,0,1,차대차 - 측면직각충돌,안전운전불이행,건조,맑음,단일로 - 횡단보도상,승용,여,51세,상해없음,자전거,남,78세,부상신고
2015033000100321,2015년 3월 30일 14시,월요일,인천광역시 남구 주안동,경상사고,0,0,1,0,차대사람 - 기타,안전운전불이행,건조,맑음,단일로 - 기타,기타불명,기타불명,기타불명,기타불명,보행자,여,54세,경상
2015033000100363,2015년 3월 30일 15시,월요일,인천광역시 남구 숭의동,중상사고,0,1,0,0,차대차 - 추돌 - 주정차중,안전거리미확보,건조,맑음,교차로 - 교차로부근,승합,남,28세,상해없음,승용,남,57세,중상
2015033000100364,2015년 3월 30일 15시,월요일,인천광역시 서구 검암동,중상사고,0,1,1,0,차대차 - 추돌 - 진행중,안전운전불이행,건조,맑음,교차로 - 교차로부근,화물,남,62세,상해없음,승용,여,66세,중상
2015033000100365,2015년 3월 30일 15시,월요일,인천광역시 강화군 화도면,중상사고,0,1,0,0,차대사람 - 기타,안전운전불이행,건조,맑음,단일로 - 기타,승용,남,47세,상해없음,보행자,여,73세,중상
2015033000100406,2015년 3월 30일 16시,월요일,인천광역시 부평구 부평동,경상사고,0,0,2,0,차대차 - 측면직각충돌,교차로운행방법위반,건조,맑음,교차로 - 교차로안,건설기계,남,46세,상해없음,승용,남,32세,경상
2015033000100446,2015년 3월 30일 17시,월요일,인천광역시 연수구 연수동,중상사고,0,1,2,0,차대차 - 기타,중앙선침범,건조,맑음,단일로 - 기타,승용,남,19세,상해없음,승용,여,31세,경상
2015033000100477,2015년 3월 30일 18시,월요일,인천광역시 서구 석남동,경상사고,0,0,1,0,차대차 - 측면직각충돌,안전거리미확보,건조,맑음,교차로 - 교차로안,화물,남,54세,상해없음,승용,남,28세,경상
2015033000100478,2015년 3월 30일 18시,월요일,인천광역시 계양구 계산동,경상사고,0,0,1,0,차대차 - 측면직각충돌,신호위반,건조,맑음,교차로 - 교차로안,승용,여,48세,상해없음,이륜,남,48세,경상
2015033000100479,2015년 3월 30일 18시,월요일,인천광역시 강화군 양도면,중상사고,0,2,0,0,차대차 - 추돌 - 진행중,안전운전불이행,건조,맑음,단일로 - 기타,승합,남,53세,상해없음,승용,남,29세,중상
2015033000100480,2015년 3월 30일 18시,월요일,인천광역시 연수구 옥련동,경상사고,0,0,1,1,차대차 - 기타,교차로운행방법위반,건조,맑음,교차로 - 교차로안,승용,남,43세,상해없음,승합,남,54세,상해없음
2015033000100519,2015년 3월 30일 19시,월요일,인천광역시 남구 용현동,부상신고사고,0,0,0,1,차대차 - 기타,중앙선침범,건조,맑음,교차로 - 교차로부근,자전거,남,26세,부상신고,승합,남,64세,상해없음
2015033000100558,2015년 3월 30일 20시,월요일,인천광역시 남구 도화동,중상사고,0,1,0,0,차대차 - 측면직각충돌,중앙선침범,건조,맑음,교차로 - 교차로안,이륜,남,19세,상해없음,승용,남,49세,중상
2015033000100559,2015년 3월 30일 20시,월요일,인천광역시 부평구 산곡동,중상사고,0,1,1,0,차대차 - 추돌 - 주정차중,안전운전불이행,건조,맑음,교차로 - 교차로부근,승용,여,40세,상해없음,승용,여,27세,중상
2015033000100587,2015년 3월 30일 21시,월요일,인천광역시 계양구 병방동,중상사고,0,1,0,0,차대사람 - 길가장자리구역통행중,안전운전불이행,건조,맑음,교차로 - 교차로안,화물,남,44세,상해없음,보행자,남,28세,중상
2015033000100609,2015년 3월 30일 22시,월요일,인천광역시 강화군 길상면,중상사고,0,1,0,0,차대사람 - 길가장자리구역통행중,안전운전불이행,건조,맑음,단일로 - 기타,승용,남,59세,상해없음,보행자,남,65세,중상
2015033000100625,2015년 3월 30일 23시,월요일,인천광역시 부평구 청천동,경상사고,0,0,1,0,차대차 - 기타,안전운전불이행,건조,맑음,단일로 - 기타,승용,남,52세,상해없음,승용,남,61세,경상
2015033100100019,2015년 3월 31일 00시,화요일,인천광역시 남동구 간석동,경상사고,0,0,1,0,차대사람 - 횡단중,안전운전불이행,건조,맑음,단일로 - 기타,승용,남,35세,상해없음,보행자,남,43세,경상
2015033100100032,2015년 3월 31일 01시,화요일,인천광역시 부평구 부개동,부상신고사고,0,0,0,1,차량단독 - 기타,안전운전불이행,건조,맑음,단일로 - 기타,승용,남,38세,상해없음,,,,
2015033100100040,2015년 3월 31일 02시,화요일,인천광역시 남구 주안동,경상사고,0,0,1,0,차대차 - 기타,안전거리미확보,건조,맑음,단일로 - 기타,승용,남,32세,상해없음,승용,남,55세,경상
2015033100100065,2015년 3월 31일 05시,화요일,인천광역시 남동구 구월동,중상사고,0,1,0,0,차대차 - 측면직각충돌,중앙선침범,건조,맑음,단일로 - 기타,이륜,남,35세,상해없음,이륜,남,62세,중상
2015033100100066,2015년 3월 31일 05시,화요일,인천광역시 연수구 동춘동,중상사고,0,1,0,0,차대차 - 기타,신호위반,건조,맑음,교차로 - 교차로안,승용,남,38세,상해없음,승용,여,59세,중상
2015033100100082,2015년 3월 31일 06시,화요일,인천광역시 남구 도화동,경상사고,0,0,1,0,차대차 - 측면직각충돌,안전운전불이행,건조,맑음,단일로 - 기타,화물,남,65세,상해없음,승용,남,23세,경상
2015033100100083,2015년 3월 31일 06시,화요일,인천광역시 계양구 효성동,중상사고,0,1,0,0,차량단독 - 기타,안전운전불이행,건조,맑음,교차로 - 교차로안,승합,남,55세,상해없음,,,,
2015033100100129,2015년 3월 31일 08시,화요일,인천광역시 남동구 고잔동,중상사고,0,1,0,0,차대차 - 측면직각충돌,신호위반,건조,맑음,교차로 - 교차로부근,화물,남,34세,상해없음,승용,여,53세,중상