사고번호,사고일시,요일,시군구,사고내용,사망자수,중상자수,경상자수,부상신고자수,사고유형,법규위반,노면상태,기상상태,도로형태,가해운전자 차종,가해운전자 성별,가해운전자 연령,가해운전자 상해정도,피해운전자 차종,피해운전자 성별,피해운전자 연령,피해운전자 상해정도
2015040400100701,2015년 4월 4일 22시,토요일,인천광역시 남동구 만수동,중상사고,0,1,0,0,차대사람 - 기타,신호위반,건조,맑음,단일로 - 횡단보도상,승용,남,46세,상해없음,보행자,여,17세,중상
2015040500100026,2015년 4월 5일 00시,일요일,인천광역시 연수구 송도동,경상사고,0,0,1,0,차대사람 - 횡단중,안전운전불이행,습기,흐림,단일로 - 횡단보도상,승용,남,24세,상해없음,보행자,남,24세,경상
2015040500100082,2015년 4월 5일 03시,일요일,인천광역시 서구 심곡동,경상사고,0,0,2,0,차대차 - 추돌 - 주정차중,안전운전불이행,건조,맑음,단일로 - 기타,승용,기타불명,기타불명,기타불명,승용,남,37세,경상
2015040500100111,2015년 4월 5일 05시,일요일,인천광역시 계양구 작전동,경상사고,0,0,2,0,차대차 - 기타,신호위반,습기,흐림,교차로 - 교차로안,이륜,남,19세,상해없음,승용,남,64세,상해없음
2015040500100141,2015년 4월 5일 07시,일요일,인천광역시 남동구 고잔동,중상사고,0,2,1,0,차대차 - 측면직각충돌,신호위반,건조,맑음,교차로 - 교차로안,승용,남,44세,중상,승용,남,58세,경상
2015040500100167,2015년 4월 5일 09시,일요일,인천광역시 부평구 부평동,중상사고,0,1,1,0,차대차 - 측면직각충돌,안전운전불이행,건조,맑음,교차로 - 교차로안,승용,여,27세,상해없음,승용,남,54세,중상
2015040500100168,2015년 4월 5일 09시,일요일,인천광역시 연수구 연수동,경상사고,0,0,2,0,차대차 - 추돌 - 진행중,안전운전불이행,습기,비,단일로 - 기타,승용,남,33세,상해없음,승용,남,57세,경상
2015040500100199,2015년 4월 5일 11시,일요일,인천광역시 서구 경서동,경상사고,0,0,1,0,차량단독 - 공작물충돌,안전운전불이행,건조,맑음,단일로 - 횡단보도부근,승합,남,54세,상해없음,,,,
2015040500100239,2015년 4월 5일 13시,일요일,인천광역시 강화군 화도면,중상사고,0,3,2,0,차대차 - 기타,중앙선침범,건조,맑음,단일로 - 기타,승용,남,26세,상해없음,승용,남,60세,중상
2015040500100270,2015년 4월 5일 14시,일요일,인천광역시 부평구 청천동,경상사고,0,0,1,0,차대차 - 기타,안전운전불이행,건조,맑음,단일로 - 기타,승합,남,44세,상해없음,승용,남,33세,경상
2015040500100271,2015년 4월 5일 14시,일요일,인천광역시 서구 가정동,경상사고,0,0,2,0,차대차 - 추돌 - 진행중,신호위반,건조,흐림,교차로 - 교차로부근,승용,남,52세,상해없음,승용,남,55세,경상
2015040500100305,2015년 4월 5일 15시,일요일,인천광역시 부평구 부평동,중상사고,0,1,2,1,차대차 - 측면직각충돌,안전운전불이행,건조,맑음,교차로 - 교차로안,승용,남,60세,상해없음,승용,여,41세,중상
2015040500100306,2015년 4월 5일 15시,일요일,인천광역시 서구 가정동,중상사고,0,1,1,0,차대차 - 추돌 - 진행중,안전운전불이행,건조,흐림,교차로 - 교차로안,승용,남,30세,상해없음,승용,남,31세,중상
2015040500100334,2015년 4월 5일 16시,일요일,인천광역시 서구 가정동,경상사고,0,0,1,0,차대사람 - 길가장자리구역통행중,안전운전불이행,건조,맑음,단일로 - 기타,승용,남,68세,기타불명,보행자,여,8세,경상
2015040500100335,2015년 4월 5일 16시,일요일,인천광역시 강화군 강화읍,경상사고,0,0,2,0,차대차 - 측면직각충돌,중앙선침범,건조,맑음,단일로 - 기타,승용,남,58세,상해없음,승용,남,47세,경상
2015040500100336,2015년 4월 5일 16시,일요일,인천광역시 연수구 청학동,경상사고,0,0,2,0,차대차 - 추돌 - 주정차중,안전거리미확보,건조,맑음,단일로 - 기타,승용,남,35세,상해없음,승용,남,35세,경상
2015040500100360,2015년 4월 5일 17시,일요일,인천광역시 남동구 만수동,경상사고,0,0,1,0,차대차 - 측면직각충돌,안전운전불이행,건조,맑음,교차로 - 교차로부근,승용,남,54세,상해없음,자전거,남,8세,경상
2015040500100428,2015년 4월 5일 19시,일요일,인천광역시 부평구 산곡동,중상사고,0,1,1,0,차대차 - 측면직각충돌,신호위반,건조,맑음,교차로 - 교차로안,승용,남,33세,상해없음,승용,남,29세,중상
2015040500100429,2015년 4월 5일 19시,일요일,인천광역시 서구 석남동,경상사고,0,0,1,0,차대차 - 추돌 - 진행중,중앙선침범,건조,맑음,단일로 - 횡단보도부근,승용,남,58세,상해없음,이륜,남,16세,경상
2015040500100430,2015년 4월 5일 19시,일요일,인천광역시 계양구 작전동,경상사고,0,0,1,0,차대차 - 기타,중앙선침범,건조,맑음,단일로 - 기타,승용,남,23세,상해없음,이륜,남,54세,경상
2015040500100431,2015년 4월 5일 19시,일요일,인천광역시 연수구 연수동,경상사고,0,0,2,0,차대차 - 기타,안전운전불이행,건조,맑음,교차로 - 교차로안,승용,남,37세,기타불명,승용,남,44세,경상
2015040500100469,2015년 4월 5일 20시,일요일,인천광역시 남구 주안동,중상사고,0,1,0,0,차대사람 - 횡단중,신호위반,습기,맑음,교차로 - 교차로안,승용,남,63세,상해없음,보행자,여,51세,중상
2015040500100527,2015년 4월 5일 22시,일요일,인천광역시 계양구 계산동,중상사고,0,1,0,0,차대차 - 측면직각충돌,안전운전불이행,건조,맑음,교차로 - 교차로부근,이륜,남,21세,상해없음,이륜,남,39세,중상
2015040600100025,2015년 4월 6일 01시,월요일,인천광역시 남구 용현동,중상사고,0,1,0,0,차대차 - 측면직각충돌,안전운전불이행,건조,맑음,단일로 - 기타,원동기,남,19세,중상,화물,남,45세,상해없음
2015040600100065,2015년 4월 6일 05시,월요일,인천광역시 남동구 논현동,중상사고,0,2,3,0,차대차 - 측면직각충돌,신호위반,건조,맑음,교차로 - 교차로안,승용,남,25세,상해없음,승합,남,50세,중상
2015040600100066,2015년 4월 6일 05시,월요일,인천광역시 남동구 만수동,경상사고,0,0,1,0,차대차 - 추돌 - 진행중,교차로운행방법위반,건조,맑음,교차로 - 교차로안,승합,남,54세,상해없음,승용,여,50세,경상
2015040600100101,2015년 4월 6일 07시,월요일,인천광역시 서구 백석동,경상사고,0,0,1,0,차대차 - 측면직각충돌,신호위반,건조,맑음,교차로 - 교차로안,승용,남,66세,경상,화물,남,59세,상해없음
2015040600100148,2015년 4월 6일 08시,월요일,인천광역시 남구 용현동,중상사고,0,1,1,0,차대차 - 정면충돌,안전운전불이행,건조,맑음,교차로 - 교차로부근,승용,여,46세,상해없음,승용,남,38세,경상
2015040600100184,2015년 4월 6일 09시,월요일,인천광역시 부평구 부평동,중상사고,0,1,0,0,차대사람 - 길가장자리구역통행중,안전운전불이행,건조,맑음,단일로 - 기타,화물,남,35세,상해없음,보행자,여,69세,중상
2015040600100185,2015년 4월 6일 09시,월요일,인천광역시 남동구 만수동,경상사고,0,0,2,0,차대차 - 추돌 - 진행중,안전운전불이행,건조,맑음,단일로 - 기타,승용,남,69세,상해없음,승용,남,41세,경상
2015040600100250,2015년 4월 6일 11시,월요일,인천광역시 남구 도화동,경상사고,0,0,2,0,차대차 - 측면직각충돌,신호위반,건조,맑음,교차로 - 교차로안,승용,남,29세,상해없음,화물,남,36세,경상
2015040600100278,2015년 4월 6일 12시,월요일,인천광역시 남동구 만수동,경상사고,0,0,1,0,차량단독 - 기타,안전운전불이행,건조,맑음,단일로 - 기타,승합,남,44세,상해없음,,,,
2015040600100311,2015년 4월 6일 13시,월요일,인천광역시 부평구 산곡동,경상사고,0,0,1,0,차대사람 - 기타,안전운전불이행,건조,맑음,단일로 - 기타,원동기,남,39세,상해없음,보행자,여,7세,경상
2015040600100312,2015년 4월 6일 13시,월요일,인천광역시 남동구 간석동,경상사고,0,0,1,0,차대차 - 측면직각충돌,신호위반,건조,맑음,교차로 - 교차로안,승용,여,43세,상해없음,이륜,남,29세,경상
2015040600100350,2015년 4월 6일 14시,월요일,인천광역시 동구 송림동,중상사고,0,1,0,0,차대차 - 기타,안전운전불이행,건조,맑음,교차로 - 교차로부근,화물,기타불명,기타불명,기타불명,이륜,여,52세,중상
2015040600100351,2015년 4월 6일 14시,월요일,인천광역시 남구 문학동,경상사고,0,0,1,0,차대차 - 기타,신호위반,건조,맑음,교차로 - 교차로부근,승용,여,58세,상해없음,자전거,남,22세,경상
2015040600100352,2015년 4월 6일 14시,월요일,인천광역시 남동구 고잔동,중상사고,0,1,0,0,차대사람 - 횡단중,보행자보호의무위반,건조,맑음,교차로 - 교차로부근,승용,남,50세,상해없음,보행자,남,47세,중상
2015040600100353,2015년 4월 6일 14시,월요일,인천광역시 남동구 간석동,경상사고,0,0,1,0,차대차 - 측면직각충돌,신호위반,건조,맑음,교차로 - 교차로안,승용,남,36세,상해없음,승용,남,46세,경상
2015040600100428,2015년 4월 6일 16시,월요일,인천광역시 남구 숭의동,경상사고,0,0,1,0,차대차 - 측면직각충돌,안전운전불이행,건조,맑음,교차로 - 교차로안,승합,남,56세,상해없음,화물,남,38세,경상
2015040600100466,2015년 4월 6일 17시,월요일,인천광역시 남동구 도림동,경상사고,0,0,1,0,차대사람 - 기타,기타,건조,맑음,단일로 - 기타,승합,남,61세,상해없음,보행자,여,59세,경상
2015040600100467,2015년 4월 6일 17시,월요일,인천광역시 서구 경서동,경상사고,0,0,1,0,차대사람 - 횡단중,안전운전불이행,건조,맑음,단일로 - 기타,승용,남,22세,상해없음,보행자,여,32세,경상
2015040600100530,2015년 4월 6일 19시,월요일,인천광역시 남구 학익동,중상사고,0,1,0,0,차대사람 - 횡단중,안전운전불이행,건조,맑음,단일로 - 기타,승용,남,61세,상해없음,보행자,여,24세,중상
2015040600100531,2015년 4월 6일 19시,월요일,인천광역시 서구 석남동,경상사고,0,0,1,0,차대차 - 측면직각충돌,안전운전불이행,건조,맑음,교차로 - 교차로안,승용,여,59세,상해없음,승용,남,53세,경상
2015040600100642,2015년 4월 6일 22시,월요일,인천광역시 서구 가좌동,경상사고,0,0,1,0,차대차 - 측면직각충돌,안전운전불이행,건조,맑음,단일로 - 기타,승용,여,40세,상해없음,승용,여,35세,경상
2015040700100016,2015년 4월 7일 00시,화요일,인천광역시 부평구 산곡동,경상사고,0,0,1,0,차대사람 - 횡단중,안전운전불이행,건조,맑음,단일로 - 기타,승용,남,52세,상해없음,보행자,남,38세,경상
2015040700100143,2015년 4월 7일 08시,화요일,인천광역시 남구 도화동,중상사고,0,2,0,0,차대차 - 측면직각충돌,신호위반,건조,맑음,교차로 - 교차로안,승용,남,57세,상해없음,화물,남,64세,중상
2015040700100144,2015년 4월 7일 08시,화요일,인천광역시 부평구 산곡동,중상사고,0,1,0,0,차대차 - 기타,안전운전불이행,건조,맑음,교차로 - 교차로안,승용,남,42세,상해없음,자전거,여,42세,중상
2015040700100145,2015년 4월 7일 08시,화요일,인천광역시 남동구 만수동,경상사고,0,0,1,0,차대차 - 측면직각충돌,안전운전불이행,건조,맑음,단일로 - 횡단보도상,자전거,남,18세,경상,승용,남,33세,상해없음
2015040700100180,2015년 4월 7일 09시,화요일,인천광역시 남동구 만수동,중상사고,0,1,0,0,차대차 - 측면직각충돌,안전거리미확보,건조,맑음,단일로 - 기타,승용,남,69세,상해없음,화물,남,58세,중상
2015040700100181,2015년 4월 7일 09시,화요일,인천광역시 남동구 고잔동,경상사고,0,0,1,0,차대차 - 측면직각충돌,안전운전불이행,건조,맑음,교차로 - 교차로안,승용,남,36세,상해없음,화물,남,42세,경상
2015040700100210,2015년 4월 7일 10시,화요일,인천광역시 남동구 논현동,경상사고,0,0,4,0,차대차 - 측면직각충돌,안전거리미확보,건조,맑음,교차로 - 교차로안,승용,여,40세,경상,승용,남,64세,경상
2015040700100236,2015년 4월 7일 11시,화요일,인천광역시 강화군 강화읍,중상사고,0,1,1,0,차대차 - 기타,안전운전불이행,건조,맑음,교차로 - 교차로안,승합,남,49세,상해없음,화물,여,47세,중상
2015040700100290,2015년 4월 7일 13시,화요일,인천광역시 부평구 부평동,경상사고,0,0,1,0,차대사람 - 길가장자리구역통행중,안전운전불이행,건조,맑음,교차로 - 교차로부근,기타불명,기타불명,기타불명,기타불명,보행자,여,6세,경상
2015040700100348,2015년 4월 7일 15시,화요일,인천광역시 남동구 논현동,경상사고,0,0,1,0,차대차 - 측면직각충돌,신호위반,건조,맑음,교차로 - 교차로안,승용,남,40세,상해없음,승용,남,18세,경상
2015040700100403,2015년 4월 7일 17시,화요일,인천광역시 계양구 임학동,경상사고,0,0,1,0,차대차 - 추돌 - 주정차중,안전운전불이행,건조,맑음,단일로 - 기타,승용,남,54세,상해없음,승용,남,36세,경상
2015040700100472,2015년 4월 7일 19시,화요일,인천광역시 남구 주안동,경상사고,0,0,1,0,차대사람 - 기타,안전운전불이행,건조,맑음,단일로 - 기타,승용,남,65세,상해없음,보행자,남,43세,경상
2015040700100473,2015년 4월 7일 19시,화요일,인천광역시 서구 원창동,사망사고,1,0,0,0,차대사람 - 횡단중,안전운전불이행,건조,맑음,단일로 - 횡단보도상,승용,남,28세,상해없음,보행자,남,34세,사망
2015040700100508,2015년 4월 7일 20시,화요일,인천광역시 남동구 고잔동,경상사고,0,0,1,0,차대차 - 추돌 - 진행중,안전운전불이행,건조,맑음,단일로 - 기타,승용,남,42세,상해없음,이륜,남,29세,경상
2015040700100542,2015년 4월 7일 21시,화요일,인천광역시 남동구 간석동,경상사고,0,0,2,0,차대차 - 측면직각충돌,안전운전불이행,건조,흐림,단일로 - 기타,승용,남,54세,상해없음,승용,남,63세,경상
2015040700100543,2015년 4월 7일 21시,화요일,인천광역시 남동구 간석동,경상사고,0,0,1,0,차대차 - 측면직각충돌,신호위반,건조,맑음,교차로 - 교차로안,승용,남,71세,상해없음,승용,남,49세,경상
2015040700100566,2015년 4월 7일 22시,화요일,인천광역시 남동구 고잔동,경상사고,0,0,1,0,차대차 - 추돌 - 진행중,안전운전불이행,건조,맑음,단일로 - 기타,승용,여,56세,상해없음,승용,남,52세,경상
2015040700100588,2015년 4월 7일 23시,화요일,인천광역시 연수구 동춘동,경상사고,0,0,1,0,차대차 - 기타,안전거리미확보,건조,맑음,단일로 - 기타,승용,남,53세,상해없음,승용,여,28세,경상
2015040800100030,2015년 4월 8일 01시,수요일,인천광역시 부평구 부평동,경상사고,0,0,2,0,차대차 - 측면직각충돌,중앙선침범,건조,맑음,단일로 - 기타,승용,남,58세,상해없음,승용,남,21세,경상
2015040800100031,2015년 4월 8일 01시,수요일,인천광역시 서구 검암동,경상사고,0,0,2,0,차대차 - 측면직각충돌,안전운전불이행,건조,맑음,교차로 - 교차로안,승용,남,48세,상해없음,승용,남,61세,경상
2015040800100044,2015년 4월 8일 02시,수요일,인천광역시 남구 숭의동,사망사고,1,0,2,0,차대차 - 측면직각충돌,신호위반,건조,맑음,교차로 - 교차로안,승용,남,43세,상해없음,이륜,남,37세,사망
2015040800100061,2015년 4월 8일 05시,수요일,인천광역시 부평구 청천동,경상사고,0,0,3,0,차대차 - 기타,신호위반,건조,맑음,교차로 - 교차로안,승용,남,54세,경상,승용,남,51세,경상
2015040800100072,2015년 4월 8일 06시,수요일,인천광역시 계양구 서운동,경상사고,0,0,1,0,차대차 - 추돌 - 진행중,안전거리미확보,건조,맑음,단일로 - 기타,승용,여,30세,상해없음,승용,남,58세,상해없음
2015040800100132,2015년 4월 8일 08시,수요일,인천광역시 남구 주안동,경상사고,0,0,3,0,차대차 - 기타,안전거리미확보,건조,맑음,단일로 - 기타,승용,남,24세,상해없음,승용,여,41세,경상
2015040800100133,2015년 4월 8일 08시,수요일,인천광역시 남구 문학동,경상사고,0,0,6,0,차대차 - 측면직각충돌,신호위반,건조,맑음,교차로 - 교차로안,승용,여,54세,경상,승용,여,35세,경상
2015040800100134,2015년 4월 8일 08시,수요일,인천광역시 부평구 부평동,경상사고,0,0,1,0,차대차 - 기타,신호위반,건조,맑음,교차로 - 교차로안,승합,남,55세,상해없음,승용,여,43세,경상
2015040800100162,2015년 4월 8일 09시,수요일,인천광역시 부평구 삼산동,경상사고,0,0,1,0,차대차 - 추돌 - 진행중,안전운전불이행,건조,맑음,단일로 - 기타,화물,남,40세,상해없음,승용,여,46세,경상
2015040800100269,2015년 4월 8일 13시,수요일,인천광역시 남동구 만수동,경상사고,0,0,1,0,차대차 - 추돌 - 진행중,안전운전불이행,건조,맑음,단일로 - 기타,승용,남,31세,상해없음,이륜,남,26세,경상
2015040800100308,2015년 4월 8일 14시,수요일,인천광역시 동구 송현동,중상사고,0,1,0,0,차대차 - 정면충돌,안전운전불이행,건조,맑음,단일로 - 기타,화물,남,59세,상해없음,자전거,남,57세,중상
2015040800100341,2015년 4월 8일 15시,수요일,인천광역시 중구 항동7가,중상사고,0,1,0,0,차대차 - 추돌 - 진행중,안전거리미확보,건조,맑음,단일로 - 기타,화물,남,58세,상해없음,이륜,남,51세,중상
2015040800100342,2015년 4월 8일 15시,수요일,인천광역시 서구 불로동,부상신고사고,0,0,0,1,차대사람 - 횡단중,보행자보호의무위반,건조,맑음,단일로 - 횡단보도상,승용,여,35세,상해없음,보행자,남,8세,부상신고
2015040800100370,2015년 4월 8일 16시,수요일,인천광역시 남구 주안동,경상사고,0,0,1,0,차대사람 - 차도통행중,안전운전불이행,건조,맑음,단일로 - 기타,승용,여,42세,상해없음,보행자,여,61세,경상
2015040800100399,2015년 4월 8일 17시,수요일,인천광역시 연수구 송도동,중상사고,0,1,0,0,차대차 - 기타,안전운전불이행,건조,맑음,교차로 - 교차로안,기타불명,기타불명,기타불명,기타불명,자전거,남,13세,중상
2015040800100424,2015년 4월 8일 18시,수요일,인천광역시 남구 용현동,경상사고,0,0,3,0,차대차 - 기타,안전운전불이행,건조,맑음,단일로 - 기타,승용,남,44세,상해없음,승용,남,19세,경상
2015040800100425,2015년 4월 8일 18시,수요일,인천광역시 남구 주안동,경상사고,0,0,1,1,차대차 - 추돌 - 진행중,안전거리미확보,건조,맑음,교차로 - 교차로부근,승합,남,47세,상해없음,승용,여,37세,경상
2015040800100535,2015년 4월 8일 21시,수요일,인천광역시 서구 경서동,경상사고,0,0,1,0,차대차 - 추돌 - 진행중,안전운전불이행,건조,맑음,교차로 - 교차로부근,승용,여,48세,상해없음,승용,여,51세,경상
2015040800100536,2015년 4월 8일 21시,수요일,인천광역시 계양구 계산동,중상사고,0,1,0,0,차대차 - 기타,안전운전불이행,건조,맑음,교차로 - 교차로안,승용,남,58세,상해없음,이륜,남,28세,중상
2015040800100562,2015년 4월 8일 22시,수요일,인천광역시 남동구 논현동,경상사고,0,0,1,0,차대차 - 측면직각충돌,안전거리미확보,건조,맑음,단일로 - 기타,승용,남,50세,상해없음,승용,남,26세,상해없음
2015040900100015,2015년 4월 9일 00시,목요일,인천광역시 서구 공촌동,경상사고,0,0,6,0,차대차 - 추돌 - 주정차중,안전운전불이행,건조,맑음,단일로 - 기타,승용,남,27세,상해없음,승용,남,60세,경상
2015040900100016,2015년 4월 9일 00시,목요일,인천광역시 계양구 효성동,중상사고,0,1,0,0,차량단독 - 공작물충돌,안전운전불이행,건조,맑음,단일로 - 기타,승용,여,52세,중상,,,,
2015040900100024,2015년 4월 9일 01시,목요일,인천광역시 부평구 십정동,부상신고사고,0,0,0,1,차대차 - 기타,안전운전불이행,건조,맑음,교차로 - 교차로안,이륜,남,62세,부상신고,승합,남,61세,상해없음
2015040900100025,2015년 4월 9일 01시,목요일,인천광역시 남동구 장수동,경상사고,0,0,1,0,차대차 - 측면직각충돌,안전거리미확보,건조,맑음,단일로 - 기타,승용,남,34세,상해없음,승용,남,61세,경상
2015040900100051,2015년 4월 9일 04시,목요일,인천광역시 남동구 간석동,중상사고,0,1,1,0,차대차 - 측면직각충돌,신호위반,건조,맑음,교차로 - 교차로안,승용,남,72세,상해없음,승용,남,60세,중상
2015040900100052,2015년 4월 9일 04시,목요일,인천광역시 서구 신현동,중상사고,0,1,0,0,차대차 - 측면직각충돌,교차로운행방법위반,건조,맑음,교차로 - 교차로안,화물,남,59세,상해없음,승용,남,62세,상해없음
2015040900100065,2015년 4월 9일 05시,목요일,인천광역시 부평구 십정동,중상사고,0,1,0,0,차대사람 - 횡단중,신호위반,건조,맑음,단일로 - 횡단보도상,승용,남,59세,상해없음,보행자,여,66세,중상
2015040900100083,2015년 4월 9일 06시,목요일,인천광역시 부평구 부평동,경상사고,0,0,1,0,차대차 - 측면직각충돌,안전운전불이행,건조,맑음,교차로 - 교차로안,승용,남,46세,상해없음,승용,남,50세,경상
2015040900100084,2015년 4월 9일 06시,목요일,인천광역시 부평구 삼산동,경상사고,0,0,1,0,차대차 - 측면직각충돌,신호위반,건조,맑음,교차로 - 교차로안,승용,남,37세,상해없음,승용,남,49세,경상
2015040900100197,2015년 4월 9일 10시,목요일,인천광역시 남구 주안동,중상사고,0,1,3,0,차대차 - 추돌 - 주정차중,안전거리미확보,건조,맑음,교차로 - 교차로안,화물,남,48세,상해없음,화물,남,29세,경상
2015040900100258,2015년 4월 9일 12시,목요일,인천광역시 남동구 운연동,중상사고,0,2,0,0,차대차 - 추돌 - 주정차중,안전운전불이행,건조,맑음,단일로 - 기타,화물,남,49세,상해없음,승용,남,34세,중상
2015040900100284,2015년 4월 9일 13시,목요일,인천광역시 중구 신흥동1가,중상사고,0,1,0,0,차대차 - 측면직각충돌,중앙선침범,건조,맑음,단일로 - 기타,화물,남,48세,상해없음,이륜,남,26세,중상
2015040900100285,2015년 4월 9일 13시,목요일,인천광역시 부평구 부평동,부상신고사고,0,0,0,1,차대사람 - 기타,안전운전불이행,건조,맑음,단일로 - 기타,기타불명,기타불명,기타불명,기타불명,보행자,여,26세,부상신고
2015040900100339,2015년 4월 9일 15시,목요일,인천광역시 강화군 강화읍,경상사고,0,0,2,0,차대차 - 기타,안전운전불이행,건조,맑음,교차로 - 교차로안,승용,남,61세,상해없음,승용,여,50세,경상
2015040900100379,2015년 4월 9일 16시,목요일,인천광역시 서구 경서동,경상사고,0,0,1,0,차대차 - 추돌 - 진행중,안전거리미확보,건조,맑음,교차로 - 교차로부근,승용,남,30세,상해없음,승용,여,21세,경상
2015040900100401,2015년 4월 9일 17시,목요일,인천광역시 남동구 만수동,중상사고,0,1,0,0,차량단독 - 공작물충돌,안전운전불이행,건조,맑음,단일로 - 기타,승합,남,49세,상해없음,,,,
2015040900100402,2015년 4월 9일 17시,목요일,인천광역시 연수구 연수동,중상사고,0,1,0,0,차대사람 - 기타,안전운전불이행,건조,맑음,단일로 - 기타,자전거,남,23세,상해없음,보행자,여,77세,중상
2015040900100434,2015년 4월 9일 18시,목요일,인천광역시 계양구 작전동,중상사고,0,1,0,0,차대사람 - 횡단중,안전운전불이행,건조,맑음,교차로 - 교차로안,승용,남,59세,상해없음,보행자,남,60세,중상
2015040900100435,2015년 4월 9일 18시,목요일,인천광역시 연수구 연수동,중상사고,0,1,1,0,차대차 - 기타,안전운전불이행,건조,맑음,단일로 - 기타,승용,남,70세,상해없음,승합,여,49세,경상
2015040900100470,2015년 4월 9일 19시,목요일,인천광역시 남동구 구월동,중상사고,0,1,0,0,차대차 - 측면직각충돌,차로위반,건조,맑음,단일로 - 기타,승용,여,55세,상해없음,이륜,남,18세,중상
2015040900100529,2015년 4월 9일 21시,목요일,인천광역시 남동구 도림동,중상사고,0,1,0,0,차대차 - 측면직각충돌,안전운전불이행,건조,맑음,단일로 - 기타,승합,남,56세,상해없음,자전거,남,61세,중상
2015040900100579,2015년 4월 9일 23시,목요일,인천광역시 남구 주안동,중상사고,0,1,0,0,차대차 - 기타,안전운전불이행,건조,맑음,교차로 - 교차로부근,승용,여,31세,상해없음,자전거,남,67세,중상
2015041000100020,2015년 4월 10일 00시,금요일,인천광역시 부평구 부개동,경상사고,0,0,1,0,차대차 - 측면직각충돌,안전운전불이행,건조,맑음,교차로 - 교차로부근,승용,남,55세,상해없음,승용,남,34세,경상
2015041000100039,2015년 4월 10일 01시,금요일,인천광역시 남동구 구월동,중상사고,0,2,3,0,차대차 - 측면직각충돌,차로위반,건조,맑음,단일로 - 기타,승용,남,21세,상해없음,승용,남,61세,중상
2015041000100053,2015년 4월 10일 02시,금요일,인천광역시 서구 가좌동,중상사고,0,1,0,0,차대차 - 추돌 - 진행중,신호위반,건조,맑음,교차로 - 교차로안,승용,남,22세,상해없음,승용,남,51세,중상
2015041000100058,2015년 4월 10일 03시,금요일,인천광역시 서구 당하동,중상사고,0,1,2,0,차대차 - 정면충돌,안전운전불이행,건조,맑음,교차로 - 교차로부근,원동기,남,17세,경상,승용,남,54세,경상
2015041000100085,2015년 4월 10일 06시,금요일,인천광역시 중구 항동7가,중상사고,0,1,1,0,차대차 - 정면충돌,차로위반,건조,맑음,교차로 - 교차로부근,화물,남,40세,경상,승합,남,33세,중상
2015041000100086,2015년 4월 10일 06시,금요일,인천광역시 연수구 송도동,사망사고,1,1,0,0,차대차 - 기타,신호위반,건조,맑음,교차로 - 교차로안,건설기계,남,45세,사망,화물,남,47세,중상
2015041000100146,2015년 4월 10일 08시,금요일,인천광역시 남구 용현동,중상사고,0,1,0,0,차대차 - 측면직각충돌,교차로운행방법위반,건조,맑음,교차로 - 교차로안,승용,여,56세,상해없음,이륜,남,78세,중상
2015041000100223,2015년 4월 10일 11시,금요일,인천광역시 남구 주안동,경상사고,0,0,1,0,차량단독 - 공작물충돌,안전운전불이행,건조,맑음,단일로 - 횡단보도부근,승합,남,46세,상해없음,,,,
2015041000100252,2015년 4월 10일 12시,금요일,인천광역시 남동구 서창동,중상사고,0,1,0,0,차대차 - 측면직각충돌,교차로운행방법위반,건조,맑음,교차로 - 교차로안,승용,여,51세,상해없음,승합,남,54세,중상
2015041000100281,2015년 4월 10일 13시,금요일,인천광역시 서구 석남동,경상사고,0,0,1,0,차대차 - 추돌 - 주정차중,안전운전불이행,건조,맑음,단일로 - 기타,화물,남,63세,상해없음,화물,남,51세,경상
2015041000100358,2015년 4월 10일 15시,금요일,인천광역시 남동구 논현동,중상사고,0,1,0,0,차대사람 - 기타,기타,건조,맑음,단일로 - 기타,승합,남,52세,상해없음,보행자,여,81세,중상
2015041000100404,2015년 4월 10일 16시,금요일,인천광역시 서구 왕길동,중상사고,0,1,0,0,차대차 - 추돌 - 주정차중,안전운전불이행,건조,맑음,단일로 - 기타,승용,남,37세,상해없음,승용,여,53세,중상
2015041000100483,2015년 4월 10일 18시,금요일,인천광역시 계양구 계산동,경상사고,0,0,1,0,차대차 - 측면직각충돌,안전거리미확보,건조,맑음,교차로 - 교차로안,승용,여,36세,상해없음,승용,여,36세,상해없음
2015041000100484,2015년 4월 10일 18시,금요일,인천광역시 계양구 계산동,중상사고,0,1,0,0,차대사람 - 횡단중,안전운전불이행,건조,맑음,단일로 - 기타,이륜,남,35세,상해없음,보행자,남,7세,중상
2015041000100485,2015년 4월 10일 18시,금요일,인천광역시 부평구 갈산동,중상사고,0,1,0,0,차대차 - 측면직각충돌,직진우회전진행방해,건조,맑음,교차로 - 교차로안,승용,남,37세,상해없음,자전거,남,18세,중상
2015041000100486,2015년 4월 10일 18시,금요일,인천광역시 서구 가좌동,부상신고사고,0,0,0,1,차대차 - 기타,안전운전불이행,건조,맑음,단일로 - 기타,승용,남,45세,상해없음,승용,남,58세,부상신고
2015041000100534,2015년 4월 10일 19시,금요일,인천광역시 남동구 장수동,경상사고,0,0,1,0,차대차 - 측면직각충돌,차로위반,건조,맑음,단일로 - 기타,화물,남,60세,상해없음,승합,남,66세,상해없음
2015041000100535,2015년 4월 10일 19시,금요일,인천광역시 부평구 구산동,경상사고,0,0,1,0,차대차 - 측면직각충돌,안전운전불이행,건조,맑음,단일로 - 기타,승용,남,44세,상해없음,특수,남,39세,상해없음