사고번호,사고일시,요일,시군구,사고내용,사망자수,중상자수,경상자수,부상신고자수,사고유형,법규위반,노면상태,기상상태,도로형태,가해운전자 차종,가해운전자 성별,가해운전자 연령,가해운전자 상해정도,피해운전자 차종,피해운전자 성별,피해운전자 연령,피해운전자 상해정도
2015041000100578,2015년 4월 10일 20시,금요일,인천광역시 중구 항동7가,중상사고,0,1,1,0,차대차 - 측면직각충돌,신호위반,건조,맑음,교차로 - 교차로안,화물,남,56세,중상,건설기계,남,60세,경상
2015041000100579,2015년 4월 10일 20시,금요일,인천광역시 남구 문학동,경상사고,0,0,1,0,차대차 - 측면직각충돌,신호위반,건조,맑음,교차로 - 교차로안,승용,여,57세,상해없음,원동기,남,31세,경상
2015041000100580,2015년 4월 10일 20시,금요일,인천광역시 남동구 간석동,중상사고,0,2,0,0,차대차 - 추돌 - 주정차중,안전운전불이행,건조,맑음,단일로 - 기타,원동기,기타불명,기타불명,기타불명,승용,남,41세,중상
2015041000100624,2015년 4월 10일 21시,금요일,인천광역시 남동구 만수동,경상사고,0,0,1,0,차대사람 - 횡단중,안전운전불이행,건조,맑음,단일로 - 기타,원동기,남,16세,상해없음,보행자,남,32세,경상
2015041100100029,2015년 4월 11일 00시,토요일,인천광역시 서구 마전동,중상사고,0,1,0,0,차량단독 - 공작물충돌,안전운전불이행,건조,맑음,단일로 - 기타,화물,남,29세,상해없음,,,,
2015041100100030,2015년 4월 11일 00시,토요일,인천광역시 계양구 작전동,경상사고,0,0,1,0,차대차 - 측면직각충돌,교차로운행방법위반,건조,맑음,교차로 - 교차로부근,승용,남,52세,상해없음,승용,남,29세,경상
2015041100100114,2015년 4월 11일 05시,토요일,인천광역시 남동구 간석동,중상사고,0,1,2,0,차대차 - 측면직각충돌,신호위반,건조,맑음,교차로 - 교차로안,승용,남,63세,상해없음,승용,남,65세,중상
2015041100100115,2015년 4월 11일 05시,토요일,인천광역시 남동구 구월동,경상사고,0,0,1,0,차대차 - 측면직각충돌,안전운전불이행,건조,맑음,교차로 - 교차로안,화물,남,35세,상해없음,승용,남,34세,경상
2015041100100137,2015년 4월 11일 06시,토요일,인천광역시 계양구 병방동,경상사고,0,0,1,0,차대차 - 측면직각충돌,안전운전불이행,건조,맑음,단일로 - 기타,승합,남,45세,상해없음,화물,남,47세,상해없음
2015041100100269,2015년 4월 11일 11시,토요일,인천광역시 부평구 청천동,부상신고사고,0,0,0,1,차대차 - 측면직각충돌,교차로운행방법위반,건조,맑음,교차로 - 교차로부근,화물,남,68세,상해없음,원동기,남,41세,부상신고
2015041100100270,2015년 4월 11일 11시,토요일,인천광역시 서구 시천동,중상사고,0,1,2,0,차대차 - 정면충돌,안전운전불이행,건조,맑음,단일로 - 기타,자전거,남,27세,경상,자전거,남,37세,경상
2015041100100271,2015년 4월 11일 11시,토요일,인천광역시 계양구 작전동,중상사고,0,1,0,0,차대사람 - 횡단중,보행자보호의무위반,건조,맑음,단일로 - 횡단보도상,승용,남,36세,상해없음,보행자,남,9세,중상
2015041100100309,2015년 4월 11일 12시,토요일,인천광역시 강화군 내가면,중상사고,0,1,0,0,차대사람 - 기타,안전운전불이행,건조,맑음,단일로 - 기타,승합,남,53세,상해없음,보행자,여,58세,중상
2015041100100337,2015년 4월 11일 13시,토요일,인천광역시 중구 운서동,경상사고,0,0,1,0,차대차 - 추돌 - 진행중,교차로운행방법위반,건조,맑음,교차로 - 교차로안,승합,남,51세,상해없음,승용,남,51세,경상
2015041100100338,2015년 4월 11일 13시,토요일,인천광역시 남동구 만수동,경상사고,0,0,2,0,차대차 - 측면직각충돌,안전운전불이행,건조,맑음,단일로 - 기타,승용,남,27세,상해없음,승용,여,35세,경상
2015041100100339,2015년 4월 11일 13시,토요일,인천광역시 부평구 부개동,부상신고사고,0,0,0,1,차대차 - 기타,안전운전불이행,건조,맑음,단일로 - 기타,승용,남,54세,상해없음,자전거,남,49세,부상신고
2015041100100377,2015년 4월 11일 14시,토요일,인천광역시 계양구 계산동,중상사고,0,1,0,0,차대차 - 기타,안전운전불이행,건조,맑음,단일로 - 기타,승용,남,56세,상해없음,이륜,남,38세,중상
2015041100100417,2015년 4월 11일 15시,토요일,인천광역시 남동구 만수동,경상사고,0,0,3,0,차대차 - 측면직각충돌,안전거리미확보,건조,맑음,단일로 - 기타,승용,남,37세,경상,승용,남,35세,경상
2015041100100418,2015년 4월 11일 15시,토요일,인천광역시 계양구 계산동,경상사고,0,0,1,0,차대차 - 기타,안전운전불이행,건조,맑음,단일로 - 기타,승용,남,35세,상해없음,이륜,남,45세,경상
2015041100100504,2015년 4월 11일 17시,토요일,인천광역시 계양구 병방동,경상사고,0,0,1,0,차대차 - 측면직각충돌,안전운전불이행,건조,맑음,단일로 - 기타,승합,남,51세,상해없음,자전거,남,55세,경상
2015041100100547,2015년 4월 11일 18시,토요일,인천광역시 중구 도원동,경상사고,0,0,1,0,차대사람 - 기타,안전운전불이행,건조,맑음,교차로 - 교차로부근,승용,남,67세,상해없음,보행자,여,57세,경상
2015041100100548,2015년 4월 11일 18시,토요일,인천광역시 남구 학익동,경상사고,0,0,2,0,차대차 - 추돌 - 진행중,안전운전불이행,건조,맑음,교차로 - 교차로부근,승용,남,62세,상해없음,승용,남,54세,경상
2015041100100591,2015년 4월 11일 19시,토요일,인천광역시 남동구 논현동,경상사고,0,0,1,0,차대차 - 측면직각충돌,안전운전불이행,건조,맑음,단일로 - 기타,승용,남,39세,상해없음,이륜,남,43세,경상
2015041100100592,2015년 4월 11일 19시,토요일,인천광역시 계양구 작전동,경상사고,0,0,1,0,차대차 - 측면직각충돌,신호위반,건조,맑음,교차로 - 교차로안,승용,남,43세,상해없음,이륜,남,19세,경상
2015041100100622,2015년 4월 11일 20시,토요일,인천광역시 서구 연희동,경상사고,0,0,2,0,차대차 - 기타,안전운전불이행,건조,맑음,단일로 - 기타,승용,여,37세,상해없음,승용,남,26세,경상
2015041100100623,2015년 4월 11일 20시,토요일,인천광역시 서구 연희동,부상신고사고,0,0,0,1,차대사람 - 보도통행중,신호위반,건조,맑음,교차로 - 교차로부근,승용,남,21세,상해없음,보행자,남,9세,부상신고
2015041100100659,2015년 4월 11일 21시,토요일,인천광역시 남동구 간석동,중상사고,0,1,1,0,차대차 - 추돌 - 진행중,안전운전불이행,건조,맑음,교차로 - 교차로부근,화물,남,56세,상해없음,승용,남,56세,중상
2015041100100660,2015년 4월 11일 21시,토요일,인천광역시 남동구 논현동,경상사고,0,0,1,0,차대차 - 측면직각충돌,안전운전불이행,건조,맑음,단일로 - 기타,승용,남,27세,상해없음,승용,남,28세,경상
2015041100100661,2015년 4월 11일 21시,토요일,인천광역시 부평구 부평동,경상사고,0,0,5,0,차대차 - 기타,교차로운행방법위반,건조,맑음,교차로 - 교차로안,화물,남,37세,상해없음,승용,남,20세,경상
2015041100100683,2015년 4월 11일 22시,토요일,인천광역시 남구 관교동,경상사고,0,0,1,0,차대차 - 측면직각충돌,안전운전불이행,건조,맑음,교차로 - 교차로안,승합,남,54세,상해없음,승용,남,48세,경상
2015041100100713,2015년 4월 11일 23시,토요일,인천광역시 서구 연희동,경상사고,0,0,3,0,차대차 - 측면직각충돌,교차로운행방법위반,건조,맑음,교차로 - 교차로안,승용,여,25세,경상,승용,여,53세,경상
2015041200100022,2015년 4월 12일 00시,일요일,인천광역시 연수구 연수동,중상사고,0,1,0,0,차대사람 - 보도통행중,보행자보호의무위반,건조,맑음,단일로 - 기타,승용,남,54세,상해없음,보행자,남,26세,중상
2015041200100054,2015년 4월 12일 02시,일요일,인천광역시 남동구 남촌동,경상사고,0,0,1,0,차대차 - 추돌 - 주정차중,안전거리미확보,건조,맑음,교차로 - 교차로부근,승합,남,29세,상해없음,승용,남,55세,경상
2015041200100067,2015년 4월 12일 03시,일요일,인천광역시 부평구 부평동,중상사고,0,1,0,1,차대차 - 기타,중앙선침범,건조,맑음,단일로 - 기타,이륜,남,15세,부상신고,이륜,남,29세,중상
2015041200100088,2015년 4월 12일 05시,일요일,인천광역시 남구 주안동,중상사고,0,3,0,0,차대차 - 측면직각충돌,신호위반,건조,맑음,교차로 - 교차로안,승용,남,64세,상해없음,승용,남,30세,중상
2015041200100126,2015년 4월 12일 08시,일요일,인천광역시 강화군 선원면,경상사고,0,0,4,0,차대차 - 기타,중앙선침범,건조,맑음,단일로 - 기타,승용,남,25세,상해없음,승용,남,44세,경상
2015041200100209,2015년 4월 12일 12시,일요일,인천광역시 남구 도화동,중상사고,0,1,0,0,차량단독 - 기타,안전운전불이행,건조,맑음,단일로 - 기타,승합,남,57세,상해없음,,,,
2015041200100210,2015년 4월 12일 12시,일요일,인천광역시 부평구 십정동,경상사고,0,0,1,0,차량단독 - 공작물충돌,안전운전불이행,건조,맑음,교차로 - 교차로안,승용,남,67세,상해없음,,,,
2015041200100211,2015년 4월 12일 12시,일요일,인천광역시 계양구 계산동,경상사고,0,0,2,0,차대차 - 측면직각충돌,안전운전불이행,건조,맑음,교차로 - 교차로부근,승용,여,52세,상해없음,승용,남,52세,상해없음
2015041200100212,2015년 4월 12일 12시,일요일,인천광역시 계양구 작전동,경상사고,0,0,4,0,차대차 - 추돌 - 진행중,안전운전불이행,건조,맑음,단일로 - 기타,화물,남,66세,상해없음,승용,여,40세,경상
2015041200100243,2015년 4월 12일 13시,일요일,인천광역시 중구 도원동,중상사고,0,1,2,0,차대차 - 정면충돌,안전거리미확보,건조,맑음,교차로 - 교차로안,승용,남,20세,상해없음,승용,남,53세,중상
2015041200100244,2015년 4월 12일 13시,일요일,인천광역시 부평구 부평동,경상사고,0,0,3,0,차대차 - 측면직각충돌,안전운전불이행,건조,맑음,단일로 - 기타,승용,남,61세,상해없음,승용,남,42세,상해없음
2015041200100245,2015년 4월 12일 13시,일요일,인천광역시 부평구 부평동,경상사고,0,0,1,0,차대차 - 기타,안전운전불이행,건조,맑음,교차로 - 교차로부근,승용,남,52세,상해없음,승용,남,60세,경상
2015041200100246,2015년 4월 12일 13시,일요일,인천광역시 서구 석남동,부상신고사고,0,0,0,1,차량단독 - 공작물충돌,안전운전불이행,건조,맑음,단일로 - 터널,승용,남,49세,부상신고,,,,
2015041200100247,2015년 4월 12일 13시,일요일,인천광역시 계양구 작전동,경상사고,0,0,1,0,차대사람 - 기타,안전운전불이행,건조,맑음,단일로 - 기타,승용,남,23세,상해없음,보행자,여,53세,경상
2015041200100285,2015년 4월 12일 14시,일요일,인천광역시 부평구 부평동,경상사고,0,0,3,0,차대차 - 추돌 - 진행중,교차로운행방법위반,건조,맑음,교차로 - 교차로안,승용,여,31세,경상,승용,남,48세,경상
2015041200100286,2015년 4월 12일 14시,일요일,인천광역시 강화군 강화읍,중상사고,0,1,1,0,차대차 - 기타,안전운전불이행,건조,맑음,단일로 - 기타,승합,남,48세,상해없음,자전거,남,42세,경상
2015041200100347,2015년 4월 12일 16시,일요일,인천광역시 남구 용현동,경상사고,0,0,1,0,차량단독 - 기타,안전거리미확보,건조,맑음,단일로 - 기타,승합,남,35세,상해없음,,,,
2015041200100375,2015년 4월 12일 17시,일요일,인천광역시 중구 북성동2가,경상사고,0,0,1,0,차대사람 - 길가장자리구역통행중,안전운전불이행,건조,맑음,단일로 - 기타,승용,남,25세,상해없음,보행자,남,44세,경상
2015041200100376,2015년 4월 12일 17시,일요일,인천광역시 남동구 구월동,부상신고사고,0,0,0,1,차대사람 - 차도통행중,안전운전불이행,건조,맑음,단일로 - 기타,승합,남,48세,상해없음,보행자,여,71세,부상신고
2015041200100475,2015년 4월 12일 20시,일요일,인천광역시 계양구 작전동,경상사고,0,0,1,0,차대사람 - 기타,안전운전불이행,건조,맑음,단일로 - 기타,승용,남,69세,상해없음,보행자,남,23세,경상
2015041200100505,2015년 4월 12일 21시,일요일,인천광역시 남동구 구월동,중상사고,0,1,0,0,차대차 - 추돌 - 주정차중,교차로운행방법위반,건조,흐림,교차로 - 교차로안,승용,남,29세,상해없음,이륜,남,16세,중상
2015041200100506,2015년 4월 12일 21시,일요일,인천광역시 연수구 동춘동,중상사고,0,1,0,0,차대차 - 측면직각충돌,교차로운행방법위반,건조,맑음,교차로 - 교차로안,승용,남,28세,상해없음,원동기,남,23세,중상
2015041200100523,2015년 4월 12일 22시,일요일,인천광역시 서구 가정동,사망사고,1,0,0,0,차대사람 - 차도통행중,안전운전불이행,건조,맑음,단일로 - 기타,승용,남,34세,상해없음,보행자,남,86세,사망
2015041300100017,2015년 4월 13일 00시,월요일,인천광역시 부평구 삼산동,중상사고,0,1,0,0,차대차 - 정면충돌,중앙선침범,건조,흐림,미분류 - 미분류,승용,남,35세,기타불명,승용,남,57세,중상
2015041300100075,2015년 4월 13일 07시,월요일,인천광역시 중구 북성동1가,경상사고,0,0,1,0,차량단독 - 공작물충돌,안전운전불이행,건조,맑음,미분류 - 미분류,승용,남,47세,상해없음,,,,
2015041300100076,2015년 4월 13일 07시,월요일,인천광역시 남구 주안동,중상사고,0,2,1,0,차대차 - 측면직각충돌,안전운전불이행,건조,맑음,단일로 - 기타,승용,남,24세,상해없음,승용,남,32세,중상
2015041300100109,2015년 4월 13일 08시,월요일,인천광역시 부평구 산곡동,경상사고,0,0,1,0,차대사람 - 기타,안전운전불이행,건조,맑음,단일로 - 기타,기타불명,기타불명,기타불명,기타불명,보행자,남,7세,경상
2015041300100110,2015년 4월 13일 08시,월요일,인천광역시 부평구 부개동,경상사고,0,0,3,0,차대차 - 측면직각충돌,안전운전불이행,건조,맑음,교차로 - 교차로안,승용,남,24세,상해없음,승용,남,54세,경상
2015041300100170,2015년 4월 13일 10시,월요일,인천광역시 연수구 청학동,경상사고,0,0,1,0,차대차 - 기타,신호위반,건조,맑음,단일로 - 횡단보도상,승용,남,62세,상해없음,자전거,남,52세,경상
2015041300100220,2015년 4월 13일 12시,월요일,인천광역시 부평구 부평동,중상사고,0,1,0,0,차대사람 - 기타,중앙선침범,건조,맑음,단일로 - 기타,승용,남,51세,상해없음,보행자,여,74세,중상
2015041300100272,2015년 4월 13일 14시,월요일,인천광역시 중구 운서동,중상사고,0,1,0,0,차대차 - 추돌 - 주정차중,안전운전불이행,건조,맑음,단일로 - 기타,승합,남,57세,상해없음,화물,남,65세,상해없음
2015041300100299,2015년 4월 13일 15시,월요일,인천광역시 남동구 만수동,중상사고,0,1,0,0,차대사람 - 횡단중,안전운전불이행,건조,맑음,단일로 - 기타,화물,남,64세,상해없음,보행자,여,9세,중상
2015041300100344,2015년 4월 13일 16시,월요일,인천광역시 계양구 계산동,경상사고,0,0,1,0,차대차 - 측면직각충돌,교차로운행방법위반,건조,맑음,교차로 - 교차로안,승용,남,68세,상해없음,이륜,남,19세,경상
2015041300100425,2015년 4월 13일 18시,월요일,인천광역시 남구 학익동,경상사고,0,0,1,0,차대사람 - 기타,안전운전불이행,건조,맑음,단일로 - 기타,기타불명,기타불명,기타불명,기타불명,보행자,남,81세,경상
2015041300100473,2015년 4월 13일 19시,월요일,인천광역시 남동구 논현동,경상사고,0,0,1,0,차대사람 - 보도통행중,보행자보호의무위반,습기,비,교차로 - 교차로부근,승합,남,58세,상해없음,보행자,여,45세,경상
2015041300100474,2015년 4월 13일 19시,월요일,인천광역시 서구 왕길동,경상사고,0,0,1,0,차대차 - 추돌 - 진행중,교차로운행방법위반,습기,비,교차로 - 교차로안,승용,기타불명,기타불명,기타불명,승용,남,32세,상해없음
2015041300100475,2015년 4월 13일 19시,월요일,인천광역시 서구 가좌동,중상사고,0,1,0,0,차대사람 - 차도통행중,안전운전불이행,습기,비,단일로 - 기타,승용,여,35세,상해없음,보행자,남,74세,중상
2015041300100476,2015년 4월 13일 19시,월요일,인천광역시 연수구 송도동,중상사고,0,1,0,0,차대사람 - 보도통행중,신호위반,습기,비,단일로 - 기타,승용,남,41세,상해없음,보행자,남,12세,중상
2015041300100477,2015년 4월 13일 19시,월요일,인천광역시 연수구 연수동,중상사고,0,1,1,0,차대차 - 추돌 - 주정차중,안전운전불이행,습기,비,교차로 - 교차로부근,승용,남,72세,상해없음,이륜,남,49세,중상
2015041300100514,2015년 4월 13일 20시,월요일,인천광역시 연수구 송도동,경상사고,0,0,2,0,차대사람 - 횡단중,보행자보호의무위반,습기,비,교차로 - 교차로부근,승용,남,55세,상해없음,보행자,여,70세,경상
2015041300100557,2015년 4월 13일 21시,월요일,인천광역시 남구 주안동,중상사고,0,1,0,0,차대사람 - 횡단중,보행자보호의무위반,습기,비,교차로 - 교차로부근,승용,남,38세,상해없음,보행자,남,59세,중상
2015041300100558,2015년 4월 13일 21시,월요일,인천광역시 남동구 구월동,경상사고,0,0,1,0,차대차 - 추돌 - 주정차중,안전운전불이행,건조,맑음,단일로 - 기타,승용,여,52세,상해없음,승용,남,33세,상해없음
2015041300100559,2015년 4월 13일 21시,월요일,인천광역시 서구 당하동,경상사고,0,0,1,0,차대사람 - 횡단중,보행자보호의무위반,습기,비,교차로 - 교차로부근,승용,여,48세,기타불명,보행자,남,12세,경상
2015041300100560,2015년 4월 13일 21시,월요일,인천광역시 계양구 박촌동,중상사고,0,1,1,0,차대차 - 측면직각충돌,안전거리미확보,습기,비,단일로 - 기타,승용,여,39세,경상,기타불명,기타불명,기타불명,기타불명
2015041300100606,2015년 4월 13일 22시,월요일,인천광역시 남동구 간석동,경상사고,0,0,4,0,차대차 - 추돌 - 진행중,중앙선침범,습기,비,단일로 - 기타,화물,남,41세,상해없음,승용,남,43세,경상
2015041300100607,2015년 4월 13일 22시,월요일,인천광역시 남동구 간석동,경상사고,0,0,1,0,차대차 - 추돌 - 진행중,교차로운행방법위반,습기,비,교차로 - 교차로안,승용,여,37세,기타불명,승용,남,62세,경상
2015041300100608,2015년 4월 13일 22시,월요일,인천광역시 서구 오류동,사망사고,1,0,0,0,차량단독 - 공작물충돌,안전운전불이행,습기,비,단일로 - 기타,승용,남,26세,사망,,,,
2015041300100609,2015년 4월 13일 22시,월요일,인천광역시 서구 마전동,중상사고,0,1,2,0,차대차 - 추돌 - 주정차중,안전운전불이행,건조,맑음,단일로 - 기타,승용,남,31세,상해없음,승용,남,33세,경상
2015041300100637,2015년 4월 13일 23시,월요일,인천광역시 남구 주안동,경상사고,0,0,1,0,차대차 - 측면직각충돌,신호위반,습기,비,교차로 - 교차로안,승용,여,59세,상해없음,승용,남,70세,경상
2015041300100638,2015년 4월 13일 23시,월요일,인천광역시 남동구 간석동,경상사고,0,0,1,0,차대차 - 추돌 - 주정차중,안전운전불이행,습기,비,교차로 - 교차로부근,승용,남,21세,상해없음,승용,남,54세,경상
2015041300100639,2015년 4월 13일 23시,월요일,인천광역시 서구 마전동,경상사고,0,0,1,0,차대사람 - 횡단중,보행자보호의무위반,건조,맑음,단일로 - 횡단보도상,승용,여,44세,상해없음,보행자,남,22세,경상
2015041300100640,2015년 4월 13일 23시,월요일,인천광역시 연수구 연수동,중상사고,0,1,0,0,차대차 - 기타,신호위반,습기,비,교차로 - 교차로안,승용,남,47세,상해없음,승용,여,51세,중상
2015041400100028,2015년 4월 14일 00시,화요일,인천광역시 부평구 십정동,경상사고,0,0,1,0,차대차 - 추돌 - 주정차중,안전운전불이행,습기,비,교차로 - 교차로부근,승용,남,54세,상해없음,승용,남,34세,상해없음
2015041400100029,2015년 4월 14일 00시,화요일,인천광역시 계양구 계산동,경상사고,0,0,2,0,차대차 - 측면직각충돌,교차로운행방법위반,습기,비,교차로 - 교차로안,승용,남,33세,상해없음,승용,여,27세,경상
2015041400100030,2015년 4월 14일 00시,화요일,인천광역시 연수구 송도동,부상신고사고,0,0,0,1,차대사람 - 보도통행중,안전운전불이행,건조,맑음,교차로 - 교차로안,기타불명,기타불명,기타불명,기타불명,보행자,여,19세,부상신고
2015041400100053,2015년 4월 14일 01시,화요일,인천광역시 부평구 산곡동,경상사고,0,0,1,0,차대차 - 기타,신호위반,건조,맑음,교차로 - 교차로안,승용,남,57세,상해없음,승용,남,63세,경상
2015041400100068,2015년 4월 14일 02시,화요일,인천광역시 서구 원당동,중상사고,0,1,0,0,차대차 - 측면직각충돌,안전운전불이행,습기,비,단일로 - 기타,화물,남,45세,중상,승용,남,37세,상해없음
2015041400100104,2015년 4월 14일 05시,화요일,인천광역시 계양구 병방동,경상사고,0,0,1,0,차대차 - 추돌 - 주정차중,안전거리미확보,습기,비,교차로 - 교차로부근,화물,남,56세,상해없음,승용,남,42세,경상
2015041400100105,2015년 4월 14일 05시,화요일,인천광역시 계양구 병방동,중상사고,0,1,0,0,차대사람 - 횡단중,보행자보호의무위반,건조,흐림,교차로 - 교차로안,승용,남,29세,상해없음,보행자,남,64세,중상
2015041400100115,2015년 4월 14일 06시,화요일,인천광역시 남동구 간석동,경상사고,0,0,2,0,차대차 - 측면직각충돌,안전거리미확보,습기,비,단일로 - 기타,승용,남,46세,상해없음,승용,남,43세,상해없음
2015041400100180,2015년 4월 14일 08시,화요일,인천광역시 부평구 부평동,부상신고사고,0,0,0,1,차대차 - 기타,안전운전불이행,습기,비,단일로 - 기타,승용,남,44세,상해없음,승용,남,34세,부상신고
2015041400100240,2015년 4월 14일 10시,화요일,인천광역시 계양구 계산동,경상사고,0,0,1,0,차대차 - 추돌 - 진행중,안전운전불이행,습기,비,단일로 - 기타,승용,남,67세,상해없음,화물,남,34세,경상
2015041400100267,2015년 4월 14일 11시,화요일,인천광역시 남동구 만수동,경상사고,0,0,1,0,차대사람 - 차도통행중,안전운전불이행,습기,비,단일로 - 기타,승용,여,45세,상해없음,보행자,여,55세,경상
2015041400100268,2015년 4월 14일 11시,화요일,인천광역시 연수구 옥련동,경상사고,0,0,1,0,차대차 - 기타,안전운전불이행,건조,맑음,단일로 - 기타,건설기계,남,48세,상해없음,승용,남,44세,경상
2015041400100294,2015년 4월 14일 12시,화요일,인천광역시 연수구 송도동,경상사고,0,0,2,0,차대차 - 기타,신호위반,건조,맑음,단일로 - 기타,화물,남,58세,상해없음,승용,여,56세,경상
2015041400100295,2015년 4월 14일 12시,화요일,인천광역시 연수구 동춘동,경상사고,0,0,1,0,차대사람 - 길가장자리구역통행중,안전운전불이행,습기,비,단일로 - 기타,승용,남,61세,상해없음,보행자,남,28세,경상
2015041400100345,2015년 4월 14일 14시,화요일,인천광역시 남구 도화동,경상사고,0,0,1,0,차대차 - 정면충돌,안전운전불이행,건조,맑음,교차로 - 교차로부근,승용,남,29세,상해없음,원동기,남,57세,경상
2015041400100392,2015년 4월 14일 16시,화요일,인천광역시 남구 주안동,경상사고,0,0,1,0,차대사람 - 횡단중,안전운전불이행,습기,비,단일로 - 기타,승합,남,52세,상해없음,보행자,남,13세,경상
2015041400100448,2015년 4월 14일 18시,화요일,인천광역시 남동구 서창동,경상사고,0,0,1,0,차대차 - 정면충돌,교차로운행방법위반,습기,비,교차로 - 교차로안,승용,여,33세,상해없음,이륜,남,30세,경상
2015041400100449,2015년 4월 14일 18시,화요일,인천광역시 서구 마전동,경상사고,0,0,1,0,차대사람 - 길가장자리구역통행중,안전운전불이행,건조,맑음,단일로 - 기타,승용,여,42세,상해없음,보행자,남,55세,경상
2015041400100491,2015년 4월 14일 19시,화요일,인천광역시 남동구 논현동,중상사고,0,1,0,0,차대사람 - 횡단중,안전운전불이행,습기,비,단일로 - 횡단보도부근,승합,남,72세,상해없음,보행자,여,66세,중상
2015041400100492,2015년 4월 14일 19시,화요일,인천광역시 계양구 계산동,중상사고,0,1,0,0,차대사람 - 횡단중,안전운전불이행,습기,비,단일로 - 횡단보도부근,승용,여,31세,상해없음,보행자,여,48세,중상
2015041400100533,2015년 4월 14일 20시,화요일,인천광역시 계양구 계산동,경상사고,0,0,1,0,차대차 - 측면직각충돌,안전운전불이행,습기,비,교차로 - 교차로안,승용,여,45세,상해없음,승용,남,59세,경상
2015041400100605,2015년 4월 14일 22시,화요일,인천광역시 부평구 십정동,중상사고,0,1,0,0,차대사람 - 횡단중,안전운전불이행,습기,비,교차로 - 교차로안,승용,남,55세,상해없음,보행자,여,87세,중상
2015041400100606,2015년 4월 14일 22시,화요일,인천광역시 서구 석남동,중상사고,0,1,0,0,차대사람 - 횡단중,안전운전불이행,습기,비,단일로 - 기타,승용,남,49세,상해없음,보행자,남,52세,중상
2015041400100633,2015년 4월 14일 23시,화요일,인천광역시 남동구 구월동,경상사고,0,0,2,0,차대차 - 측면직각충돌,신호위반,습기,비,교차로 - 교차로안,승용,여,43세,상해없음,승용,남,49세,경상
2015041400100634,2015년 4월 14일 23시,화요일,인천광역시 부평구 갈산동,경상사고,0,0,1,0,차대사람 - 보도통행중,보행자보호의무위반,습기,비,단일로 - 횡단보도상,승용,남,43세,상해없음,보행자,남,38세,경상
2015041500100016,2015년 4월 15일 00시,수요일,인천광역시 부평구 십정동,중상사고,0,1,0,0,차대사람 - 기타,신호위반,건조,맑음,단일로 - 횡단보도상,이륜,남,30세,상해없음,보행자,남,32세,중상
2015041500100017,2015년 4월 15일 00시,수요일,인천광역시 서구 신현동,경상사고,0,0,2,0,차대차 - 측면직각충돌,중앙선침범,습기,비,교차로 - 교차로안,승용,남,23세,상해없음,승용,남,35세,경상
2015041500100034,2015년 4월 15일 01시,수요일,인천광역시 남구 용현동,경상사고,0,0,1,0,차대사람 - 차도통행중,안전운전불이행,적설,비,단일로 - 기타,승용,여,50세,상해없음,보행자,남,39세,경상
2015041500100035,2015년 4월 15일 01시,수요일,인천광역시 서구 심곡동,중상사고,0,1,1,0,차대차 - 추돌 - 진행중,안전운전불이행,습기,비,교차로 - 교차로부근,승용,남,29세,상해없음,승용,여,29세,경상
2015041500100036,2015년 4월 15일 01시,수요일,인천광역시 연수구 선학동,경상사고,0,0,1,0,차대차 - 측면직각충돌,신호위반,습기,비,교차로 - 교차로안,승용,여,56세,상해없음,승용,남,30세,경상
2015041500100068,2015년 4월 15일 03시,수요일,인천광역시 연수구 청학동,부상신고사고,0,0,0,1,차량단독 - 전도전복,안전운전불이행,습기,비,미분류 - 미분류,승용,남,31세,상해없음,,,,
2015041500100091,2015년 4월 15일 05시,수요일,인천광역시 남동구 고잔동,경상사고,0,0,1,0,차대차 - 측면직각충돌,신호위반,건조,맑음,교차로 - 교차로안,승용,남,54세,상해없음,승용,여,39세,경상
2015041500100108,2015년 4월 15일 06시,수요일,인천광역시 계양구 작전동,중상사고,0,1,0,0,차대차 - 측면직각충돌,신호위반,건조,맑음,교차로 - 교차로안,승용,남,61세,상해없음,승용,남,59세,중상
2015041500100175,2015년 4월 15일 08시,수요일,인천광역시 중구 인현동,경상사고,0,0,1,0,차대사람 - 길가장자리구역통행중,안전운전불이행,건조,맑음,단일로 - 기타,승용,여,47세,상해없음,보행자,여,17세,경상
2015041500100176,2015년 4월 15일 08시,수요일,인천광역시 부평구 청천동,경상사고,0,0,1,0,차대차 - 추돌 - 주정차중,안전거리미확보,건조,흐림,교차로 - 교차로부근,승용,여,45세,상해없음,승용,남,22세,경상
2015041500100177,2015년 4월 15일 08시,수요일,인천광역시 서구 왕길동,경상사고,0,0,1,0,차대사람 - 횡단중,신호위반,건조,맑음,교차로 - 교차로부근,승용,남,50세,상해없음,보행자,남,8세,경상
2015041500100231,2015년 4월 15일 10시,수요일,인천광역시 강화군 강화읍,중상사고,0,1,0,0,차대차 - 측면직각충돌,안전운전불이행,건조,맑음,단일로 - 기타,승용,여,54세,상해없음,원동기,남,64세,중상
2015041500100252,2015년 4월 15일 11시,수요일,인천광역시 남동구 간석동,중상사고,0,1,0,0,차대사람 - 횡단중,보행자보호의무위반,건조,맑음,단일로 - 기타,승용,남,60세,상해없음,보행자,여,58세,중상