사고번호,사고일시,요일,시군구,사고내용,사망자수,중상자수,경상자수,부상신고자수,사고유형,법규위반,노면상태,기상상태,도로형태,가해운전자 차종,가해운전자 성별,가해운전자 연령,가해운전자 상해정도,피해운전자 차종,피해운전자 성별,피해운전자 연령,피해운전자 상해정도
2015042000100546,2015년 4월 20일 21시,월요일,인천광역시 동구 송현동,부상신고사고,0,0,0,1,차대차 - 기타,안전운전불이행,건조,맑음,교차로 - 교차로안,승용,기타불명,기타불명,기타불명,자전거,남,64세,부상신고
2015042000100575,2015년 4월 20일 22시,월요일,인천광역시 계양구 계산동,경상사고,0,0,1,0,차대차 - 기타,안전운전불이행,건조,맑음,단일로 - 기타,승용,남,60세,상해없음,이륜,남,17세,경상
2015042000100597,2015년 4월 20일 23시,월요일,인천광역시 계양구 계산동,중상사고,0,1,0,0,차대사람 - 기타,신호위반,건조,맑음,교차로 - 교차로안,승용,남,35세,상해없음,보행자,남,14세,중상
2015042100100024,2015년 4월 21일 00시,화요일,인천광역시 남동구 구월동,중상사고,0,2,0,0,차대사람 - 횡단중,안전운전불이행,건조,맑음,교차로 - 교차로안,승용,남,33세,상해없음,보행자,남,53세,중상
2015042100100111,2015년 4월 21일 07시,화요일,인천광역시 서구 금곡동,경상사고,0,0,1,0,차대차 - 추돌 - 진행중,안전운전불이행,건조,맑음,단일로 - 기타,승용,남,33세,상해없음,승용,남,47세,경상
2015042100100150,2015년 4월 21일 08시,화요일,인천광역시 남동구 만수동,중상사고,0,1,0,0,차대차 - 기타,안전운전불이행,건조,맑음,교차로 - 교차로부근,이륜,남,67세,중상,이륜,남,40세,상해없음
2015042100100222,2015년 4월 21일 10시,화요일,인천광역시 부평구 삼산동,경상사고,0,0,1,0,차대사람 - 보도통행중,안전운전불이행,건조,맑음,단일로 - 기타,승용,여,50세,상해없음,보행자,남,69세,경상
2015042100100299,2015년 4월 21일 13시,화요일,인천광역시 부평구 부평동,경상사고,0,0,1,0,차대차 - 추돌 - 진행중,불법유턴,건조,맑음,단일로 - 횡단보도부근,승용,여,31세,상해없음,이륜,남,35세,경상
2015042100100382,2015년 4월 21일 15시,화요일,인천광역시 중구 신흥동3가,경상사고,0,0,1,0,차대차 - 추돌 - 주정차중,안전운전불이행,건조,맑음,교차로 - 교차로안,화물,남,54세,상해없음,승용,남,36세,경상
2015042100100384,2015년 4월 21일 15시,화요일,인천광역시 서구 금곡동,경상사고,0,0,1,0,차대차 - 추돌 - 주정차중,안전운전불이행,건조,맑음,단일로 - 기타,승합,남,55세,상해없음,화물,남,59세,경상
2015042100100461,2015년 4월 21일 17시,화요일,인천광역시 남동구 도림동,경상사고,0,0,1,0,차대차 - 측면직각충돌,불법유턴,건조,맑음,단일로 - 기타,승용,여,44세,상해없음,승용,여,36세,경상
2015042100100462,2015년 4월 21일 17시,화요일,인천광역시 계양구 작전동,부상신고사고,0,0,0,1,차대사람 - 길가장자리구역통행중,안전운전불이행,건조,맑음,단일로 - 기타,기타불명,기타불명,기타불명,기타불명,보행자,남,23세,부상신고
2015042100100463,2015년 4월 21일 17시,화요일,인천광역시 연수구 옥련동,경상사고,0,0,1,0,차대차 - 기타,안전운전불이행,건조,맑음,교차로 - 교차로안,승용,여,44세,상해없음,승용,남,44세,경상
2015042100100536,2015년 4월 21일 19시,화요일,인천광역시 중구 송월동1가,경상사고,0,0,1,0,차대사람 - 기타,안전운전불이행,건조,맑음,단일로 - 기타,승용,남,29세,상해없음,보행자,여,8세,경상
2015042100100537,2015년 4월 21일 19시,화요일,인천광역시 옹진군 영흥면,중상사고,0,1,0,0,차대사람 - 기타,안전운전불이행,건조,맑음,단일로 - 기타,승용,여,55세,상해없음,보행자,남,46세,중상
2015042100100538,2015년 4월 21일 19시,화요일,인천광역시 남동구 만수동,경상사고,0,0,2,0,차대차 - 측면직각충돌,안전운전불이행,건조,맑음,단일로 - 기타,승용,남,45세,상해없음,원동기,남,17세,경상
2015042100100609,2015년 4월 21일 21시,화요일,인천광역시 남구 학익동,경상사고,0,0,1,0,차대차 - 기타,안전운전불이행,건조,맑음,단일로 - 기타,승용,남,49세,상해없음,승용,여,42세,경상
2015042100100643,2015년 4월 21일 22시,화요일,인천광역시 남동구 간석동,경상사고,0,0,1,0,차대사람 - 길가장자리구역통행중,안전운전불이행,건조,맑음,단일로 - 기타,승합,남,34세,상해없음,보행자,여,21세,경상
2015042100100671,2015년 4월 21일 23시,화요일,인천광역시 중구 송월동3가,경상사고,0,0,1,0,차대사람 - 차도통행중,안전운전불이행,건조,맑음,단일로 - 기타,승용,남,20세,상해없음,보행자,여,18세,경상
2015042200100018,2015년 4월 22일 00시,수요일,인천광역시 남동구 구월동,부상신고사고,0,0,0,1,차대차 - 측면직각충돌,신호위반,건조,맑음,교차로 - 교차로안,승용,기타불명,기타불명,기타불명,승용,남,66세,부상신고
2015042200100019,2015년 4월 22일 00시,수요일,인천광역시 계양구 작전동,중상사고,0,1,0,0,차대사람 - 횡단중,안전운전불이행,건조,맑음,단일로 - 기타,승용,여,37세,상해없음,보행자,남,19세,중상
2015042200100032,2015년 4월 22일 01시,수요일,인천광역시 연수구 선학동,경상사고,0,0,1,0,차대차 - 측면직각충돌,신호위반,건조,맑음,교차로 - 교차로안,승용,여,34세,상해없음,승용,남,40세,경상
2015042200100092,2015년 4월 22일 07시,수요일,인천광역시 남구 숭의동,경상사고,0,0,1,0,차대차 - 추돌 - 주정차중,안전운전불이행,건조,맑음,단일로 - 기타,승용,남,19세,상해없음,승용,남,48세,경상
2015042200100124,2015년 4월 22일 08시,수요일,인천광역시 부평구 구산동,중상사고,0,1,0,0,차대차 - 추돌 - 주정차중,안전운전불이행,건조,맑음,단일로 - 횡단보도부근,승용,여,66세,상해없음,승용,남,35세,중상
2015042200100152,2015년 4월 22일 09시,수요일,인천광역시 남구 관교동,경상사고,0,0,1,0,차대사람 - 횡단중,신호위반,건조,맑음,교차로 - 교차로부근,승용,남,60세,상해없음,보행자,남,4세,경상
2015042200100153,2015년 4월 22일 09시,수요일,인천광역시 서구 마전동,부상신고사고,0,0,0,1,차대차 - 추돌 - 주정차중,안전운전불이행,건조,맑음,교차로 - 교차로부근,승용,기타불명,기타불명,기타불명,승용,여,38세,부상신고
2015042200100186,2015년 4월 22일 10시,수요일,인천광역시 부평구 청천동,경상사고,0,0,2,0,차대차 - 기타,안전운전불이행,건조,맑음,교차로 - 교차로부근,승용,남,58세,상해없음,승용,남,57세,경상
2015042200100242,2015년 4월 22일 12시,수요일,인천광역시 부평구 부평동,경상사고,0,0,1,0,차대차 - 기타,안전운전불이행,건조,맑음,단일로 - 기타,승용,남,55세,상해없음,자전거,남,23세,경상
2015042200100294,2015년 4월 22일 14시,수요일,인천광역시 남구 주안동,경상사고,0,0,1,0,차대차 - 추돌 - 주정차중,안전운전불이행,건조,맑음,단일로 - 기타,승용,남,25세,상해없음,승용,남,47세,경상
2015042200100295,2015년 4월 22일 14시,수요일,인천광역시 남동구 간석동,경상사고,0,0,1,0,차대사람 - 보도통행중,안전운전불이행,건조,맑음,단일로 - 기타,화물,남,28세,상해없음,보행자,여,45세,경상
2015042200100331,2015년 4월 22일 15시,수요일,인천광역시 남동구 장수동,중상사고,0,1,0,0,차대차 - 추돌 - 진행중,안전운전불이행,건조,맑음,단일로 - 기타,승합,남,67세,상해없음,자전거,남,60세,중상
2015042200100401,2015년 4월 22일 17시,수요일,인천광역시 남동구 논현동,경상사고,0,0,1,0,차대차 - 측면직각충돌,안전운전불이행,건조,맑음,교차로 - 교차로안,승용,남,28세,상해없음,자전거,남,28세,경상
2015042200100449,2015년 4월 22일 18시,수요일,인천광역시 부평구 부평동,중상사고,0,1,0,0,차대사람 - 횡단중,보행자보호의무위반,건조,맑음,단일로 - 기타,화물,남,57세,상해없음,보행자,여,35세,중상
2015042200100450,2015년 4월 22일 18시,수요일,인천광역시 남동구 간석동,경상사고,0,0,1,0,차대사람 - 길가장자리구역통행중,안전운전불이행,건조,맑음,단일로 - 기타,이륜,남,58세,상해없음,보행자,여,26세,경상
2015042200100481,2015년 4월 22일 19시,수요일,인천광역시 서구 오류동,중상사고,0,1,1,0,차대차 - 측면직각충돌,안전운전불이행,건조,맑음,단일로 - 기타,건설기계,남,58세,상해없음,승용,남,78세,중상
2015042200100482,2015년 4월 22일 19시,수요일,인천광역시 계양구 귤현동,중상사고,0,1,0,0,차대차 - 측면직각충돌,신호위반,건조,맑음,교차로 - 교차로안,승용,남,44세,상해없음,자전거,남,45세,중상
2015042200100483,2015년 4월 22일 19시,수요일,인천광역시 계양구 작전동,경상사고,0,0,2,0,차대차 - 추돌 - 주정차중,안전운전불이행,건조,맑음,단일로 - 기타,승용,남,48세,상해없음,승용,남,50세,경상
2015042200100546,2015년 4월 22일 21시,수요일,인천광역시 남동구 논현동,중상사고,0,1,0,0,차대사람 - 기타,안전운전불이행,건조,맑음,교차로 - 교차로부근,승용,남,48세,상해없음,보행자,남,13세,중상
2015042200100578,2015년 4월 22일 22시,수요일,인천광역시 서구 검암동,경상사고,0,0,1,0,차대차 - 추돌 - 주정차중,안전운전불이행,건조,맑음,교차로 - 교차로부근,승용,남,50세,상해없음,승용,남,30세,경상
2015042200100597,2015년 4월 22일 23시,수요일,인천광역시 계양구 작전동,경상사고,0,0,1,0,차대차 - 측면직각충돌,기타,건조,맑음,교차로 - 교차로안,화물,남,52세,상해없음,승용,여,51세,경상
2015042300100021,2015년 4월 23일 00시,목요일,인천광역시 남구 용현동,경상사고,0,0,1,0,차대사람 - 횡단중,안전운전불이행,건조,맑음,단일로 - 기타,승용,남,31세,상해없음,보행자,여,25세,경상
2015042300100022,2015년 4월 23일 00시,목요일,인천광역시 남동구 남촌동,경상사고,0,0,2,0,차대차 - 추돌 - 주정차중,안전운전불이행,습기,맑음,단일로 - 기타,승용,남,42세,상해없음,승용,남,43세,경상
2015042300100041,2015년 4월 23일 01시,목요일,인천광역시 연수구 연수동,경상사고,0,0,1,0,차대차 - 기타,신호위반,건조,맑음,교차로 - 교차로안,승용,남,41세,상해없음,승용,남,54세,경상
2015042300100053,2015년 4월 23일 03시,목요일,인천광역시 남구 관교동,경상사고,0,0,1,0,차대사람 - 보도통행중,안전운전불이행,습기,비,단일로 - 기타,승용,남,25세,상해없음,보행자,남,21세,경상
2015042300100110,2015년 4월 23일 07시,목요일,인천광역시 남동구 고잔동,경상사고,0,0,1,0,차대차 - 측면직각충돌,교차로운행방법위반,건조,맑음,교차로 - 교차로안,승용,남,62세,상해없음,자전거,남,32세,경상
2015042300100169,2015년 4월 23일 08시,목요일,인천광역시 계양구 계산동,중상사고,0,1,0,0,차대차 - 기타,안전운전불이행,건조,맑음,단일로 - 기타,승용,남,32세,상해없음,화물,남,62세,중상
2015042300100234,2015년 4월 23일 10시,목요일,인천광역시 남동구 남촌동,경상사고,0,0,1,0,차대차 - 측면직각충돌,안전운전불이행,건조,맑음,교차로 - 교차로안,승용,남,59세,상해없음,자전거,남,52세,경상
2015042300100267,2015년 4월 23일 11시,목요일,인천광역시 남동구 간석동,중상사고,0,1,0,0,차대차 - 측면직각충돌,안전운전불이행,건조,맑음,단일로 - 기타,승용,남,74세,상해없음,승용,남,43세,중상
2015042300100378,2015년 4월 23일 15시,목요일,인천광역시 부평구 부평동,중상사고,0,1,0,0,차대사람 - 기타,보행자보호의무위반,건조,맑음,기타 - 기타,화물,남,45세,상해없음,보행자,남,12세,중상
2015042300100379,2015년 4월 23일 15시,목요일,인천광역시 남동구 구월동,경상사고,0,0,2,0,차대차 - 기타,안전거리미확보,건조,맑음,단일로 - 기타,승용,남,55세,상해없음,승용,여,52세,경상
2015042300100380,2015년 4월 23일 15시,목요일,인천광역시 서구 연희동,중상사고,0,1,1,0,차대차 - 추돌 - 진행중,안전거리미확보,건조,맑음,단일로 - 기타,승합,남,44세,상해없음,승용,남,66세,중상
2015042300100414,2015년 4월 23일 16시,목요일,인천광역시 남구 주안동,경상사고,0,0,1,0,차량단독 - 공작물충돌,안전운전불이행,건조,맑음,단일로 - 기타,승합,남,55세,상해없음,,,,
2015042300100466,2015년 4월 23일 17시,목요일,인천광역시 남구 용현동,경상사고,0,0,1,0,차대차 - 추돌 - 진행중,안전운전불이행,건조,맑음,미분류 - 미분류,승용,남,55세,상해없음,승용,여,47세,경상
2015042300100546,2015년 4월 23일 19시,목요일,인천광역시 서구 심곡동,중상사고,0,1,0,0,차대사람 - 횡단중,보행자보호의무위반,건조,맑음,단일로 - 횡단보도상,승용,남,25세,상해없음,보행자,여,71세,중상
2015042300100547,2015년 4월 23일 19시,목요일,인천광역시 연수구 동춘동,경상사고,0,0,10,0,차대차 - 기타,안전운전불이행,건조,맑음,단일로 - 기타,승용,남,52세,상해없음,화물,남,54세,경상
2015042300100578,2015년 4월 23일 20시,목요일,인천광역시 남동구 서창동,경상사고,0,0,1,0,차대차 - 추돌 - 진행중,차로위반,건조,맑음,교차로 - 교차로부근,화물,남,59세,상해없음,승용,남,42세,경상
2015042300100579,2015년 4월 23일 20시,목요일,인천광역시 계양구 효성동,경상사고,0,0,2,0,차대사람 - 횡단중,보행자보호의무위반,건조,맑음,교차로 - 교차로안,승용,여,54세,상해없음,보행자,여,34세,경상
2015042300100647,2015년 4월 23일 22시,목요일,인천광역시 연수구 송도동,경상사고,0,0,2,0,차대차 - 기타,안전운전불이행,기타,맑음,미분류 - 미분류,승용,남,41세,상해없음,승용,남,28세,경상
2015042400100043,2015년 4월 24일 03시,금요일,인천광역시 남동구 서창동,경상사고,0,0,2,0,차대차 - 측면직각충돌,신호위반,건조,맑음,교차로 - 교차로안,승용,남,55세,상해없음,승용,남,58세,경상
2015042400100080,2015년 4월 24일 06시,금요일,인천광역시 동구 창영동,경상사고,0,0,1,0,차대차 - 측면직각충돌,교차로운행방법위반,건조,맑음,교차로 - 교차로부근,승용,남,65세,상해없음,승용,남,60세,경상
2015042400100102,2015년 4월 24일 07시,금요일,인천광역시 남동구 남촌동,경상사고,0,0,1,0,차대사람 - 횡단중,안전운전불이행,건조,맑음,단일로 - 기타,승용,남,49세,상해없음,보행자,여,56세,경상
2015042400100103,2015년 4월 24일 07시,금요일,인천광역시 서구 석남동,경상사고,0,0,4,0,차대차 - 측면직각충돌,안전운전불이행,건조,맑음,단일로 - 기타,화물,남,27세,상해없음,승합,남,49세,경상
2015042400100131,2015년 4월 24일 08시,금요일,인천광역시 서구 원당동,경상사고,0,0,3,0,차대차 - 추돌 - 진행중,안전운전불이행,건조,맑음,단일로 - 기타,승용,남,49세,상해없음,승용,여,36세,경상
2015042400100202,2015년 4월 24일 10시,금요일,인천광역시 남동구 만수동,경상사고,0,0,1,0,차대차 - 추돌 - 주정차중,안전운전불이행,건조,맑음,단일로 - 횡단보도부근,승용,남,66세,상해없음,승용,남,28세,경상
2015042400100285,2015년 4월 24일 12시,금요일,인천광역시 중구 운서동,중상사고,0,1,0,0,차대차 - 추돌 - 진행중,안전운전불이행,건조,맑음,단일로 - 기타,승합,남,66세,상해없음,승용,남,72세,중상
2015042400100286,2015년 4월 24일 12시,금요일,인천광역시 계양구 박촌동,중상사고,0,2,1,0,차대차 - 기타,안전운전불이행,건조,맑음,단일로 - 기타,승용,여,35세,기타불명,승합,남,53세,상해없음
2015042400100306,2015년 4월 24일 13시,금요일,인천광역시 남동구 구월동,중상사고,0,1,1,0,차대차 - 추돌 - 진행중,신호위반,건조,맑음,교차로 - 교차로안,이륜,남,16세,중상,승용,여,30세,경상
2015042400100307,2015년 4월 24일 13시,금요일,인천광역시 계양구 계산동,중상사고,0,1,0,0,차대차 - 기타,안전운전불이행,건조,맑음,단일로 - 기타,승용,여,43세,상해없음,자전거,남,13세,중상
2015042400100342,2015년 4월 24일 14시,금요일,인천광역시 남구 주안동,경상사고,0,0,1,0,차대차 - 기타,안전거리미확보,건조,맑음,교차로 - 교차로부근,승용,여,21세,상해없음,승용,남,41세,경상
2015042400100343,2015년 4월 24일 14시,금요일,인천광역시 남동구 서창동,경상사고,0,0,1,0,차대차 - 측면직각충돌,안전운전불이행,건조,맑음,교차로 - 교차로안,화물,남,62세,상해없음,자전거,남,6세,경상
2015042400100344,2015년 4월 24일 14시,금요일,인천광역시 남동구 간석동,경상사고,0,0,1,0,차대차 - 기타,안전운전불이행,건조,맑음,교차로 - 교차로부근,건설기계,남,55세,상해없음,화물,남,38세,경상
2015042400100388,2015년 4월 24일 15시,금요일,인천광역시 남구 주안동,경상사고,0,0,1,0,차대차 - 측면직각충돌,안전운전불이행,건조,맑음,교차로 - 교차로부근,승용,여,43세,상해없음,원동기,남,64세,경상
2015042400100389,2015년 4월 24일 15시,금요일,인천광역시 계양구 서운동,중상사고,0,1,0,0,차대사람 - 기타,안전운전불이행,건조,맑음,교차로 - 교차로안,승합,남,57세,상해없음,보행자,남,77세,중상
2015042400100390,2015년 4월 24일 15시,금요일,인천광역시 계양구 계산동,경상사고,0,0,2,0,차대차 - 측면직각충돌,교차로운행방법위반,건조,맑음,교차로 - 교차로안,승용,남,64세,상해없음,승용,여,35세,경상
2015042400100419,2015년 4월 24일 16시,금요일,인천광역시 남동구 간석동,경상사고,0,0,1,0,차대차 - 측면직각충돌,안전운전불이행,건조,맑음,교차로 - 교차로안,승용,남,26세,상해없음,승용,남,31세,경상
2015042400100468,2015년 4월 24일 17시,금요일,인천광역시 남구 용현동,경상사고,0,0,1,0,차대차 - 추돌 - 주정차중,안전운전불이행,건조,맑음,단일로 - 기타,승용,여,56세,상해없음,승용,남,24세,상해없음
2015042400100470,2015년 4월 24일 17시,금요일,인천광역시 서구 금곡동,경상사고,0,0,1,0,차대사람 - 차도통행중,안전운전불이행,건조,맑음,단일로 - 터널,승합,남,56세,기타불명,보행자,남,74세,경상
2015042400100522,2015년 4월 24일 18시,금요일,인천광역시 남동구 수산동,경상사고,0,0,1,0,차대차 - 측면직각충돌,신호위반,건조,맑음,교차로 - 교차로안,화물,남,56세,상해없음,승용,남,34세,경상
2015042400100575,2015년 4월 24일 19시,금요일,인천광역시 계양구 용종동,중상사고,0,1,0,0,차대사람 - 기타,안전운전불이행,건조,맑음,단일로 - 횡단보도부근,승용,남,53세,상해없음,보행자,남,15세,중상
2015042400100576,2015년 4월 24일 19시,금요일,인천광역시 계양구 동양동,경상사고,0,0,1,0,차대차 - 측면직각충돌,안전운전불이행,건조,맑음,단일로 - 기타,승합,남,71세,상해없음,화물,남,47세,경상
2015042400100700,2015년 4월 24일 22시,금요일,인천광역시 연수구 연수동,중상사고,0,1,0,0,차대차 - 추돌 - 주정차중,안전운전불이행,건조,맑음,교차로 - 교차로부근,승용,남,38세,상해없음,승용,여,49세,중상
2015042400100736,2015년 4월 24일 23시,금요일,인천광역시 부평구 부평동,사망사고,1,0,1,2,차대차 - 정면충돌,중앙선침범,건조,맑음,단일로 - 기타,화물,남,33세,사망,승합,남,35세,경상
2015042400100737,2015년 4월 24일 23시,금요일,인천광역시 남동구 서창동,경상사고,0,0,1,0,차대사람 - 기타,기타,건조,맑음,단일로 - 기타,승용,남,50세,상해없음,보행자,여,49세,경상
2015042500100026,2015년 4월 25일 00시,토요일,인천광역시 서구 금곡동,중상사고,0,1,0,0,차대사람 - 횡단중,신호위반,건조,맑음,단일로 - 횡단보도상,승용,남,37세,상해없음,보행자,남,42세,중상
2015042500100027,2015년 4월 25일 00시,토요일,인천광역시 계양구 작전동,중상사고,0,1,0,0,차대사람 - 기타,안전운전불이행,건조,맑음,단일로 - 기타,승용,남,52세,상해없음,보행자,남,48세,중상
2015042500100068,2015년 4월 25일 02시,토요일,인천광역시 동구 창영동,경상사고,0,0,1,0,차대차 - 추돌 - 주정차중,안전운전불이행,건조,맑음,교차로 - 교차로부근,승용,남,56세,상해없음,승용,남,52세,경상
2015042500100089,2015년 4월 25일 04시,토요일,인천광역시 중구 신흥동3가,중상사고,0,1,1,0,차대차 - 측면직각충돌,신호위반,건조,맑음,교차로 - 교차로안,승용,남,44세,상해없음,화물,남,45세,경상
2015042500100090,2015년 4월 25일 04시,토요일,인천광역시 부평구 갈산동,중상사고,0,1,2,0,차대차 - 측면직각충돌,신호위반,건조,맑음,교차로 - 교차로안,승합,남,39세,상해없음,승용,남,52세,중상
2015042500100238,2015년 4월 25일 10시,토요일,인천광역시 부평구 부평동,경상사고,0,0,1,0,차대사람 - 횡단중,안전운전불이행,건조,맑음,단일로 - 기타,승합,남,42세,상해없음,보행자,남,51세,경상
2015042500100325,2015년 4월 25일 12시,토요일,인천광역시 중구 송월동2가,경상사고,0,0,1,0,차대차 - 기타,안전운전불이행,건조,맑음,교차로 - 교차로안,승용,남,39세,상해없음,승용,남,45세,상해없음
2015042500100363,2015년 4월 25일 13시,토요일,인천광역시 서구 가정동,경상사고,0,0,3,0,차대차 - 측면직각충돌,신호위반,건조,맑음,교차로 - 교차로안,승용,남,36세,경상,승합,남,53세,상해없음
2015042500100364,2015년 4월 25일 13시,토요일,인천광역시 부평구 갈산동,경상사고,0,0,1,0,차대사람 - 횡단중,신호위반,건조,맑음,단일로 - 횡단보도상,원동기,남,47세,상해없음,보행자,여,48세,경상
2015042500100406,2015년 4월 25일 14시,토요일,인천광역시 남동구 서창동,부상신고사고,0,0,0,1,차대차 - 기타,안전운전불이행,건조,맑음,교차로 - 교차로안,승용,기타불명,기타불명,기타불명,승합,남,44세,상해없음
2015042500100486,2015년 4월 25일 16시,토요일,인천광역시 남구 학익동,경상사고,0,0,2,0,차대차 - 측면직각충돌,안전운전불이행,건조,맑음,교차로 - 교차로안,승용,여,51세,상해없음,승용,여,41세,경상
2015042500100487,2015년 4월 25일 16시,토요일,인천광역시 계양구 계산동,중상사고,0,1,0,0,차대차 - 정면충돌,신호위반,건조,맑음,교차로 - 교차로안,승용,여,34세,상해없음,이륜,남,40세,중상
2015042500100544,2015년 4월 25일 17시,토요일,인천광역시 남동구 논현동,중상사고,0,1,0,0,차대차 - 측면직각충돌,차로위반,건조,맑음,단일로 - 기타,이륜,남,29세,상해없음,이륜,남,16세,중상
2015042500100581,2015년 4월 25일 18시,토요일,인천광역시 남구 주안동,경상사고,0,0,1,0,차대차 - 측면직각충돌,안전운전불이행,건조,맑음,교차로 - 교차로안,승용,남,41세,상해없음,건설기계,남,51세,경상
2015042500100582,2015년 4월 25일 18시,토요일,인천광역시 계양구 작전동,경상사고,0,0,1,0,차대차 - 기타,안전운전불이행,건조,맑음,단일로 - 기타,승용,남,29세,상해없음,자전거,남,63세,경상
2015042500100638,2015년 4월 25일 19시,토요일,인천광역시 남구 주안동,경상사고,0,0,1,1,차대차 - 측면직각충돌,안전운전불이행,건조,맑음,단일로 - 기타,이륜,남,19세,부상신고,승용,남,44세,경상
2015042500100639,2015년 4월 25일 19시,토요일,인천광역시 남동구 간석동,경상사고,0,0,2,0,차대차 - 측면직각충돌,교차로운행방법위반,건조,맑음,교차로 - 교차로부근,승용,남,45세,상해없음,승합,남,53세,경상
2015042500100640,2015년 4월 25일 19시,토요일,인천광역시 서구 석남동,경상사고,0,0,1,0,차대사람 - 횡단중,안전운전불이행,건조,맑음,단일로 - 기타,승용,남,37세,상해없음,보행자,남,48세,경상
2015042500100678,2015년 4월 25일 20시,토요일,인천광역시 중구 운서동,경상사고,0,0,3,0,차대차 - 추돌 - 주정차중,안전거리미확보,건조,맑음,교차로 - 교차로안,화물,남,40세,상해없음,승용,남,43세,경상
2015042500100679,2015년 4월 25일 20시,토요일,인천광역시 남구 주안동,부상신고사고,0,0,0,1,차대차 - 추돌 - 주정차중,안전운전불이행,건조,맑음,단일로 - 기타,원동기,남,17세,부상신고,승합,남,63세,상해없음
2015042500100715,2015년 4월 25일 21시,토요일,인천광역시 서구 경서동,경상사고,0,0,1,0,차대사람 - 차도통행중,안전운전불이행,건조,맑음,단일로 - 횡단보도부근,승용,남,51세,상해없음,보행자,남,48세,경상
2015042500100753,2015년 4월 25일 22시,토요일,인천광역시 부평구 산곡동,경상사고,0,0,1,0,차대사람 - 기타,안전운전불이행,건조,맑음,단일로 - 기타,기타불명,기타불명,기타불명,기타불명,보행자,남,15세,경상
2015042600100019,2015년 4월 26일 00시,일요일,인천광역시 남동구 구월동,중상사고,0,1,0,0,차대사람 - 횡단중,안전운전불이행,건조,맑음,단일로 - 기타,승용,여,27세,상해없음,보행자,남,29세,중상
2015042600100052,2015년 4월 26일 02시,일요일,인천광역시 남구 문학동,부상신고사고,0,0,0,1,차량단독 - 전도전복,안전운전불이행,건조,맑음,단일로 - 기타,이륜,남,17세,부상신고,,,,
2015042600100053,2015년 4월 26일 02시,일요일,인천광역시 부평구 청천동,경상사고,0,0,2,0,차대차 - 기타,신호위반,건조,맑음,교차로 - 교차로안,승용,남,63세,상해없음,승용,남,47세,경상
2015042600100078,2015년 4월 26일 04시,일요일,인천광역시 연수구 선학동,경상사고,0,0,2,0,차대차 - 추돌 - 진행중,안전운전불이행,건조,맑음,교차로 - 교차로부근,승용,남,33세,상해없음,승용,남,36세,경상
2015042600100090,2015년 4월 26일 05시,일요일,인천광역시 부평구 십정동,중상사고,0,3,0,0,차대차 - 추돌 - 진행중,안전운전불이행,건조,맑음,단일로 - 기타,승용,남,23세,상해없음,승용,남,39세,상해없음
2015042600100151,2015년 4월 26일 09시,일요일,인천광역시 동구 화수동,중상사고,0,1,0,0,차대차 - 추돌 - 주정차중,안전운전불이행,건조,맑음,교차로 - 교차로안,화물,남,41세,상해없음,승용,여,44세,중상
2015042600100171,2015년 4월 26일 10시,일요일,인천광역시 남구 주안동,중상사고,0,1,0,0,차대사람 - 횡단중,보행자보호의무위반,건조,맑음,교차로 - 교차로안,승용,남,68세,상해없음,보행자,여,69세,중상
2015042600100172,2015년 4월 26일 10시,일요일,인천광역시 부평구 부평동,경상사고,0,0,3,0,차대차 - 측면직각충돌,중앙선침범,건조,맑음,단일로 - 기타,승용,남,40세,상해없음,승용,남,45세,경상
2015042600100223,2015년 4월 26일 12시,일요일,인천광역시 남구 주안동,경상사고,0,0,1,0,차대차 - 기타,안전운전불이행,건조,맑음,단일로 - 기타,승용,남,57세,상해없음,승용,남,51세,경상
2015042600100224,2015년 4월 26일 12시,일요일,인천광역시 강화군 강화읍,중상사고,0,2,1,1,차대차 - 정면충돌,안전운전불이행,건조,맑음,교차로 - 교차로안,화물,남,63세,부상신고,승용,남,44세,중상
2015042600100251,2015년 4월 26일 13시,일요일,인천광역시 남동구 간석동,경상사고,0,0,1,0,차대사람 - 횡단중,보행자보호의무위반,건조,맑음,단일로 - 횡단보도상,이륜,남,27세,상해없음,보행자,남,64세,경상
2015042600100319,2015년 4월 26일 15시,일요일,인천광역시 서구 석남동,부상신고사고,0,0,0,1,차대사람 - 보도통행중,안전운전불이행,건조,맑음,교차로 - 교차로안,승용,기타불명,기타불명,기타불명,보행자,남,6세,부상신고
2015042600100320,2015년 4월 26일 15시,일요일,인천광역시 강화군 강화읍,중상사고,0,2,0,0,차대사람 - 기타,안전운전불이행,건조,맑음,단일로 - 기타,이륜,남,67세,중상,보행자,여,65세,중상
2015042600100321,2015년 4월 26일 15시,일요일,인천광역시 강화군 길상면,중상사고,0,1,0,0,차대차 - 추돌 - 주정차중,안전운전불이행,건조,맑음,단일로 - 기타,승용,남,42세,상해없음,화물,남,50세,중상
2015042600100369,2015년 4월 26일 16시,일요일,인천광역시 남동구 구월동,중상사고,0,1,0,0,차대사람 - 차도통행중,보행자보호의무위반,건조,맑음,단일로 - 기타,이륜,남,14세,상해없음,보행자,남,7세,중상
2015042600100370,2015년 4월 26일 16시,일요일,인천광역시 서구 왕길동,경상사고,0,0,1,0,차대차 - 측면직각충돌,안전운전불이행,건조,맑음,단일로 - 기타,승용,남,36세,기타불명,승용,남,46세,경상