사고번호,사고일시,요일,시군구,사고내용,사망자수,중상자수,경상자수,부상신고자수,사고유형,법규위반,노면상태,기상상태,도로형태,가해운전자 차종,가해운전자 성별,가해운전자 연령,가해운전자 상해정도,피해운전자 차종,피해운전자 성별,피해운전자 연령,피해운전자 상해정도
2015042600100371,2015년 4월 26일 16시,일요일,인천광역시 계양구 계산동,경상사고,0,0,3,0,차대차 - 측면직각충돌,안전운전불이행,건조,맑음,교차로 - 교차로부근,승용,남,49세,상해없음,승용,남,43세,경상
2015042600100406,2015년 4월 26일 17시,일요일,인천광역시 남동구 고잔동,경상사고,0,0,3,0,차대차 - 측면직각충돌,신호위반,건조,맑음,교차로 - 교차로안,승용,여,52세,경상,승용,여,47세,경상
2015042600100441,2015년 4월 26일 18시,일요일,인천광역시 부평구 부평동,경상사고,0,0,1,0,차대사람 - 기타,안전운전불이행,건조,맑음,단일로 - 기타,승용,남,39세,상해없음,보행자,남,25세,경상
2015042600100470,2015년 4월 26일 19시,일요일,인천광역시 서구 가좌동,경상사고,0,0,2,0,차대사람 - 횡단중,신호위반,건조,맑음,단일로 - 횡단보도상,승용,남,35세,상해없음,보행자,남,58세,경상
2015042600100511,2015년 4월 26일 20시,일요일,인천광역시 부평구 삼산동,경상사고,0,0,1,0,차대차 - 측면직각충돌,교차로운행방법위반,건조,맑음,교차로 - 교차로안,승용,남,29세,상해없음,승용,남,38세,경상
2015042600100544,2015년 4월 26일 21시,일요일,인천광역시 남동구 구월동,경상사고,0,0,1,0,차대차 - 측면직각충돌,안전운전불이행,건조,맑음,단일로 - 기타,승용,남,70세,상해없음,이륜,남,22세,경상
2015042600100572,2015년 4월 26일 22시,일요일,인천광역시 남구 주안동,경상사고,0,0,1,0,차대차 - 측면직각충돌,신호위반,건조,맑음,교차로 - 교차로안,이륜,남,24세,상해없음,이륜,남,48세,경상
2015042600100573,2015년 4월 26일 22시,일요일,인천광역시 계양구 병방동,경상사고,0,0,1,0,차대차 - 측면직각충돌,신호위반,건조,맑음,교차로 - 교차로안,승용,남,36세,상해없음,이륜,남,19세,경상
2015042600100574,2015년 4월 26일 22시,일요일,인천광역시 계양구 작전동,중상사고,0,1,0,0,차대사람 - 길가장자리구역통행중,기타,건조,맑음,단일로 - 기타,승합,남,43세,상해없음,보행자,여,51세,중상
2015042700100036,2015년 4월 27일 03시,월요일,인천광역시 서구 석남동,중상사고,0,1,0,0,차대차 - 측면직각충돌,안전운전불이행,건조,맑음,교차로 - 교차로안,승용,남,25세,상해없음,원동기,남,47세,중상
2015042700100054,2015년 4월 27일 06시,월요일,인천광역시 연수구 옥련동,사망사고,1,0,0,0,차대사람 - 기타,기타,건조,맑음,단일로 - 기타,특수,남,40세,상해없음,보행자,남,35세,사망
2015042700100055,2015년 4월 27일 06시,월요일,인천광역시 부평구 삼산동,중상사고,0,1,0,0,차대차 - 기타,안전운전불이행,건조,맑음,교차로 - 교차로안,승용,남,49세,상해없음,승용,여,29세,중상
2015042700100085,2015년 4월 27일 07시,월요일,인천광역시 남구 주안동,경상사고,0,0,1,0,차대차 - 측면직각충돌,안전운전불이행,건조,맑음,단일로 - 기타,승용,남,29세,상해없음,승용,남,57세,경상
2015042700100086,2015년 4월 27일 07시,월요일,인천광역시 서구 마전동,중상사고,0,1,0,0,차대차 - 측면직각충돌,안전운전불이행,건조,맑음,교차로 - 교차로안,승용,여,34세,상해없음,자전거,남,23세,중상
2015042700100087,2015년 4월 27일 07시,월요일,인천광역시 계양구 병방동,중상사고,0,1,0,0,차대사람 - 횡단중,안전운전불이행,건조,맑음,단일로 - 기타,승용,남,55세,상해없음,보행자,여,52세,중상
2015042700100132,2015년 4월 27일 08시,월요일,인천광역시 부평구 청천동,중상사고,0,1,0,0,차대사람 - 기타,신호위반,건조,맑음,교차로 - 교차로안,승용,남,28세,상해없음,보행자,남,31세,중상
2015042700100133,2015년 4월 27일 08시,월요일,인천광역시 남동구 논현동,경상사고,0,0,1,0,차대차 - 추돌 - 진행중,안전운전불이행,건조,맑음,교차로 - 교차로부근,승용,여,33세,상해없음,승용,여,27세,경상
2015042700100134,2015년 4월 27일 08시,월요일,인천광역시 강화군 불은면,중상사고,0,1,0,0,차대차 - 기타,안전운전불이행,건조,맑음,교차로 - 교차로안,화물,남,64세,상해없음,승용,여,37세,중상
2015042700100160,2015년 4월 27일 09시,월요일,인천광역시 계양구 박촌동,중상사고,0,1,0,0,차대차 - 기타,안전운전불이행,건조,맑음,교차로 - 교차로안,승용,남,60세,상해없음,이륜,남,82세,중상
2015042700100227,2015년 4월 27일 11시,월요일,인천광역시 부평구 십정동,중상사고,0,1,0,0,차대차 - 기타,안전운전불이행,건조,맑음,기타 - 기타,승용,남,28세,상해없음,원동기,여,42세,중상
2015042700100228,2015년 4월 27일 11시,월요일,인천광역시 부평구 부평동,중상사고,0,1,0,0,차대차 - 기타,신호위반,건조,맑음,교차로 - 교차로안,이륜,남,18세,중상,승용,남,59세,상해없음
2015042700100296,2015년 4월 27일 13시,월요일,인천광역시 동구 송림동,중상사고,0,1,0,0,차대사람 - 기타,안전운전불이행,건조,맑음,교차로 - 교차로부근,자전거,남,18세,상해없음,보행자,여,68세,중상
2015042700100297,2015년 4월 27일 13시,월요일,인천광역시 중구 운서동,경상사고,0,0,4,0,차대차 - 측면직각충돌,안전운전불이행,건조,맑음,단일로 - 기타,승용,남,57세,경상,승용,여,65세,경상
2015042700100298,2015년 4월 27일 13시,월요일,인천광역시 남동구 논현동,중상사고,0,1,5,0,차대차 - 측면직각충돌,안전운전불이행,건조,맑음,단일로 - 기타,승용,남,67세,경상,화물,남,26세,기타불명
2015042700100299,2015년 4월 27일 13시,월요일,인천광역시 계양구 계산동,경상사고,0,0,2,0,차대차 - 측면직각충돌,안전거리미확보,건조,맑음,단일로 - 기타,화물,남,44세,상해없음,승용,남,51세,경상
2015042700100424,2015년 4월 27일 16시,월요일,인천광역시 남동구 고잔동,경상사고,0,0,2,0,차대차 - 측면직각충돌,신호위반,건조,맑음,교차로 - 교차로안,승용,여,31세,경상,승용,남,58세,경상
2015042700100513,2015년 4월 27일 18시,월요일,인천광역시 서구 가좌동,중상사고,0,1,0,0,차대차 - 측면직각충돌,안전운전불이행,건조,맑음,단일로 - 기타,원동기,남,34세,중상,특수,남,27세,상해없음
2015042700100552,2015년 4월 27일 19시,월요일,인천광역시 중구 항동3가,경상사고,0,0,2,2,차대차 - 측면직각충돌,안전운전불이행,건조,맑음,교차로 - 교차로안,승용,여,50세,경상,승용,남,43세,경상
2015042700100553,2015년 4월 27일 19시,월요일,인천광역시 서구 원창동,경상사고,0,0,1,0,차대차 - 추돌 - 주정차중,안전운전불이행,건조,맑음,교차로 - 교차로부근,승용,남,48세,상해없음,승용,여,28세,경상
2015042700100655,2015년 4월 27일 22시,월요일,인천광역시 남구 용현동,부상신고사고,0,0,0,1,차대사람 - 길가장자리구역통행중,안전운전불이행,건조,맑음,단일로 - 기타,승용,남,43세,상해없음,보행자,남,68세,부상신고
2015042700100656,2015년 4월 27일 22시,월요일,인천광역시 남구 숭의동,중상사고,0,1,0,0,차대차 - 기타,안전운전불이행,건조,맑음,교차로 - 교차로안,원동기,남,22세,중상,승합,남,51세,상해없음
2015042700100680,2015년 4월 27일 23시,월요일,인천광역시 중구 송학동2가,중상사고,0,1,0,0,차량단독 - 전도전복,안전운전불이행,건조,맑음,단일로 - 기타,이륜,남,47세,중상,,,,
2015042700100681,2015년 4월 27일 23시,월요일,인천광역시 남구 주안동,부상신고사고,0,0,0,1,차대차 - 추돌 - 진행중,안전거리미확보,건조,맑음,교차로 - 교차로안,승용,남,59세,상해없음,승용,남,31세,상해없음
2015042700100682,2015년 4월 27일 23시,월요일,인천광역시 계양구 계산동,중상사고,0,1,1,0,차대차 - 측면직각충돌,안전운전불이행,건조,맑음,단일로 - 기타,승용,여,21세,상해없음,승용,남,69세,중상
2015042800100041,2015년 4월 28일 02시,화요일,인천광역시 남구 주안동,중상사고,0,1,0,0,차대사람 - 횡단중,안전운전불이행,건조,맑음,단일로 - 기타,화물,남,34세,상해없음,보행자,남,58세,중상
2015042800100042,2015년 4월 28일 02시,화요일,인천광역시 부평구 청천동,중상사고,0,2,0,0,차대차 - 측면직각충돌,중앙선침범,건조,맑음,단일로 - 기타,승용,남,67세,상해없음,이륜,남,20세,중상
2015042800100043,2015년 4월 28일 02시,화요일,인천광역시 계양구 작전동,중상사고,0,1,0,0,차대차 - 추돌 - 주정차중,안전운전불이행,건조,맑음,단일로 - 횡단보도부근,승용,남,62세,상해없음,승용,남,59세,중상
2015042800100054,2015년 4월 28일 03시,화요일,인천광역시 연수구 선학동,중상사고,0,1,2,0,차대차 - 추돌 - 진행중,안전운전불이행,건조,맑음,단일로 - 기타,승용,남,26세,상해없음,승합,여,49세,중상
2015042800100087,2015년 4월 28일 06시,화요일,인천광역시 강화군 교동면,경상사고,0,0,1,0,차대차 - 정면충돌,중앙선침범,건조,맑음,단일로 - 기타,승용,남,57세,상해없음,승용,남,49세,경상
2015042800100123,2015년 4월 28일 07시,화요일,인천광역시 부평구 부평동,경상사고,0,0,1,0,차대차 - 기타,안전운전불이행,건조,맑음,단일로 - 기타,승용,여,25세,상해없음,자전거,남,68세,경상
2015042800100177,2015년 4월 28일 08시,화요일,인천광역시 남구 숭의동,경상사고,0,0,3,0,차대차 - 측면직각충돌,안전거리미확보,건조,맑음,단일로 - 기타,승용,남,54세,상해없음,승용,남,24세,경상
2015042800100265,2015년 4월 28일 11시,화요일,인천광역시 부평구 일신동,경상사고,0,0,2,0,차대차 - 추돌 - 진행중,안전거리미확보,건조,맑음,미분류 - 미분류,화물,남,37세,상해없음,화물,남,49세,경상
2015042800100331,2015년 4월 28일 13시,화요일,인천광역시 남구 용현동,경상사고,0,0,2,0,차대차 - 측면직각충돌,교차로운행방법위반,건조,맑음,교차로 - 교차로안,화물,남,45세,경상,화물,남,49세,경상
2015042800100332,2015년 4월 28일 13시,화요일,인천광역시 남동구 간석동,부상신고사고,0,0,0,1,차대사람 - 보도통행중,안전운전불이행,건조,맑음,교차로 - 교차로부근,화물,남,60세,상해없음,보행자,남,56세,부상신고
2015042800100333,2015년 4월 28일 13시,화요일,인천광역시 계양구 장기동,경상사고,0,0,1,0,차대차 - 측면직각충돌,안전운전불이행,건조,맑음,교차로 - 교차로안,자전거,남,72세,경상,화물,여,53세,상해없음
2015042800100409,2015년 4월 28일 15시,화요일,인천광역시 서구 가좌동,경상사고,0,0,1,0,차대사람 - 보도통행중,안전운전불이행,건조,맑음,단일로 - 기타,이륜,남,68세,상해없음,보행자,여,48세,경상
2015042800100410,2015년 4월 28일 15시,화요일,인천광역시 계양구 작전동,경상사고,0,0,2,0,차대차 - 측면직각충돌,안전거리미확보,건조,맑음,단일로 - 기타,승용,여,41세,상해없음,승용,남,41세,경상
2015042800100453,2015년 4월 28일 16시,화요일,인천광역시 남동구 구월동,경상사고,0,0,2,0,차대차 - 측면직각충돌,안전운전불이행,건조,맑음,교차로 - 교차로안,승용,여,33세,상해없음,승용,남,43세,경상
2015042800100454,2015년 4월 28일 16시,화요일,인천광역시 남동구 간석동,경상사고,0,0,1,0,차대차 - 추돌 - 주정차중,안전운전불이행,건조,맑음,단일로 - 기타,승용,남,65세,기타불명,승용,여,36세,경상
2015042800100525,2015년 4월 28일 18시,화요일,인천광역시 중구 신포동,중상사고,0,1,0,0,차대사람 - 보도통행중,안전운전불이행,건조,맑음,교차로 - 교차로안,승용,남,26세,상해없음,보행자,남,66세,중상
2015042800100568,2015년 4월 28일 19시,화요일,인천광역시 남동구 장수동,중상사고,0,1,0,0,차대차 - 측면직각충돌,신호위반,건조,맑음,교차로 - 교차로안,화물,남,60세,상해없음,이륜,남,33세,중상
2015042800100569,2015년 4월 28일 19시,화요일,인천광역시 서구 검암동,중상사고,0,2,2,0,차대차 - 측면직각충돌,교차로운행방법위반,건조,맑음,단일로 - 기타,화물,남,50세,상해없음,승용,여,33세,경상
2015042800100594,2015년 4월 28일 20시,화요일,인천광역시 남동구 남촌동,경상사고,0,0,1,0,차대차 - 측면직각충돌,신호위반,건조,맑음,교차로 - 교차로안,승용,남,55세,상해없음,이륜,남,25세,경상
2015042800100692,2015년 4월 28일 23시,화요일,인천광역시 남동구 만수동,중상사고,0,2,0,0,차대차 - 추돌 - 진행중,안전거리미확보,건조,맑음,단일로 - 기타,승용,남,36세,상해없음,승용,남,40세,중상
2015042800100693,2015년 4월 28일 23시,화요일,인천광역시 서구 가정동,경상사고,0,0,1,0,차대차 - 추돌 - 진행중,안전거리미확보,건조,맑음,교차로 - 교차로부근,승용,남,25세,상해없음,승용,남,25세,상해없음
2015042900100048,2015년 4월 29일 02시,수요일,인천광역시 남구 주안동,중상사고,0,1,0,0,차대사람 - 기타,안전운전불이행,건조,맑음,교차로 - 교차로부근,이륜,남,19세,상해없음,보행자,여,49세,중상
2015042900100049,2015년 4월 29일 02시,수요일,인천광역시 남구 용현동,경상사고,0,0,1,0,차대차 - 측면직각충돌,안전운전불이행,건조,맑음,단일로 - 기타,기타불명,기타불명,기타불명,기타불명,승용,남,55세,경상
2015042900100050,2015년 4월 29일 02시,수요일,인천광역시 남동구 만수동,중상사고,0,1,0,0,차대사람 - 횡단중,보행자보호의무위반,건조,맑음,단일로 - 횡단보도상,화물,남,32세,상해없음,보행자,남,54세,중상
2015042900100108,2015년 4월 29일 07시,수요일,인천광역시 남동구 남촌동,중상사고,0,1,0,0,차대차 - 기타,안전운전불이행,건조,맑음,교차로 - 교차로안,승용,남,48세,상해없음,자전거,여,25세,중상
2015042900100109,2015년 4월 29일 07시,수요일,인천광역시 계양구 계산동,경상사고,0,0,2,0,차대차 - 추돌 - 진행중,안전운전불이행,건조,맑음,단일로 - 기타,승합,남,68세,상해없음,화물,남,62세,경상
2015042900100110,2015년 4월 29일 07시,수요일,인천광역시 계양구 계산동,경상사고,0,0,2,0,차대차 - 기타,안전운전불이행,습기,비,단일로 - 기타,승용,남,26세,상해없음,승용,남,58세,상해없음
2015042900100111,2015년 4월 29일 07시,수요일,인천광역시 계양구 서운동,중상사고,0,1,0,0,차대차 - 기타,신호위반,건조,맑음,교차로 - 교차로안,건설기계,남,39세,상해없음,승합,남,71세,중상
2015042900100226,2015년 4월 29일 10시,수요일,인천광역시 남구 용현동,경상사고,0,0,1,0,차대차 - 추돌 - 진행중,안전운전불이행,건조,맑음,교차로 - 교차로부근,화물,남,28세,상해없음,승용,남,60세,경상
2015042900100304,2015년 4월 29일 12시,수요일,인천광역시 남구 숭의동,경상사고,0,0,1,0,차대사람 - 보도통행중,신호위반,건조,맑음,교차로 - 교차로부근,승용,남,62세,상해없음,보행자,여,65세,경상
2015042900100305,2015년 4월 29일 12시,수요일,인천광역시 남구 도화동,중상사고,0,1,1,0,차대차 - 측면직각충돌,안전거리미확보,건조,맑음,단일로 - 기타,승용,남,43세,상해없음,승합,남,59세,상해없음
2015042900100306,2015년 4월 29일 12시,수요일,인천광역시 남동구 수산동,중상사고,0,1,0,1,차대차 - 측면직각충돌,신호위반,습기,비,교차로 - 교차로안,승용,남,33세,상해없음,승용,남,64세,중상
2015042900100307,2015년 4월 29일 12시,수요일,인천광역시 남동구 고잔동,경상사고,0,0,1,0,차대사람 - 횡단중,안전운전불이행,건조,맑음,단일로 - 기타,승용,남,46세,상해없음,보행자,남,55세,경상
2015042900100342,2015년 4월 29일 13시,수요일,인천광역시 서구 마전동,중상사고,0,1,0,0,차대차 - 측면직각충돌,안전운전불이행,습기,비,단일로 - 기타,이륜,남,42세,중상,화물,남,63세,상해없음
2015042900100375,2015년 4월 29일 14시,수요일,인천광역시 계양구 계산동,경상사고,0,0,1,0,차대차 - 측면직각충돌,신호위반,건조,맑음,단일로 - 기타,승용,남,38세,상해없음,원동기,여,51세,경상
2015042900100482,2015년 4월 29일 17시,수요일,인천광역시 계양구 작전동,경상사고,0,0,1,0,차대차 - 측면직각충돌,안전운전불이행,건조,맑음,단일로 - 기타,승용,여,55세,기타불명,승용,남,54세,경상
2015042900100483,2015년 4월 29일 17시,수요일,인천광역시 계양구 장기동,중상사고,0,1,0,1,차대차 - 측면직각충돌,교차로운행방법위반,건조,맑음,교차로 - 교차로안,승용,여,34세,상해없음,승용,남,26세,중상
2015042900100524,2015년 4월 29일 18시,수요일,인천광역시 남동구 간석동,중상사고,0,1,0,0,차대차 - 측면직각충돌,안전거리미확보,건조,맑음,단일로 - 기타,승용,남,46세,상해없음,이륜,남,67세,중상
2015042900100525,2015년 4월 29일 18시,수요일,인천광역시 남동구 구월동,경상사고,0,0,3,0,차대차 - 추돌 - 진행중,안전운전불이행,건조,맑음,교차로 - 교차로안,승용,남,56세,상해없음,화물,남,40세,경상
2015042900100526,2015년 4월 29일 18시,수요일,인천광역시 서구 마전동,경상사고,0,0,1,0,차대사람 - 횡단중,안전운전불이행,건조,맑음,단일로 - 기타,승용,남,32세,상해없음,보행자,여,63세,경상
2015042900100592,2015년 4월 29일 20시,수요일,인천광역시 연수구 송도동,중상사고,0,1,2,0,차대차 - 측면직각충돌,안전운전불이행,건조,맑음,단일로 - 기타,승용,남,23세,상해없음,승용,남,42세,경상
2015042900100626,2015년 4월 29일 21시,수요일,인천광역시 남동구 간석동,경상사고,0,0,1,0,차대사람 - 길가장자리구역통행중,안전운전불이행,건조,맑음,단일로 - 기타,승용,남,50세,상해없음,보행자,남,19세,경상
2015042900100627,2015년 4월 29일 21시,수요일,인천광역시 서구 가정동,경상사고,0,0,1,0,차대사람 - 차도통행중,신호위반,건조,맑음,단일로 - 기타,승용,남,59세,기타불명,보행자,여,20세,경상
2015042900100628,2015년 4월 29일 21시,수요일,인천광역시 연수구 선학동,경상사고,0,0,6,0,차대차 - 기타,안전운전불이행,건조,맑음,단일로 - 기타,승용,남,47세,상해없음,승용,남,29세,경상
2015042900100653,2015년 4월 29일 22시,수요일,인천광역시 연수구 선학동,중상사고,0,1,0,0,차대사람 - 횡단중,안전운전불이행,건조,맑음,교차로 - 교차로안,승용,남,53세,상해없음,보행자,여,18세,중상
2015042900100677,2015년 4월 29일 23시,수요일,인천광역시 남구 용현동,부상신고사고,0,0,0,1,차대사람 - 기타,안전운전불이행,건조,맑음,단일로 - 기타,승용,남,49세,상해없음,보행자,남,61세,부상신고
2015042900100678,2015년 4월 29일 23시,수요일,인천광역시 남구 주안동,부상신고사고,0,0,0,1,차대차 - 측면직각충돌,안전운전불이행,건조,맑음,단일로 - 기타,이륜,남,16세,부상신고,승용,남,52세,상해없음
2015042900100679,2015년 4월 29일 23시,수요일,인천광역시 남구 주안동,중상사고,0,1,0,0,차대차 - 측면직각충돌,안전거리미확보,건조,맑음,교차로 - 교차로부근,승용,남,50세,상해없음,이륜,남,31세,중상
2015042900100680,2015년 4월 29일 23시,수요일,인천광역시 부평구 청천동,경상사고,0,0,2,0,차대차 - 추돌 - 주정차중,안전운전불이행,건조,맑음,교차로 - 교차로부근,승용,남,58세,상해없음,승용,남,58세,경상
2015043000100118,2015년 4월 30일 07시,목요일,인천광역시 남동구 논현동,경상사고,0,0,1,0,차대차 - 정면충돌,중앙선침범,건조,맑음,단일로 - 기타,화물,남,57세,상해없음,자전거,남,25세,경상
2015043000100119,2015년 4월 30일 07시,목요일,인천광역시 계양구 임학동,중상사고,0,1,0,0,차대사람 - 차도통행중,안전운전불이행,건조,맑음,교차로 - 교차로안,승용,남,30세,상해없음,보행자,여,54세,중상
2015043000100151,2015년 4월 30일 08시,목요일,인천광역시 남동구 구월동,경상사고,0,0,1,0,차대차 - 추돌 - 진행중,안전운전불이행,건조,맑음,교차로 - 교차로부근,승용,여,39세,기타불명,승용,여,56세,경상
2015043000100187,2015년 4월 30일 09시,목요일,인천광역시 중구 을왕동,사망사고,1,0,0,0,차량단독 - 공작물충돌,안전운전불이행,건조,맑음,교차로 - 교차로안,승용,남,26세,상해없음,,,,
2015043000100216,2015년 4월 30일 10시,목요일,인천광역시 남구 주안동,경상사고,0,0,1,0,차대차 - 측면직각충돌,안전운전불이행,건조,맑음,교차로 - 교차로부근,승용,여,41세,상해없음,이륜,남,49세,경상
2015043000100217,2015년 4월 30일 10시,목요일,인천광역시 남구 주안동,경상사고,0,0,2,0,차대차 - 측면직각충돌,안전운전불이행,건조,맑음,교차로 - 교차로부근,승용,남,64세,상해없음,승용,여,52세,경상
2015043000100244,2015년 4월 30일 11시,목요일,인천광역시 서구 경서동,경상사고,0,0,1,0,차대차 - 측면직각충돌,안전운전불이행,건조,맑음,미분류 - 미분류,화물,남,39세,상해없음,화물,남,24세,경상
2015043000100272,2015년 4월 30일 12시,목요일,인천광역시 남동구 간석동,중상사고,0,1,0,0,차대사람 - 길가장자리구역통행중,안전운전불이행,건조,맑음,단일로 - 기타,승용,남,62세,상해없음,보행자,남,70세,중상
2015043000100354,2015년 4월 30일 14시,목요일,인천광역시 서구 경서동,중상사고,0,1,3,0,차대차 - 추돌 - 진행중,안전운전불이행,건조,맑음,단일로 - 기타,승용,여,49세,상해없음,승용,여,61세,경상
2015043000100407,2015년 4월 30일 15시,목요일,인천광역시 남동구 남촌동,경상사고,0,0,2,0,차대사람 - 길가장자리구역통행중,안전운전불이행,건조,맑음,단일로 - 기타,승용,남,62세,상해없음,보행자,남,51세,경상
2015043000100451,2015년 4월 30일 16시,목요일,인천광역시 남구 용현동,경상사고,0,0,1,0,차대차 - 측면직각충돌,교차로운행방법위반,건조,맑음,교차로 - 교차로안,승합,남,39세,상해없음,승용,남,64세,경상
2015043000100452,2015년 4월 30일 16시,목요일,인천광역시 남구 주안동,중상사고,0,1,0,0,차대사람 - 횡단중,안전운전불이행,건조,맑음,교차로 - 교차로안,화물,남,63세,상해없음,보행자,남,80세,중상
2015043000100454,2015년 4월 30일 16시,목요일,인천광역시 남동구 구월동,중상사고,0,1,0,0,차대차 - 측면직각충돌,안전운전불이행,건조,맑음,단일로 - 기타,승용,여,28세,상해없음,이륜,남,35세,중상
2015043000100455,2015년 4월 30일 16시,목요일,인천광역시 계양구 작전동,경상사고,0,0,2,0,차대차 - 측면직각충돌,안전운전불이행,건조,맑음,교차로 - 교차로부근,승용,남,42세,상해없음,승용,여,34세,경상
2015043000100496,2015년 4월 30일 17시,목요일,인천광역시 남구 주안동,경상사고,0,0,2,0,차대사람 - 기타,안전운전불이행,건조,맑음,단일로 - 기타,승용,여,32세,상해없음,보행자,남,50세,경상
2015043000100497,2015년 4월 30일 17시,목요일,인천광역시 남동구 고잔동,경상사고,0,0,1,0,차대차 - 측면직각충돌,교차로운행방법위반,건조,맑음,교차로 - 교차로안,승용,남,41세,기타불명,승용,남,46세,경상
2015043000100498,2015년 4월 30일 17시,목요일,인천광역시 남동구 운연동,경상사고,0,0,2,0,차대차 - 측면직각충돌,교차로운행방법위반,건조,맑음,교차로 - 교차로안,화물,남,52세,경상,화물,남,37세,상해없음
2015043000100541,2015년 4월 30일 18시,목요일,인천광역시 서구 가정동,경상사고,0,0,1,0,차대차 - 추돌 - 진행중,신호위반,건조,맑음,교차로 - 교차로안,화물,남,26세,상해없음,화물,남,31세,경상
2015043000100572,2015년 4월 30일 19시,목요일,인천광역시 계양구 병방동,경상사고,0,0,1,0,차대차 - 측면직각충돌,안전거리미확보,건조,맑음,교차로 - 교차로부근,승용,남,26세,상해없음,승용,남,57세,경상
2015043000100609,2015년 4월 30일 20시,목요일,인천광역시 남동구 간석동,경상사고,0,0,1,0,차대사람 - 길가장자리구역통행중,안전운전불이행,건조,맑음,단일로 - 기타,승용,남,60세,상해없음,보행자,남,11세,경상
2015043000100610,2015년 4월 30일 20시,목요일,인천광역시 서구 가정동,부상신고사고,0,0,0,1,차대사람 - 보도통행중,안전운전불이행,건조,맑음,단일로 - 기타,승용,남,27세,상해없음,보행자,남,38세,부상신고
2015043000100611,2015년 4월 30일 20시,목요일,인천광역시 서구 연희동,중상사고,0,1,4,0,차대차 - 추돌 - 진행중,안전운전불이행,건조,맑음,교차로 - 교차로부근,건설기계,남,44세,상해없음,승합,남,42세,경상
2015043000100652,2015년 4월 30일 21시,목요일,인천광역시 남구 관교동,중상사고,0,1,0,0,차대차 - 측면직각충돌,신호위반,건조,맑음,교차로 - 교차로안,승용,여,44세,상해없음,승용,여,65세,중상
2015043000100653,2015년 4월 30일 21시,목요일,인천광역시 서구 연희동,경상사고,0,0,1,0,차대차 - 측면직각충돌,안전운전불이행,건조,맑음,단일로 - 기타,이륜,남,20세,상해없음,승용,여,32세,경상
2015043000100654,2015년 4월 30일 21시,목요일,인천광역시 연수구 선학동,경상사고,0,0,1,0,차대차 - 기타,안전운전불이행,건조,맑음,교차로 - 교차로안,승용,남,44세,상해없음,승용,남,28세,경상
2015043000100730,2015년 4월 30일 23시,목요일,인천광역시 서구 석남동,경상사고,0,0,2,0,차대차 - 추돌 - 진행중,안전운전불이행,건조,맑음,교차로 - 교차로부근,승용,남,53세,상해없음,승용,남,27세,경상
2015050100100024,2015년 5월 1일 00시,금요일,인천광역시 부평구 십정동,중상사고,0,1,0,0,차대사람 - 길가장자리구역통행중,안전운전불이행,건조,맑음,단일로 - 기타,승용,남,20세,상해없음,보행자,여,30세,중상
2015050100100025,2015년 5월 1일 00시,금요일,인천광역시 서구 검암동,경상사고,0,0,1,0,차대차 - 측면직각충돌,신호위반,건조,맑음,교차로 - 교차로안,승용,남,57세,상해없음,이륜,남,59세,경상
2015050100100069,2015년 5월 1일 02시,금요일,인천광역시 계양구 작전동,경상사고,0,0,2,0,차대차 - 측면직각충돌,교차로운행방법위반,건조,맑음,교차로 - 교차로안,승용,남,48세,상해없음,승용,남,42세,경상
2015050100100071,2015년 5월 1일 02시,금요일,인천광역시 계양구 선주지동,중상사고,0,2,1,0,차대차 - 측면직각충돌,안전거리미확보,건조,맑음,단일로 - 기타,승용,남,29세,상해없음,승용,남,57세,경상
2015050100100104,2015년 5월 1일 05시,금요일,인천광역시 부평구 삼산동,경상사고,0,0,1,0,차대차 - 추돌 - 진행중,안전운전불이행,건조,맑음,단일로 - 기타,승용,남,40세,경상,승합,남,44세,상해없음
2015050100100135,2015년 5월 1일 07시,금요일,인천광역시 서구 백석동,중상사고,0,1,2,0,차대차 - 측면직각충돌,신호위반,건조,맑음,교차로 - 교차로안,승용,남,34세,상해없음,승용,남,38세,중상
2015050100100136,2015년 5월 1일 07시,금요일,인천광역시 서구 금곡동,경상사고,0,0,3,0,차대차 - 추돌 - 진행중,안전운전불이행,건조,맑음,단일로 - 기타,승용,남,42세,상해없음,승합,남,51세,경상
2015050100100164,2015년 5월 1일 08시,금요일,인천광역시 남동구 간석동,경상사고,0,0,1,0,차대차 - 정면충돌,중앙선침범,건조,맑음,교차로 - 교차로안,승용,남,28세,상해없음,승용,남,58세,경상
2015050100100235,2015년 5월 1일 10시,금요일,인천광역시 남구 학익동,경상사고,0,0,1,0,차대사람 - 기타,안전운전불이행,건조,맑음,교차로 - 교차로안,승용,남,46세,상해없음,보행자,남,14세,경상
2015050100100236,2015년 5월 1일 10시,금요일,인천광역시 남동구 도림동,부상신고사고,0,0,0,2,차대차 - 측면직각충돌,신호위반,건조,맑음,단일로 - 기타,승용,여,53세,상해없음,승용,남,42세,부상신고
2015050100100237,2015년 5월 1일 10시,금요일,인천광역시 남동구 남촌동,중상사고,0,1,0,0,차대사람 - 보도통행중,안전운전불이행,건조,맑음,단일로 - 기타,승용,남,54세,상해없음,보행자,여,76세,중상
2015050100100238,2015년 5월 1일 10시,금요일,인천광역시 서구 마전동,경상사고,0,0,1,0,차대차 - 추돌 - 진행중,안전거리미확보,건조,맑음,단일로 - 기타,승합,남,48세,기타불명,승합,남,58세,기타불명