사고번호,사고일시,요일,시군구,사고내용,사망자수,중상자수,경상자수,부상신고자수,사고유형,법규위반,노면상태,기상상태,도로형태,가해운전자 차종,가해운전자 성별,가해운전자 연령,가해운전자 상해정도,피해운전자 차종,피해운전자 성별,피해운전자 연령,피해운전자 상해정도
2015050600100430,2015년 5월 6일 17시,수요일,인천광역시 서구 가좌동,경상사고,0,0,1,0,차대차 - 측면직각충돌,신호위반,건조,맑음,교차로 - 교차로안,화물,남,22세,상해없음,승용,남,49세,경상
2015050600100468,2015년 5월 6일 18시,수요일,인천광역시 중구 북성동1가,중상사고,0,1,0,0,차대차 - 측면직각충돌,안전운전불이행,건조,맑음,교차로 - 교차로안,화물,남,54세,상해없음,승용,남,44세,중상
2015050600100469,2015년 5월 6일 18시,수요일,인천광역시 계양구 계산동,중상사고,0,1,1,0,차대차 - 기타,안전운전불이행,건조,맑음,단일로 - 기타,화물,남,55세,상해없음,승용,남,34세,중상
2015050600100506,2015년 5월 6일 19시,수요일,인천광역시 중구 중산동,경상사고,0,0,1,0,차대차 - 기타,안전운전불이행,건조,맑음,기타 - 기타,이륜,남,41세,경상,화물,남,38세,상해없음
2015050600100507,2015년 5월 6일 19시,수요일,인천광역시 연수구 청학동,경상사고,0,0,1,0,차대차 - 기타,안전운전불이행,건조,맑음,단일로 - 기타,승용,남,58세,상해없음,이륜,남,52세,경상
2015050600100540,2015년 5월 6일 20시,수요일,인천광역시 동구 송림동,중상사고,0,1,0,0,차대사람 - 횡단중,신호위반,건조,맑음,교차로 - 교차로부근,승용,남,45세,상해없음,보행자,남,17세,중상
2015050600100541,2015년 5월 6일 20시,수요일,인천광역시 남구 학익동,경상사고,0,0,1,0,차대사람 - 횡단중,보행자보호의무위반,건조,맑음,단일로 - 횡단보도상,승용,남,41세,상해없음,보행자,여,27세,경상
2015050600100542,2015년 5월 6일 20시,수요일,인천광역시 서구 석남동,경상사고,0,0,1,0,차대사람 - 보도통행중,기타,건조,맑음,단일로 - 기타,이륜,남,35세,상해없음,보행자,남,40세,경상
2015050600100577,2015년 5월 6일 21시,수요일,인천광역시 서구 석남동,중상사고,0,1,0,0,차대사람 - 횡단중,안전운전불이행,건조,맑음,단일로 - 기타,승용,여,43세,상해없음,보행자,여,46세,중상
2015050600100604,2015년 5월 6일 22시,수요일,인천광역시 서구 연희동,중상사고,0,1,0,0,차대차 - 추돌 - 진행중,안전운전불이행,건조,맑음,단일로 - 기타,원동기,남,16세,중상,승합,남,50세,상해없음
2015050700100108,2015년 5월 7일 07시,목요일,인천광역시 서구 금곡동,경상사고,0,0,1,0,차대차 - 측면직각충돌,안전운전불이행,건조,맑음,단일로 - 기타,승합,남,39세,상해없음,자전거,남,31세,상해없음
2015050700100109,2015년 5월 7일 07시,목요일,인천광역시 서구 가정동,경상사고,0,0,1,0,차대차 - 추돌 - 진행중,안전운전불이행,건조,맑음,교차로 - 교차로부근,승용,여,32세,기타불명,승용,여,42세,경상
2015050700100151,2015년 5월 7일 08시,목요일,인천광역시 남동구 논현동,경상사고,0,0,1,0,차대사람 - 보도통행중,안전운전불이행,건조,맑음,단일로 - 기타,자전거,여,33세,기타불명,보행자,여,11세,경상
2015050700100173,2015년 5월 7일 09시,목요일,인천광역시 남구 주안동,경상사고,0,0,1,0,차대사람 - 길가장자리구역통행중,안전운전불이행,건조,맑음,단일로 - 기타,승용,남,29세,상해없음,보행자,남,19세,경상
2015050700100202,2015년 5월 7일 10시,목요일,인천광역시 남구 숭의동,중상사고,0,1,0,0,차대차 - 측면직각충돌,안전운전불이행,건조,맑음,단일로 - 기타,화물,남,59세,상해없음,원동기,남,53세,중상
2015050700100203,2015년 5월 7일 10시,목요일,인천광역시 계양구 작전동,경상사고,0,0,1,0,차대차 - 측면직각충돌,안전거리미확보,건조,맑음,단일로 - 기타,화물,남,45세,상해없음,승용,남,55세,경상
2015050700100204,2015년 5월 7일 10시,목요일,인천광역시 부평구 삼산동,경상사고,0,0,1,0,차대차 - 측면직각충돌,안전거리미확보,건조,맑음,단일로 - 기타,특수,남,48세,상해없음,승용,남,45세,경상
2015050700100205,2015년 5월 7일 10시,목요일,인천광역시 부평구 일신동,경상사고,0,0,1,0,차대차 - 추돌 - 진행중,안전운전불이행,건조,맑음,단일로 - 기타,승용,여,45세,상해없음,승용,남,37세,경상
2015050700100325,2015년 5월 7일 14시,목요일,인천광역시 부평구 청천동,경상사고,0,0,1,0,차대차 - 기타,안전운전불이행,건조,맑음,단일로 - 기타,승용,남,45세,상해없음,승용,남,28세,상해없음
2015050700100406,2015년 5월 7일 16시,목요일,인천광역시 부평구 부평동,경상사고,0,0,1,0,차대차 - 추돌 - 진행중,안전운전불이행,건조,흐림,교차로 - 교차로부근,승용,남,69세,상해없음,승용,남,28세,경상
2015050700100407,2015년 5월 7일 16시,목요일,인천광역시 서구 왕길동,중상사고,0,1,1,0,차대차 - 측면직각충돌,안전거리미확보,건조,맑음,단일로 - 기타,화물,남,43세,상해없음,승용,남,53세,경상
2015050700100408,2015년 5월 7일 16시,목요일,인천광역시 부평구 일신동,경상사고,0,0,1,0,차대차 - 추돌 - 주정차중,안전운전불이행,건조,맑음,단일로 - 기타,승용,남,52세,상해없음,승용,남,55세,경상
2015050700100455,2015년 5월 7일 17시,목요일,인천광역시 남동구 만수동,중상사고,0,1,0,0,차대차 - 측면직각충돌,차로위반,건조,맑음,단일로 - 기타,이륜,남,47세,중상,승용,남,52세,상해없음
2015050700100491,2015년 5월 7일 18시,목요일,인천광역시 동구 송현동,경상사고,0,0,1,0,차대사람 - 횡단중,보행자보호의무위반,건조,맑음,단일로 - 횡단보도상,화물,남,49세,상해없음,보행자,여,53세,경상
2015050700100492,2015년 5월 7일 18시,목요일,인천광역시 동구 송림동,경상사고,0,0,3,0,차대차 - 측면직각충돌,중앙선침범,건조,맑음,교차로 - 교차로부근,승용,여,48세,경상,승용,남,55세,경상
2015050700100531,2015년 5월 7일 19시,목요일,인천광역시 남동구 간석동,경상사고,0,0,1,0,차량단독 - 전도전복,안전운전불이행,건조,맑음,단일로 - 기타,이륜,남,40세,경상,,,,
2015050700100554,2015년 5월 7일 20시,목요일,인천광역시 계양구 계산동,경상사고,0,0,1,0,차대차 - 측면직각충돌,신호위반,건조,맑음,교차로 - 교차로안,승용,남,49세,상해없음,승용,여,33세,경상
2015050700100555,2015년 5월 7일 20시,목요일,인천광역시 연수구 옥련동,중상사고,0,1,0,0,차대사람 - 횡단중,안전운전불이행,건조,맑음,단일로 - 기타,승용,남,53세,상해없음,보행자,여,73세,중상
2015050700100622,2015년 5월 7일 22시,목요일,인천광역시 남동구 간석동,경상사고,0,0,1,0,차대차 - 추돌 - 주정차중,안전운전불이행,건조,맑음,단일로 - 기타,승용,남,32세,상해없음,승용,남,60세,경상
2015050700100645,2015년 5월 7일 23시,목요일,인천광역시 서구 마전동,경상사고,0,0,1,0,차대사람 - 차도통행중,안전운전불이행,건조,맑음,단일로 - 기타,승용,기타불명,기타불명,기타불명,보행자,남,40세,경상
2015050800100029,2015년 5월 8일 01시,금요일,인천광역시 남구 주안동,경상사고,0,0,1,0,차대차 - 추돌 - 주정차중,안전운전불이행,건조,맑음,교차로 - 교차로부근,승용,남,60세,상해없음,승용,남,54세,경상
2015050800100030,2015년 5월 8일 01시,금요일,인천광역시 계양구 작전동,중상사고,0,1,0,0,차대사람 - 횡단중,안전운전불이행,건조,맑음,교차로 - 교차로부근,승용,남,30세,상해없음,보행자,남,57세,중상
2015050800100031,2015년 5월 8일 01시,금요일,인천광역시 계양구 계산동,경상사고,0,0,1,0,차대차 - 측면직각충돌,안전운전불이행,건조,맑음,교차로 - 교차로안,승용,여,48세,상해없음,이륜,남,18세,경상
2015050800100152,2015년 5월 8일 08시,금요일,인천광역시 남구 용현동,경상사고,0,0,1,0,차대차 - 측면직각충돌,안전운전불이행,건조,맑음,교차로 - 교차로부근,승용,남,22세,상해없음,승용,남,23세,경상
2015050800100196,2015년 5월 8일 09시,금요일,인천광역시 연수구 청학동,중상사고,0,1,1,0,차대차 - 측면직각충돌,신호위반,건조,맑음,교차로 - 교차로안,화물,남,78세,상해없음,승용,남,74세,중상
2015050800100220,2015년 5월 8일 10시,금요일,인천광역시 남구 숭의동,중상사고,0,1,0,0,차량단독 - 기타,안전운전불이행,건조,흐림,교차로 - 교차로안,승합,남,59세,상해없음,,,,
2015050800100251,2015년 5월 8일 11시,금요일,인천광역시 서구 경서동,경상사고,0,0,1,0,차대차 - 측면직각충돌,신호위반,건조,맑음,단일로 - 횡단보도상,승용,남,73세,상해없음,자전거,남,12세,경상
2015050800100273,2015년 5월 8일 12시,금요일,인천광역시 남동구 고잔동,중상사고,0,1,0,0,차대차 - 정면충돌,신호위반,건조,맑음,교차로 - 교차로안,승용,남,37세,상해없음,승용,남,54세,중상
2015050800100274,2015년 5월 8일 12시,금요일,인천광역시 계양구 작전동,부상신고사고,0,0,0,1,차대차 - 추돌 - 진행중,안전운전불이행,건조,맑음,교차로 - 교차로안,승용,여,26세,상해없음,승용,남,35세,부상신고
2015050800100302,2015년 5월 8일 13시,금요일,인천광역시 서구 당하동,경상사고,0,0,1,0,차대사람 - 차도통행중,안전운전불이행,건조,맑음,단일로 - 기타,승용,여,57세,상해없음,보행자,남,63세,경상
2015050800100332,2015년 5월 8일 14시,금요일,인천광역시 부평구 부개동,경상사고,0,0,1,0,차대사람 - 기타,안전운전불이행,건조,맑음,단일로 - 기타,승용,여,43세,상해없음,보행자,여,56세,경상
2015050800100333,2015년 5월 8일 14시,금요일,인천광역시 부평구 삼산동,경상사고,0,0,1,0,차대차 - 측면직각충돌,안전운전불이행,건조,맑음,단일로 - 횡단보도상,화물,남,45세,상해없음,자전거,남,34세,경상
2015050800100419,2015년 5월 8일 16시,금요일,인천광역시 남동구 구월동,경상사고,0,0,1,0,차대사람 - 횡단중,보행자보호의무위반,건조,맑음,단일로 - 기타,승용,남,51세,상해없음,보행자,여,2세,경상
2015050800100420,2015년 5월 8일 16시,금요일,인천광역시 서구 신현동,경상사고,0,0,1,0,차대사람 - 보도통행중,안전운전불이행,건조,맑음,단일로 - 기타,승용,남,39세,상해없음,보행자,여,21세,경상
2015050800100421,2015년 5월 8일 16시,금요일,인천광역시 계양구 효성동,중상사고,0,1,0,0,차대차 - 측면직각충돌,안전운전불이행,건조,맑음,교차로 - 교차로부근,승용,남,39세,상해없음,자전거,남,16세,중상
2015050800100459,2015년 5월 8일 17시,금요일,인천광역시 계양구 작전동,중상사고,0,1,0,0,차대차 - 기타,안전운전불이행,건조,맑음,교차로 - 교차로부근,자전거,남,13세,중상,승용,여,37세,상해없음
2015050800100496,2015년 5월 8일 18시,금요일,인천광역시 남구 문학동,경상사고,0,0,2,0,차대차 - 측면직각충돌,차로위반,건조,맑음,단일로 - 기타,승용,남,49세,상해없음,승용,여,41세,경상
2015050800100548,2015년 5월 8일 19시,금요일,인천광역시 서구 신현동,중상사고,0,1,0,0,차대사람 - 횡단중,안전운전불이행,건조,맑음,단일로 - 기타,승용,여,44세,상해없음,보행자,남,15세,중상
2015050800100549,2015년 5월 8일 19시,금요일,인천광역시 부평구 삼산동,중상사고,0,1,0,0,차대사람 - 기타,중앙선침범,건조,맑음,단일로 - 기타,자전거,남,22세,상해없음,보행자,남,41세,중상
2015050800100632,2015년 5월 8일 21시,금요일,인천광역시 서구 당하동,중상사고,0,1,3,0,차대차 - 추돌 - 진행중,교차로운행방법위반,건조,흐림,교차로 - 교차로부근,승용,남,43세,상해없음,승용,여,34세,경상
2015050800100654,2015년 5월 8일 22시,금요일,인천광역시 남구 주안동,경상사고,0,0,4,0,차대차 - 추돌 - 주정차중,안전운전불이행,건조,흐림,단일로 - 교량,승용,남,43세,상해없음,승용,남,43세,경상
2015050800100655,2015년 5월 8일 22시,금요일,인천광역시 부평구 부개동,경상사고,0,0,1,0,차대차 - 측면직각충돌,안전운전불이행,건조,맑음,교차로 - 교차로안,승용,남,20세,상해없음,원동기,남,35세,경상
2015050800100685,2015년 5월 8일 23시,금요일,인천광역시 남구 도화동,경상사고,0,0,2,0,차대차 - 측면직각충돌,안전운전불이행,건조,맑음,교차로 - 교차로안,승용,남,56세,상해없음,승용,여,28세,경상
2015050900100023,2015년 5월 9일 00시,토요일,인천광역시 남구 주안동,경상사고,0,0,4,0,차대차 - 측면직각충돌,신호위반,건조,맑음,교차로 - 교차로안,승용,여,29세,상해없음,승용,여,45세,경상
2015050900100099,2015년 5월 9일 06시,토요일,인천광역시 서구 가좌동,중상사고,0,1,0,0,차량단독 - 공작물충돌,안전운전불이행,건조,맑음,단일로 - 기타,승용,남,34세,중상,,,,
2015050900100115,2015년 5월 9일 07시,토요일,인천광역시 남구 주안동,경상사고,0,0,1,0,차대차 - 측면직각충돌,안전운전불이행,건조,맑음,단일로 - 기타,승용,여,41세,상해없음,승용,여,45세,기타불명
2015050900100116,2015년 5월 9일 07시,토요일,인천광역시 부평구 부평동,경상사고,0,0,2,0,차대차 - 추돌 - 주정차중,안전운전불이행,건조,맑음,단일로 - 기타,승용,남,26세,상해없음,승용,남,47세,경상
2015050900100142,2015년 5월 9일 08시,토요일,인천광역시 부평구 부평동,중상사고,0,1,0,0,차대차 - 기타,안전운전불이행,건조,맑음,교차로 - 교차로부근,승용,남,54세,상해없음,자전거,여,57세,중상
2015050900100143,2015년 5월 9일 08시,토요일,인천광역시 남동구 만수동,경상사고,0,0,1,0,차대사람 - 횡단중,안전운전불이행,건조,맑음,단일로 - 기타,승합,남,49세,기타불명,보행자,여,66세,경상
2015050900100174,2015년 5월 9일 09시,토요일,인천광역시 연수구 연수동,중상사고,0,1,0,0,차대사람 - 횡단중,신호위반,건조,맑음,단일로 - 기타,승합,여,51세,상해없음,보행자,여,14세,중상
2015050900100202,2015년 5월 9일 10시,토요일,인천광역시 서구 가좌동,부상신고사고,0,0,0,1,차대사람 - 횡단중,보행자보호의무위반,건조,맑음,단일로 - 횡단보도상,화물,기타불명,기타불명,기타불명,보행자,여,21세,부상신고
2015050900100243,2015년 5월 9일 11시,토요일,인천광역시 부평구 부개동,경상사고,0,0,3,0,차대차 - 추돌 - 진행중,안전운전불이행,건조,맑음,교차로 - 교차로안,승용,남,45세,상해없음,승용,남,43세,경상
2015050900100286,2015년 5월 9일 12시,토요일,인천광역시 남동구 구월동,중상사고,0,1,0,0,차대차 - 측면직각충돌,교차로운행방법위반,건조,맑음,교차로 - 교차로안,승용,남,33세,상해없음,자전거,남,45세,중상
2015050900100287,2015년 5월 9일 12시,토요일,인천광역시 연수구 송도동,경상사고,0,0,1,0,차대차 - 기타,신호위반,건조,맑음,교차로 - 교차로부근,승용,여,48세,상해없음,승용,남,37세,경상
2015050900100337,2015년 5월 9일 13시,토요일,인천광역시 동구 창영동,중상사고,0,1,0,0,차대사람 - 차도통행중,안전운전불이행,건조,맑음,교차로 - 교차로안,승용,남,72세,상해없음,보행자,여,74세,중상
2015050900100338,2015년 5월 9일 13시,토요일,인천광역시 남동구 구월동,경상사고,0,0,1,0,차대차 - 측면직각충돌,안전운전불이행,건조,맑음,단일로 - 기타,승용,여,39세,상해없음,승용,남,69세,상해없음
2015050900100409,2015년 5월 9일 15시,토요일,인천광역시 서구 연희동,경상사고,0,0,2,0,차대차 - 측면직각충돌,신호위반,건조,맑음,교차로 - 교차로안,건설기계,남,56세,상해없음,승합,남,67세,경상
2015050900100410,2015년 5월 9일 15시,토요일,인천광역시 연수구 동춘동,경상사고,0,0,1,0,차대차 - 추돌 - 진행중,안전거리미확보,건조,맑음,단일로 - 기타,승합,남,58세,상해없음,승용,남,26세,경상
2015050900100457,2015년 5월 9일 16시,토요일,인천광역시 남구 주안동,경상사고,0,0,1,0,차대차 - 추돌 - 진행중,안전운전불이행,건조,맑음,단일로 - 기타,승용,여,43세,상해없음,승합,여,52세,상해없음
2015050900100458,2015년 5월 9일 16시,토요일,인천광역시 서구 경서동,경상사고,0,0,2,0,차대차 - 추돌 - 주정차중,안전거리미확보,건조,맑음,단일로 - 기타,승용,남,29세,상해없음,승용,여,46세,상해없음
2015050900100505,2015년 5월 9일 17시,토요일,인천광역시 남동구 장수동,경상사고,0,0,2,0,차대차 - 측면직각충돌,차로위반,건조,맑음,단일로 - 기타,승용,남,29세,상해없음,승용,남,29세,경상
2015050900100546,2015년 5월 9일 18시,토요일,인천광역시 부평구 부평동,중상사고,0,1,0,0,차대차 - 측면직각충돌,신호위반,건조,맑음,단일로 - 횡단보도상,승용,여,39세,상해없음,이륜,남,48세,중상
2015050900100547,2015년 5월 9일 18시,토요일,인천광역시 남동구 서창동,경상사고,0,0,2,0,차대차 - 측면직각충돌,교차로운행방법위반,건조,맑음,교차로 - 교차로안,승용,여,51세,경상,승용,여,37세,경상
2015050900100548,2015년 5월 9일 18시,토요일,인천광역시 계양구 효성동,중상사고,0,1,0,0,차대차 - 측면직각충돌,기타,건조,맑음,교차로 - 교차로안,승합,남,55세,상해없음,자전거,남,11세,중상
2015050900100577,2015년 5월 9일 19시,토요일,인천광역시 부평구 산곡동,경상사고,0,0,1,0,차대차 - 측면직각충돌,교차로운행방법위반,건조,맑음,교차로 - 교차로안,승용,남,26세,상해없음,승용,남,56세,경상
2015050900100578,2015년 5월 9일 19시,토요일,인천광역시 계양구 작전동,중상사고,0,1,0,0,차대차 - 측면직각충돌,기타,건조,맑음,교차로 - 교차로안,이륜,남,16세,중상,승용,남,37세,상해없음
2015050900100579,2015년 5월 9일 19시,토요일,인천광역시 연수구 동춘동,경상사고,0,0,3,0,차대차 - 기타,안전운전불이행,건조,맑음,단일로 - 기타,승용,남,56세,상해없음,승용,남,64세,상해없음
2015050900100663,2015년 5월 9일 21시,토요일,인천광역시 부평구 부평동,중상사고,0,3,1,0,차대차 - 측면직각충돌,신호위반,건조,맑음,교차로 - 교차로부근,승용,남,28세,기타불명,승용,남,44세,중상
2015050900100664,2015년 5월 9일 21시,토요일,인천광역시 계양구 작전동,사망사고,1,0,0,0,차대사람 - 횡단중,안전운전불이행,건조,맑음,교차로 - 교차로부근,승용,남,20세,상해없음,보행자,여,82세,사망
2015050900100665,2015년 5월 9일 21시,토요일,인천광역시 부평구 갈산동,중상사고,0,2,2,0,차대차 - 기타,안전운전불이행,건조,맑음,단일로 - 기타,승용,남,50세,상해없음,승합,남,49세,경상
2015050900100697,2015년 5월 9일 22시,토요일,인천광역시 부평구 구산동,중상사고,0,1,0,0,차대사람 - 횡단중,보행자보호의무위반,건조,맑음,단일로 - 횡단보도상,승합,남,44세,상해없음,보행자,여,49세,중상
2015050900100720,2015년 5월 9일 23시,토요일,인천광역시 부평구 십정동,중상사고,0,1,0,0,차대차 - 측면직각충돌,안전운전불이행,건조,맑음,교차로 - 교차로부근,이륜,남,24세,중상,승용,남,60세,상해없음
2015050900100721,2015년 5월 9일 23시,토요일,인천광역시 부평구 구산동,중상사고,0,1,7,0,차대차 - 추돌 - 주정차중,안전운전불이행,건조,맑음,단일로 - 기타,승합,남,42세,상해없음,승용,여,27세,중상
2015051000100020,2015년 5월 10일 00시,일요일,인천광역시 연수구 동춘동,중상사고,0,1,2,0,차대차 - 추돌 - 주정차중,안전운전불이행,건조,맑음,교차로 - 교차로부근,승합,여,54세,상해없음,승용,여,51세,중상
2015051000100110,2015년 5월 10일 07시,일요일,인천광역시 서구 대곡동,경상사고,0,0,1,0,차대사람 - 횡단중,보행자보호의무위반,건조,맑음,단일로 - 횡단보도상,화물,남,54세,상해없음,보행자,여,54세,경상
2015051000100131,2015년 5월 10일 08시,일요일,인천광역시 남동구 구월동,경상사고,0,0,2,0,차대차 - 추돌 - 주정차중,안전운전불이행,건조,맑음,단일로 - 기타,승용,남,52세,상해없음,승용,남,46세,경상
2015051000100179,2015년 5월 10일 10시,일요일,인천광역시 계양구 상야동,경상사고,0,0,2,0,차대차 - 측면직각충돌,안전운전불이행,건조,맑음,단일로 - 기타,승용,남,50세,상해없음,승용,남,46세,경상
2015051000100214,2015년 5월 10일 11시,일요일,인천광역시 서구 석남동,중상사고,0,1,0,0,차대차 - 추돌 - 진행중,기타,건조,맑음,교차로 - 교차로안,승합,남,26세,상해없음,승합,남,34세,중상
2015051000100240,2015년 5월 10일 12시,일요일,인천광역시 서구 공촌동,경상사고,0,0,4,0,차대차 - 측면직각충돌,신호위반,건조,맑음,교차로 - 교차로안,승용,남,60세,상해없음,승용,남,50세,경상
2015051000100274,2015년 5월 10일 13시,일요일,인천광역시 남동구 간석동,경상사고,0,0,1,0,차대차 - 측면직각충돌,기타,건조,맑음,교차로 - 교차로안,승용,남,45세,상해없음,승용,남,55세,경상
2015051000100275,2015년 5월 10일 13시,일요일,인천광역시 계양구 작전동,중상사고,0,1,2,0,차대차 - 측면직각충돌,신호위반,건조,맑음,교차로 - 교차로안,승용,남,59세,상해없음,승용,남,57세,중상
2015051000100313,2015년 5월 10일 14시,일요일,인천광역시 서구 가좌동,중상사고,0,1,0,0,차대차 - 정면충돌,중앙선침범,건조,맑음,단일로 - 터널,자전거,남,52세,중상,승용,남,58세,상해없음
2015051000100352,2015년 5월 10일 15시,일요일,인천광역시 계양구 효성동,경상사고,0,0,1,0,차대차 - 추돌 - 진행중,안전운전불이행,건조,맑음,교차로 - 교차로부근,승용,여,39세,기타불명,승용,여,54세,경상
2015051000100384,2015년 5월 10일 16시,일요일,인천광역시 남구 문학동,경상사고,0,0,3,0,차대차 - 측면직각충돌,직진우회전진행방해,건조,맑음,교차로 - 교차로안,승용,여,54세,경상,승합,남,38세,경상
2015051000100437,2015년 5월 10일 17시,일요일,인천광역시 남구 문학동,경상사고,0,0,2,0,차대차 - 측면직각충돌,신호위반,건조,맑음,단일로 - 기타,승용,남,44세,상해없음,승용,남,48세,경상
2015051000100461,2015년 5월 10일 18시,일요일,인천광역시 계양구 계산동,부상신고사고,0,0,0,1,차대차 - 기타,안전운전불이행,건조,맑음,단일로 - 기타,승합,여,53세,상해없음,이륜,남,20세,부상신고
2015051000100532,2015년 5월 10일 20시,일요일,인천광역시 남구 주안동,경상사고,0,0,2,0,차대사람 - 횡단중,안전운전불이행,건조,맑음,단일로 - 기타,승용,여,69세,상해없음,보행자,남,36세,경상
2015051000100578,2015년 5월 10일 22시,일요일,인천광역시 부평구 십정동,경상사고,0,0,1,0,차대사람 - 기타,신호위반,건조,맑음,교차로 - 교차로부근,원동기,남,32세,상해없음,보행자,남,35세,경상
2015051000100579,2015년 5월 10일 22시,일요일,인천광역시 부평구 청천동,경상사고,0,0,1,0,차대차 - 측면직각충돌,교차로운행방법위반,건조,맑음,교차로 - 교차로안,승용,남,58세,상해없음,원동기,남,16세,경상
2015051100100013,2015년 5월 11일 00시,월요일,인천광역시 부평구 부평동,경상사고,0,0,1,0,차대차 - 기타,신호위반,건조,맑음,교차로 - 교차로안,승용,남,20세,상해없음,승용,남,56세,상해없음
2015051100100026,2015년 5월 11일 01시,월요일,인천광역시 남구 주안동,경상사고,0,0,1,0,차대차 - 측면직각충돌,안전운전불이행,건조,맑음,기타 - 기타,이륜,남,20세,상해없음,승용,남,54세,상해없음
2015051100100027,2015년 5월 11일 01시,월요일,인천광역시 남구 숭의동,중상사고,0,1,0,0,차대사람 - 횡단중,안전운전불이행,건조,맑음,단일로 - 기타,승용,남,51세,상해없음,보행자,남,57세,중상
2015051100100034,2015년 5월 11일 02시,월요일,인천광역시 남동구 서창동,경상사고,0,0,1,0,차대차 - 측면직각충돌,안전거리미확보,건조,맑음,단일로 - 기타,화물,남,41세,경상,승용,여,31세,상해없음
2015051100100040,2015년 5월 11일 03시,월요일,인천광역시 중구 운서동,경상사고,0,0,4,0,차대차 - 측면직각충돌,안전운전불이행,건조,맑음,단일로 - 기타,승합,남,47세,상해없음,승용,남,49세,경상
2015051100100041,2015년 5월 11일 03시,월요일,인천광역시 남구 주안동,중상사고,0,5,0,0,차대차 - 측면직각충돌,신호위반,건조,맑음,교차로 - 교차로부근,화물,남,55세,상해없음,이륜,남,17세,중상
2015051100100077,2015년 5월 11일 06시,월요일,인천광역시 중구 중산동,부상신고사고,0,0,0,1,차대차 - 기타,안전거리미확보,건조,맑음,단일로 - 기타,원동기,남,56세,부상신고,건설기계,남,42세,상해없음
2015051100100078,2015년 5월 11일 06시,월요일,인천광역시 남동구 간석동,중상사고,0,1,0,0,차대차 - 측면직각충돌,안전운전불이행,건조,맑음,교차로 - 교차로부근,승용,남,62세,상해없음,자전거,여,71세,중상
2015051100100105,2015년 5월 11일 07시,월요일,인천광역시 중구 항동7가,경상사고,0,0,1,0,차대사람 - 횡단중,안전운전불이행,건조,맑음,교차로 - 교차로부근,화물,남,51세,상해없음,보행자,남,61세,경상
2015051100100106,2015년 5월 11일 07시,월요일,인천광역시 남동구 만수동,경상사고,0,0,1,0,차대사람 - 횡단중,보행자보호의무위반,건조,맑음,단일로 - 횡단보도상,승용,여,34세,상해없음,보행자,남,15세,경상
2015051100100141,2015년 5월 11일 08시,월요일,인천광역시 남구 관교동,중상사고,0,1,0,0,차대사람 - 횡단중,보행자보호의무위반,건조,맑음,단일로 - 횡단보도상,승합,남,67세,상해없음,보행자,여,17세,중상
2015051100100142,2015년 5월 11일 08시,월요일,인천광역시 남동구 간석동,경상사고,0,0,1,0,차대사람 - 차도통행중,안전운전불이행,건조,맑음,단일로 - 기타,승용,남,21세,상해없음,보행자,여,8세,경상
2015051100100143,2015년 5월 11일 08시,월요일,인천광역시 서구 가정동,경상사고,0,0,1,0,차대사람 - 횡단중,보행자보호의무위반,건조,맑음,교차로 - 교차로부근,승용,여,35세,상해없음,보행자,남,14세,경상
2015051100100144,2015년 5월 11일 08시,월요일,인천광역시 강화군 선원면,중상사고,0,1,1,0,차대차 - 측면직각충돌,안전운전불이행,건조,맑음,교차로 - 교차로안,화물,남,57세,중상,승용,여,41세,경상
2015051100100145,2015년 5월 11일 08시,월요일,인천광역시 강화군 강화읍,경상사고,0,0,1,0,차대사람 - 기타,안전운전불이행,건조,맑음,단일로 - 기타,화물,남,70세,상해없음,보행자,여,62세,경상
2015051100100224,2015년 5월 11일 10시,월요일,인천광역시 남동구 남촌동,경상사고,0,0,1,0,차대차 - 측면직각충돌,안전운전불이행,건조,맑음,단일로 - 기타,화물,남,62세,상해없음,승용,여,43세,경상
2015051100100315,2015년 5월 11일 13시,월요일,인천광역시 남동구 고잔동,중상사고,0,1,0,0,차대사람 - 횡단중,보행자보호의무위반,건조,맑음,단일로 - 횡단보도상,승합,남,50세,상해없음,보행자,여,69세,중상
2015051100100316,2015년 5월 11일 13시,월요일,인천광역시 남동구 남촌동,경상사고,0,0,1,0,차대차 - 측면직각충돌,안전운전불이행,건조,맑음,교차로 - 교차로안,승용,여,64세,상해없음,승용,남,62세,경상
2015051100100317,2015년 5월 11일 13시,월요일,인천광역시 서구 가좌동,중상사고,0,1,0,0,차대사람 - 횡단중,안전운전불이행,건조,맑음,단일로 - 기타,승용,남,43세,상해없음,보행자,여,7세,중상
2015051100100395,2015년 5월 11일 15시,월요일,인천광역시 남동구 구월동,중상사고,0,1,0,0,차대사람 - 횡단중,신호위반,건조,맑음,단일로 - 기타,승용,여,45세,상해없음,보행자,여,54세,중상
2015051100100396,2015년 5월 11일 15시,월요일,인천광역시 서구 대곡동,경상사고,0,0,1,0,차대차 - 측면직각충돌,안전운전불이행,건조,맑음,단일로 - 기타,승용,남,44세,상해없음,이륜,남,25세,경상
2015051100100397,2015년 5월 11일 15시,월요일,인천광역시 서구 마전동,경상사고,0,0,2,0,차대사람 - 보도통행중,기타,건조,맑음,단일로 - 기타,화물,남,55세,상해없음,보행자,남,10세,경상
2015051100100428,2015년 5월 11일 16시,월요일,인천광역시 서구 왕길동,경상사고,0,0,1,0,차대차 - 추돌 - 진행중,안전운전불이행,건조,맑음,단일로 - 기타,승용,남,68세,상해없음,승합,남,43세,상해없음