사고번호,사고일시,요일,시군구,사고내용,사망자수,중상자수,경상자수,부상신고자수,사고유형,법규위반,노면상태,기상상태,도로형태,가해운전자 차종,가해운전자 성별,가해운전자 연령,가해운전자 상해정도,피해운전자 차종,피해운전자 성별,피해운전자 연령,피해운전자 상해정도
2015051100100530,2015년 5월 11일 18시,월요일,인천광역시 남동구 서창동,경상사고,0,0,1,0,차대차 - 추돌 - 주정차중,안전운전불이행,습기,비,단일로 - 기타,승용,남,53세,상해없음,승용,여,41세,경상
2015051100100531,2015년 5월 11일 18시,월요일,인천광역시 서구 가좌동,중상사고,0,2,3,0,차대차 - 측면직각충돌,교차로운행방법위반,습기,비,교차로 - 교차로안,승용,남,35세,경상,승용,여,34세,중상
2015051100100532,2015년 5월 11일 18시,월요일,인천광역시 계양구 계산동,중상사고,0,1,2,0,차대차 - 추돌 - 진행중,안전운전불이행,습기,비,교차로 - 교차로부근,승용,남,35세,상해없음,승용,남,51세,상해없음
2015051100100587,2015년 5월 11일 19시,월요일,인천광역시 남구 주안동,경상사고,0,0,2,0,차대차 - 측면직각충돌,교차로운행방법위반,습기,비,교차로 - 교차로안,승용,여,29세,경상,승용,남,56세,경상
2015051100100588,2015년 5월 11일 19시,월요일,인천광역시 남구 주안동,중상사고,0,1,0,0,차대사람 - 횡단중,신호위반,습기,비,단일로 - 횡단보도상,이륜,남,24세,상해없음,보행자,여,56세,중상
2015051100100589,2015년 5월 11일 19시,월요일,인천광역시 남동구 만수동,경상사고,0,0,2,0,차대차 - 측면직각충돌,중앙선침범,습기,비,단일로 - 기타,승용,남,39세,상해없음,화물,남,45세,경상
2015051100100590,2015년 5월 11일 19시,월요일,인천광역시 남동구 남촌동,경상사고,0,0,1,0,차대차 - 추돌 - 진행중,안전운전불이행,습기,비,단일로 - 기타,승용,남,53세,상해없음,승용,여,33세,경상
2015051100100591,2015년 5월 11일 19시,월요일,인천광역시 계양구 작전동,경상사고,0,0,1,0,차대사람 - 횡단중,신호위반,습기,비,단일로 - 횡단보도상,승용,여,47세,상해없음,보행자,남,14세,경상
2015051100100649,2015년 5월 11일 20시,월요일,인천광역시 중구 신흥동3가,경상사고,0,0,1,0,차대차 - 추돌 - 진행중,안전운전불이행,습기,비,단일로 - 기타,승용,남,47세,상해없음,이륜,남,18세,경상
2015051100100650,2015년 5월 11일 20시,월요일,인천광역시 연수구 옥련동,경상사고,0,0,1,0,차대사람 - 기타,안전운전불이행,습기,비,교차로 - 교차로안,승용,남,58세,상해없음,보행자,남,53세,경상
2015051100100711,2015년 5월 11일 21시,월요일,인천광역시 동구 송현동,경상사고,0,0,2,0,차대차 - 정면충돌,신호위반,적설,비,교차로 - 교차로안,승용,남,59세,상해없음,승용,여,33세,경상
2015051100100712,2015년 5월 11일 21시,월요일,인천광역시 남구 주안동,경상사고,0,0,2,0,차대차 - 추돌 - 진행중,안전거리미확보,습기,비,단일로 - 기타,승용,남,29세,상해없음,승용,남,60세,경상
2015051100100713,2015년 5월 11일 21시,월요일,인천광역시 남구 학익동,경상사고,0,0,2,0,차대차 - 기타,안전운전불이행,습기,비,단일로 - 기타,승용,남,49세,상해없음,승용,남,47세,경상
2015051100100714,2015년 5월 11일 21시,월요일,인천광역시 계양구 작전동,중상사고,0,1,0,0,차대사람 - 횡단중,보행자보호의무위반,습기,비,교차로 - 교차로부근,화물,남,55세,상해없음,보행자,여,35세,중상
2015051100100715,2015년 5월 11일 21시,월요일,인천광역시 연수구 동춘동,경상사고,0,0,2,0,차대차 - 기타,안전운전불이행,습기,비,단일로 - 기타,승용,남,47세,상해없음,승용,남,73세,경상
2015051100100772,2015년 5월 11일 22시,월요일,인천광역시 남구 숭의동,경상사고,0,0,5,0,차대차 - 측면직각충돌,신호위반,습기,비,교차로 - 교차로안,승합,남,25세,상해없음,승용,남,39세,경상
2015051100100773,2015년 5월 11일 22시,월요일,인천광역시 서구 연희동,경상사고,0,0,2,0,차대차 - 추돌 - 진행중,안전운전불이행,건조,맑음,단일로 - 기타,승용,남,39세,상해없음,승용,남,43세,경상
2015051100100774,2015년 5월 11일 22시,월요일,인천광역시 계양구 용종동,부상신고사고,0,0,0,1,차대차 - 추돌 - 주정차중,안전운전불이행,습기,비,단일로 - 기타,기타불명,기타불명,기타불명,기타불명,승용,남,43세,부상신고
2015051100100824,2015년 5월 11일 23시,월요일,인천광역시 남구 주안동,경상사고,0,0,1,0,차대사람 - 횡단중,보행자보호의무위반,습기,비,단일로 - 횡단보도상,화물,남,44세,상해없음,보행자,남,35세,경상
2015051100100825,2015년 5월 11일 23시,월요일,인천광역시 부평구 청천동,경상사고,0,0,5,0,차대차 - 추돌 - 주정차중,안전운전불이행,습기,비,교차로 - 교차로부근,화물,남,37세,상해없음,승용,남,63세,경상
2015051100100826,2015년 5월 11일 23시,월요일,인천광역시 남동구 만수동,부상신고사고,0,0,0,1,차대사람 - 차도통행중,안전운전불이행,건조,맑음,단일로 - 횡단보도부근,승용,남,64세,상해없음,보행자,남,50세,부상신고
2015051100100827,2015년 5월 11일 23시,월요일,인천광역시 남동구 구월동,중상사고,0,1,0,0,차대사람 - 보도통행중,안전운전불이행,습기,비,교차로 - 교차로안,기타불명,기타불명,기타불명,기타불명,보행자,여,50세,중상
2015051100100828,2015년 5월 11일 23시,월요일,인천광역시 서구 가좌동,경상사고,0,0,2,0,차대차 - 추돌 - 주정차중,안전운전불이행,건조,맑음,단일로 - 기타,승용,여,42세,상해없음,승용,여,31세,경상
2015051100100829,2015년 5월 11일 23시,월요일,인천광역시 연수구 송도동,경상사고,0,0,2,0,차대차 - 기타,안전운전불이행,건조,맑음,단일로 - 기타,승용,남,57세,기타불명,승용,남,49세,상해없음
2015051100100830,2015년 5월 11일 23시,월요일,인천광역시 부평구 갈산동,중상사고,0,1,0,0,차대사람 - 횡단중,안전운전불이행,습기,비,교차로 - 교차로안,화물,남,36세,상해없음,보행자,남,58세,중상
2015051200100034,2015년 5월 12일 00시,화요일,인천광역시 남동구 고잔동,경상사고,0,0,1,0,차대차 - 추돌 - 주정차중,안전운전불이행,습기,비,교차로 - 교차로부근,화물,남,34세,상해없음,승용,여,48세,경상
2015051200100035,2015년 5월 12일 00시,화요일,인천광역시 연수구 청학동,중상사고,0,1,0,0,차대차 - 기타,신호위반,습기,비,교차로 - 교차로안,이륜,남,23세,중상,승용,남,54세,상해없음
2015051200100055,2015년 5월 12일 01시,화요일,인천광역시 남구 주안동,중상사고,0,1,2,0,차대차 - 기타,안전운전불이행,습기,비,교차로 - 교차로부근,승용,여,25세,중상,승용,남,66세,경상
2015051200100083,2015년 5월 12일 03시,화요일,인천광역시 계양구 계산동,중상사고,0,1,0,0,차대사람 - 기타,안전운전불이행,습기,비,단일로 - 기타,승용,여,55세,상해없음,보행자,남,50세,중상
2015051200100084,2015년 5월 12일 03시,화요일,인천광역시 계양구 효성동,중상사고,0,1,0,0,차대차 - 측면직각충돌,안전운전불이행,습기,비,단일로 - 기타,승용,남,37세,상해없음,화물,남,45세,중상
2015051200100101,2015년 5월 12일 04시,화요일,인천광역시 서구 대곡동,경상사고,0,0,1,0,차대차 - 측면직각충돌,안전운전불이행,습기,비,교차로 - 교차로부근,승용,여,49세,상해없음,승용,남,35세,경상
2015051200100111,2015년 5월 12일 05시,화요일,인천광역시 남구 주안동,경상사고,0,0,1,0,차대차 - 추돌 - 진행중,안전운전불이행,건조,맑음,단일로 - 기타,승용,남,26세,상해없음,승용,남,66세,상해없음
2015051200100125,2015년 5월 12일 06시,화요일,인천광역시 서구 가정동,경상사고,0,0,1,0,차대차 - 측면직각충돌,안전운전불이행,건조,맑음,단일로 - 기타,승용,남,47세,상해없음,화물,남,54세,경상
2015051200100126,2015년 5월 12일 06시,화요일,인천광역시 서구 검암동,경상사고,0,0,5,0,차대차 - 추돌 - 진행중,차로위반,건조,맑음,단일로 - 기타,승합,남,44세,상해없음,승용,남,47세,경상
2015051200100143,2015년 5월 12일 07시,화요일,인천광역시 남동구 논현동,부상신고사고,0,0,0,1,차대차 - 측면직각충돌,중앙선침범,건조,맑음,단일로 - 기타,승용,남,34세,상해없음,승용,남,40세,부상신고
2015051200100144,2015년 5월 12일 07시,화요일,인천광역시 부평구 삼산동,경상사고,0,0,1,0,차대차 - 측면직각충돌,안전운전불이행,건조,맑음,교차로 - 교차로안,승용,남,54세,상해없음,화물,남,58세,경상
2015051200100230,2015년 5월 12일 09시,화요일,인천광역시 부평구 부평동,중상사고,0,1,0,0,차량단독 - 도로외이탈 - 추락,안전운전불이행,건조,맑음,교차로 - 교차로부근,화물,남,66세,상해없음,,,,
2015051200100231,2015년 5월 12일 09시,화요일,인천광역시 서구 경서동,경상사고,0,0,2,0,차대차 - 측면직각충돌,신호위반,건조,맑음,교차로 - 교차로안,건설기계,남,68세,상해없음,승용,남,29세,경상
2015051200100256,2015년 5월 12일 10시,화요일,인천광역시 부평구 부평동,중상사고,0,1,0,0,차대사람 - 횡단중,안전운전불이행,건조,맑음,교차로 - 교차로안,건설기계,남,48세,상해없음,보행자,여,80세,중상
2015051200100294,2015년 5월 12일 11시,화요일,인천광역시 강화군 강화읍,경상사고,0,0,1,0,차대차 - 기타,안전운전불이행,건조,맑음,기타 - 기타,승용,여,58세,상해없음,승용,남,61세,경상
2015051200100354,2015년 5월 12일 13시,화요일,인천광역시 남동구 만수동,경상사고,0,0,1,0,차대차 - 측면직각충돌,안전운전불이행,건조,맑음,단일로 - 기타,화물,남,61세,상해없음,승용,여,47세,경상
2015051200100442,2015년 5월 12일 16시,화요일,인천광역시 계양구 작전동,중상사고,0,1,0,0,차대사람 - 기타,안전운전불이행,건조,맑음,교차로 - 교차로부근,승합,남,41세,상해없음,보행자,남,16세,중상
2015051200100485,2015년 5월 12일 17시,화요일,인천광역시 서구 당하동,중상사고,0,1,0,0,차대사람 - 횡단중,안전운전불이행,건조,맑음,교차로 - 교차로부근,화물,남,43세,상해없음,보행자,남,7세,중상
2015051200100511,2015년 5월 12일 18시,화요일,인천광역시 부평구 갈산동,중상사고,0,1,0,0,차대차 - 측면직각충돌,교차로운행방법위반,건조,맑음,교차로 - 교차로안,원동기,여,52세,중상,승용,남,32세,상해없음
2015051200100555,2015년 5월 12일 19시,화요일,인천광역시 남구 주안동,경상사고,0,0,1,0,차대차 - 기타,안전운전불이행,습기,비,단일로 - 기타,승합,남,59세,기타불명,원동기,남,16세,경상
2015051200100594,2015년 5월 12일 20시,화요일,인천광역시 서구 석남동,중상사고,0,2,0,0,차대차 - 측면직각충돌,안전운전불이행,건조,맑음,교차로 - 교차로안,승용,남,22세,상해없음,승용,남,49세,중상
2015051200100627,2015년 5월 12일 21시,화요일,인천광역시 계양구 병방동,경상사고,0,0,1,0,차대차 - 추돌 - 주정차중,안전운전불이행,건조,맑음,단일로 - 기타,화물,남,43세,상해없음,이륜,남,30세,경상
2015051200100655,2015년 5월 12일 22시,화요일,인천광역시 연수구 연수동,중상사고,0,1,3,0,차대차 - 측면직각충돌,안전운전불이행,건조,맑음,교차로 - 교차로안,승용,남,29세,상해없음,승용,남,28세,중상
2015051200100683,2015년 5월 12일 23시,화요일,인천광역시 부평구 부평동,부상신고사고,0,0,0,1,차대사람 - 기타,중앙선침범,건조,맑음,교차로 - 교차로안,승용,남,61세,상해없음,보행자,남,35세,부상신고
2015051300100021,2015년 5월 13일 00시,수요일,인천광역시 부평구 청천동,경상사고,0,0,2,0,차대차 - 추돌 - 진행중,안전운전불이행,습기,비,교차로 - 교차로부근,화물,남,47세,상해없음,승용,남,41세,경상
2015051300100087,2015년 5월 13일 06시,수요일,인천광역시 중구 운서동,부상신고사고,0,0,0,6,차대차 - 추돌 - 주정차중,안전거리미확보,건조,맑음,단일로 - 기타,승용,남,43세,상해없음,화물,남,59세,부상신고
2015051300100122,2015년 5월 13일 07시,수요일,인천광역시 부평구 구산동,중상사고,0,1,0,0,차대사람 - 횡단중,신호위반,건조,맑음,단일로 - 횡단보도상,승용,남,58세,상해없음,보행자,남,28세,중상
2015051300100178,2015년 5월 13일 08시,수요일,인천광역시 부평구 산곡동,부상신고사고,0,0,0,2,차대차 - 측면직각충돌,차로위반,건조,맑음,교차로 - 교차로안,승합,남,61세,상해없음,승용,남,33세,부상신고
2015051300100179,2015년 5월 13일 08시,수요일,인천광역시 남동구 간석동,중상사고,0,1,0,0,차대사람 - 횡단중,안전운전불이행,건조,맑음,단일로 - 기타,승용,남,21세,상해없음,보행자,남,4세,중상
2015051300100180,2015년 5월 13일 08시,수요일,인천광역시 서구 가정동,중상사고,0,1,0,0,차대사람 - 횡단중,안전운전불이행,건조,맑음,단일로 - 기타,승합,남,56세,상해없음,보행자,여,75세,중상
2015051300100225,2015년 5월 13일 09시,수요일,인천광역시 남구 주안동,경상사고,0,0,2,0,차대차 - 기타,안전운전불이행,건조,맑음,단일로 - 기타,승용,여,51세,상해없음,승용,여,53세,경상
2015051300100226,2015년 5월 13일 09시,수요일,인천광역시 연수구 연수동,경상사고,0,0,1,0,차대차 - 기타,안전운전불이행,건조,맑음,단일로 - 기타,승용,남,58세,상해없음,승용,남,47세,경상
2015051300100266,2015년 5월 13일 10시,수요일,인천광역시 연수구 동춘동,중상사고,0,1,0,0,차량단독 - 전도전복,안전운전불이행,건조,맑음,단일로 - 기타,원동기,남,79세,중상,,,,
2015051300100316,2015년 5월 13일 12시,수요일,인천광역시 남구 용현동,경상사고,0,0,1,0,차대사람 - 횡단중,보행자보호의무위반,건조,맑음,단일로 - 횡단보도상,화물,남,24세,상해없음,보행자,남,85세,경상
2015051300100347,2015년 5월 13일 13시,수요일,인천광역시 부평구 청천동,경상사고,0,0,1,0,차대차 - 기타,신호위반,건조,맑음,교차로 - 교차로안,승용,여,56세,상해없음,화물,남,53세,경상
2015051300100381,2015년 5월 13일 14시,수요일,인천광역시 남구 문학동,경상사고,0,0,1,0,차대사람 - 횡단중,안전운전불이행,건조,맑음,단일로 - 기타,승용,여,60세,기타불명,보행자,여,10세,경상
2015051300100382,2015년 5월 13일 14시,수요일,인천광역시 서구 당하동,부상신고사고,0,0,0,1,차대사람 - 길가장자리구역통행중,안전운전불이행,건조,맑음,단일로 - 횡단보도부근,승용,여,59세,상해없음,보행자,남,33세,부상신고
2015051300100428,2015년 5월 13일 15시,수요일,인천광역시 남구 학익동,중상사고,0,1,0,0,차대차 - 기타,중앙선침범,건조,맑음,단일로 - 기타,승용,남,32세,상해없음,승용,남,57세,중상
2015051300100429,2015년 5월 13일 15시,수요일,인천광역시 남동구 만수동,경상사고,0,0,2,0,차대차 - 측면직각충돌,안전거리미확보,건조,맑음,단일로 - 기타,화물,남,27세,상해없음,승용,여,60세,경상
2015051300100430,2015년 5월 13일 15시,수요일,인천광역시 남동구 구월동,경상사고,0,0,1,0,차대차 - 추돌 - 진행중,안전운전불이행,건조,맑음,단일로 - 기타,기타불명,기타불명,기타불명,기타불명,원동기,남,16세,경상
2015051300100559,2015년 5월 13일 18시,수요일,인천광역시 남구 학익동,경상사고,0,0,1,0,차대사람 - 횡단중,안전운전불이행,건조,맑음,기타 - 기타,승용,남,33세,상해없음,보행자,남,7세,경상
2015051300100560,2015년 5월 13일 18시,수요일,인천광역시 서구 가좌동,경상사고,0,0,2,0,차대차 - 측면직각충돌,신호위반,건조,맑음,교차로 - 교차로안,승합,남,44세,상해없음,화물,남,77세,경상
2015051300100601,2015년 5월 13일 19시,수요일,인천광역시 남동구 간석동,경상사고,0,0,1,0,차대차 - 정면충돌,신호위반,건조,맑음,교차로 - 교차로안,승용,여,37세,상해없음,승용,여,69세,경상
2015051300100682,2015년 5월 13일 22시,수요일,인천광역시 계양구 동양동,중상사고,0,1,0,0,차대차 - 측면직각충돌,기타,건조,맑음,교차로 - 교차로안,승용,남,31세,상해없음,이륜,남,16세,중상
2015051300100707,2015년 5월 13일 23시,수요일,인천광역시 남구 용현동,경상사고,0,0,1,0,차대차 - 측면직각충돌,안전운전불이행,건조,맑음,단일로 - 기타,승용,남,28세,상해없음,승용,남,34세,경상
2015051300100708,2015년 5월 13일 23시,수요일,인천광역시 강화군 양도면,경상사고,0,0,1,0,차대차 - 기타,안전운전불이행,건조,맑음,단일로 - 기타,승용,남,36세,상해없음,특수,남,19세,경상
2015051400100013,2015년 5월 14일 00시,목요일,인천광역시 남동구 도림동,경상사고,0,0,2,0,차대차 - 측면직각충돌,안전운전불이행,건조,맑음,교차로 - 교차로부근,승용,남,48세,상해없음,승용,남,55세,경상
2015051400100069,2015년 5월 14일 06시,목요일,인천광역시 부평구 십정동,중상사고,0,1,0,0,차대사람 - 횡단중,중앙선침범,건조,맑음,단일로 - 기타,승용,남,51세,상해없음,보행자,여,63세,중상
2015051400100070,2015년 5월 14일 06시,목요일,인천광역시 부평구 부평동,경상사고,0,0,1,0,차대차 - 기타,안전운전불이행,건조,맑음,단일로 - 기타,승용,남,60세,상해없음,승용,남,43세,경상
2015051400100071,2015년 5월 14일 06시,목요일,인천광역시 남동구 논현동,경상사고,0,0,1,0,차대차 - 측면직각충돌,신호위반,건조,맑음,단일로 - 기타,승용,남,33세,상해없음,자전거,남,35세,경상
2015051400100101,2015년 5월 14일 07시,목요일,인천광역시 계양구 계산동,경상사고,0,0,1,0,차대사람 - 기타,기타,건조,맑음,단일로 - 기타,승합,남,52세,상해없음,보행자,남,38세,경상
2015051400100143,2015년 5월 14일 08시,목요일,인천광역시 남동구 간석동,중상사고,0,1,0,0,차대차 - 측면직각충돌,차로위반,건조,맑음,단일로 - 기타,승용,여,57세,상해없음,원동기,남,37세,중상
2015051400100180,2015년 5월 14일 09시,목요일,인천광역시 서구 심곡동,경상사고,0,0,1,0,차대사람 - 보도통행중,안전운전불이행,건조,맑음,단일로 - 기타,승용,여,65세,상해없음,보행자,여,31세,경상
2015051400100248,2015년 5월 14일 12시,목요일,인천광역시 부평구 부평동,경상사고,0,0,1,0,차대차 - 기타,안전운전불이행,건조,맑음,교차로 - 교차로안,승용,여,67세,상해없음,원동기,여,43세,경상
2015051400100249,2015년 5월 14일 12시,목요일,인천광역시 부평구 부평동,경상사고,0,0,1,0,차대차 - 정면충돌,신호위반,건조,맑음,교차로 - 교차로안,승합,남,55세,상해없음,승용,남,42세,경상
2015051400100250,2015년 5월 14일 12시,목요일,인천광역시 계양구 효성동,경상사고,0,0,1,0,차대사람 - 횡단중,보행자보호의무위반,건조,맑음,교차로 - 교차로안,승용,여,48세,상해없음,보행자,여,23세,경상
2015051400100333,2015년 5월 14일 15시,목요일,인천광역시 부평구 십정동,중상사고,0,1,0,0,차대사람 - 기타,안전운전불이행,건조,맑음,단일로 - 기타,승용,여,32세,상해없음,보행자,여,78세,중상
2015051400100334,2015년 5월 14일 15시,목요일,인천광역시 남동구 논현동,경상사고,0,0,1,0,차대차 - 추돌 - 주정차중,안전운전불이행,건조,맑음,단일로 - 기타,승용,남,51세,상해없음,승용,남,51세,경상
2015051400100372,2015년 5월 14일 16시,목요일,인천광역시 계양구 효성동,경상사고,0,0,1,0,차대사람 - 횡단중,안전운전불이행,건조,맑음,단일로 - 기타,승용,남,59세,상해없음,보행자,여,9세,경상
2015051400100413,2015년 5월 14일 17시,목요일,인천광역시 남동구 남촌동,경상사고,0,0,1,0,차대사람 - 보도통행중,안전운전불이행,건조,맑음,단일로 - 기타,승합,남,35세,상해없음,보행자,여,7세,경상
2015051400100459,2015년 5월 14일 18시,목요일,인천광역시 연수구 송도동,중상사고,0,1,0,0,차대차 - 기타,안전운전불이행,건조,맑음,교차로 - 교차로부근,승용,남,33세,상해없음,자전거,여,21세,중상
2015051400100497,2015년 5월 14일 19시,목요일,인천광역시 남구 도화동,경상사고,0,0,1,0,차대사람 - 길가장자리구역통행중,안전운전불이행,건조,맑음,단일로 - 기타,승용,남,70세,상해없음,보행자,여,24세,경상
2015051400100498,2015년 5월 14일 19시,목요일,인천광역시 남동구 구월동,중상사고,0,1,0,0,차대차 - 추돌 - 진행중,안전운전불이행,건조,맑음,단일로 - 기타,승용,남,46세,상해없음,승용,남,33세,중상
2015051400100536,2015년 5월 14일 20시,목요일,인천광역시 남동구 만수동,중상사고,0,1,0,0,차대차 - 측면직각충돌,신호위반,건조,맑음,교차로 - 교차로안,승용,남,33세,상해없음,자전거,남,15세,중상
2015051400100537,2015년 5월 14일 20시,목요일,인천광역시 남동구 도림동,경상사고,0,0,2,0,차대차 - 측면직각충돌,신호위반,건조,맑음,교차로 - 교차로안,화물,남,54세,상해없음,승용,남,44세,경상
2015051400100538,2015년 5월 14일 20시,목요일,인천광역시 계양구 작전동,중상사고,0,1,0,0,차대사람 - 기타,안전운전불이행,건조,맑음,단일로 - 기타,승용,여,41세,상해없음,보행자,여,67세,중상
2015051400100567,2015년 5월 14일 21시,목요일,인천광역시 부평구 부평동,중상사고,0,1,0,0,차대차 - 측면직각충돌,신호위반,건조,맑음,교차로 - 교차로안,승용,기타불명,기타불명,기타불명,승용,남,50세,중상
2015051400100601,2015년 5월 14일 22시,목요일,인천광역시 남동구 구월동,경상사고,0,0,1,0,차대차 - 추돌 - 진행중,안전운전불이행,건조,맑음,교차로 - 교차로안,기타불명,기타불명,기타불명,기타불명,승용,남,56세,경상
2015051500100040,2015년 5월 15일 01시,금요일,인천광역시 남동구 구월동,경상사고,0,0,2,0,차대차 - 측면직각충돌,안전거리미확보,건조,맑음,단일로 - 기타,승용,여,61세,상해없음,승용,남,28세,경상
2015051500100058,2015년 5월 15일 02시,금요일,인천광역시 남동구 간석동,중상사고,0,1,1,0,차량단독 - 공작물충돌,안전운전불이행,건조,맑음,교차로 - 교차로안,이륜,남,17세,경상,,,,
2015051500100101,2015년 5월 15일 06시,금요일,인천광역시 계양구 계산동,중상사고,0,1,0,0,차대사람 - 기타,안전운전불이행,건조,맑음,교차로 - 교차로안,승용,남,65세,상해없음,보행자,여,61세,중상
2015051500100199,2015년 5월 15일 09시,금요일,인천광역시 부평구 부평동,경상사고,0,0,1,0,차대차 - 측면직각충돌,교차로운행방법위반,건조,맑음,교차로 - 교차로안,화물,남,34세,상해없음,승용,여,40세,경상
2015051500100232,2015년 5월 15일 10시,금요일,인천광역시 남동구 구월동,경상사고,0,0,1,0,차대차 - 측면직각충돌,안전운전불이행,건조,맑음,단일로 - 기타,승용,남,62세,상해없음,승용,남,39세,경상
2015051500100268,2015년 5월 15일 11시,금요일,인천광역시 중구 운서동,중상사고,0,1,0,0,차대사람 - 횡단중,보행자보호의무위반,건조,맑음,교차로 - 교차로안,화물,남,53세,상해없음,보행자,여,24세,중상
2015051500100269,2015년 5월 15일 11시,금요일,인천광역시 남동구 간석동,중상사고,0,1,0,0,차대차 - 측면직각충돌,안전운전불이행,건조,맑음,교차로 - 교차로안,자전거,남,71세,중상,화물,남,32세,상해없음
2015051500100309,2015년 5월 15일 12시,금요일,인천광역시 중구 인현동,경상사고,0,0,1,0,차대사람 - 기타,안전운전불이행,건조,맑음,기타 - 기타,화물,남,40세,기타불명,보행자,여,58세,경상
2015051500100310,2015년 5월 15일 12시,금요일,인천광역시 계양구 계산동,중상사고,0,2,0,0,차대차 - 측면직각충돌,차로위반,건조,맑음,교차로 - 교차로부근,승용,남,77세,상해없음,승용,여,20세,중상
2015051500100333,2015년 5월 15일 13시,금요일,인천광역시 부평구 부평동,경상사고,0,0,1,0,차대사람 - 기타,기타,건조,맑음,단일로 - 기타,승용,남,47세,상해없음,보행자,남,42세,경상
2015051500100365,2015년 5월 15일 14시,금요일,인천광역시 남동구 구월동,경상사고,0,0,1,0,차대사람 - 보도통행중,보행자보호의무위반,건조,맑음,단일로 - 횡단보도상,승용,기타불명,기타불명,기타불명,보행자,여,16세,경상
2015051500100410,2015년 5월 15일 15시,금요일,인천광역시 계양구 병방동,경상사고,0,0,1,0,차대사람 - 보도통행중,신호위반,건조,맑음,교차로 - 교차로안,승용,여,30세,상해없음,보행자,남,11세,경상
2015051500100438,2015년 5월 15일 16시,금요일,인천광역시 동구 송현동,경상사고,0,0,1,0,차대사람 - 기타,안전운전불이행,건조,맑음,단일로 - 기타,화물,남,48세,상해없음,보행자,남,21세,경상
2015051500100439,2015년 5월 15일 16시,금요일,인천광역시 중구 신흥동3가,경상사고,0,0,1,0,차량단독 - 기타,안전운전불이행,건조,맑음,교차로 - 교차로부근,승합,남,57세,상해없음,,,,
2015051500100440,2015년 5월 15일 16시,금요일,인천광역시 남구 도화동,경상사고,0,0,1,0,차대사람 - 기타,안전운전불이행,건조,맑음,교차로 - 교차로안,기타불명,기타불명,기타불명,기타불명,보행자,여,43세,경상
2015051500100488,2015년 5월 15일 17시,금요일,인천광역시 중구 답동,경상사고,0,0,1,0,차대차 - 측면직각충돌,안전운전불이행,건조,맑음,단일로 - 기타,승용,기타불명,기타불명,기타불명,승용,여,54세,경상
2015051500100489,2015년 5월 15일 17시,금요일,인천광역시 남구 학익동,경상사고,0,0,1,2,차대차 - 추돌 - 주정차중,안전운전불이행,건조,맑음,교차로 - 교차로부근,승용,여,58세,상해없음,승용,여,30세,경상
2015051500100490,2015년 5월 15일 17시,금요일,인천광역시 서구 석남동,경상사고,0,0,1,0,차대차 - 추돌 - 진행중,안전운전불이행,건조,맑음,단일로 - 기타,승합,남,65세,상해없음,승합,남,51세,경상
2015051500100537,2015년 5월 15일 18시,금요일,인천광역시 부평구 청천동,경상사고,0,0,1,0,차대차 - 추돌 - 주정차중,안전운전불이행,건조,맑음,단일로 - 기타,화물,남,59세,상해없음,승용,남,36세,경상
2015051500100538,2015년 5월 15일 18시,금요일,인천광역시 서구 심곡동,경상사고,0,0,2,0,차대차 - 측면직각충돌,안전거리미확보,건조,맑음,교차로 - 교차로부근,승용,남,55세,상해없음,화물,남,34세,경상
2015051500100581,2015년 5월 15일 19시,금요일,인천광역시 부평구 부평동,경상사고,0,0,1,0,차대사람 - 기타,안전운전불이행,건조,맑음,단일로 - 기타,기타불명,기타불명,기타불명,기타불명,보행자,여,12세,경상
2015051500100583,2015년 5월 15일 19시,금요일,인천광역시 남동구 서창동,중상사고,0,1,0,0,차대사람 - 기타,안전운전불이행,건조,맑음,단일로 - 기타,승합,남,37세,상해없음,보행자,남,73세,중상
2015051500100584,2015년 5월 15일 19시,금요일,인천광역시 연수구 송도동,중상사고,0,1,0,0,차대차 - 기타,안전운전불이행,건조,맑음,교차로 - 교차로안,승용,남,60세,상해없음,자전거,남,12세,중상
2015051500100585,2015년 5월 15일 19시,금요일,인천광역시 부평구 청천동,경상사고,0,0,2,0,차대차 - 추돌 - 진행중,안전운전불이행,건조,맑음,단일로 - 기타,승용,남,52세,기타불명,승용,남,45세,경상
2015051500100620,2015년 5월 15일 20시,금요일,인천광역시 계양구 작전동,경상사고,0,0,1,0,차대차 - 측면직각충돌,안전운전불이행,건조,맑음,교차로 - 교차로부근,승용,남,54세,상해없음,이륜,남,43세,경상
2015051500100621,2015년 5월 15일 20시,금요일,인천광역시 계양구 계산동,중상사고,0,1,0,0,차대사람 - 차도통행중,안전운전불이행,건조,맑음,단일로 - 기타,승용,남,30세,상해없음,보행자,여,11세,중상
2015051500100669,2015년 5월 15일 21시,금요일,인천광역시 서구 금곡동,경상사고,0,0,6,0,차대차 - 측면직각충돌,신호위반,건조,맑음,교차로 - 교차로안,승합,남,44세,상해없음,승용,남,41세,경상
2015051500100670,2015년 5월 15일 21시,금요일,인천광역시 계양구 동양동,중상사고,0,1,1,0,차대사람 - 횡단중,보행자보호의무위반,건조,맑음,교차로 - 교차로부근,승용,여,35세,상해없음,보행자,여,34세,중상