사고번호,사고일시,요일,시군구,사고내용,사망자수,중상자수,경상자수,부상신고자수,사고유형,법규위반,노면상태,기상상태,도로형태,가해운전자 차종,가해운전자 성별,가해운전자 연령,가해운전자 상해정도,피해운전자 차종,피해운전자 성별,피해운전자 연령,피해운전자 상해정도
2015051500100671,2015년 5월 15일 21시,금요일,인천광역시 계양구 계산동,중상사고,0,1,1,0,차대차 - 측면직각충돌,안전운전불이행,건조,맑음,교차로 - 교차로안,화물,남,40세,상해없음,승용,남,30세,상해없음
2015051500100720,2015년 5월 15일 22시,금요일,인천광역시 부평구 산곡동,중상사고,0,1,3,0,차대차 - 추돌 - 주정차중,안전운전불이행,건조,맑음,단일로 - 기타,승용,남,45세,상해없음,승용,남,40세,중상
2015051500100759,2015년 5월 15일 23시,금요일,인천광역시 남구 학익동,경상사고,0,0,1,0,차대차 - 추돌 - 진행중,안전운전불이행,건조,맑음,교차로 - 교차로부근,승용,남,29세,상해없음,승용,남,44세,경상
2015051500100760,2015년 5월 15일 23시,금요일,인천광역시 서구 공촌동,중상사고,0,1,0,0,차대사람 - 횡단중,안전운전불이행,건조,맑음,교차로 - 교차로안,승용,여,56세,상해없음,보행자,남,61세,중상
2015051600100052,2015년 5월 16일 01시,토요일,인천광역시 남구 주안동,중상사고,0,1,0,0,차대사람 - 횡단중,안전운전불이행,건조,맑음,교차로 - 교차로부근,승합,남,34세,상해없음,보행자,남,23세,중상
2015051600100073,2015년 5월 16일 02시,토요일,인천광역시 계양구 작전동,경상사고,0,0,1,0,차대차 - 측면직각충돌,안전운전불이행,건조,맑음,교차로 - 교차로안,승용,남,65세,상해없음,승용,남,60세,경상
2015051600100089,2015년 5월 16일 03시,토요일,인천광역시 남구 주안동,중상사고,0,2,1,1,차대차 - 추돌 - 진행중,안전운전불이행,건조,맑음,단일로 - 횡단보도부근,승용,남,23세,부상신고,승용,남,58세,중상
2015051600100106,2015년 5월 16일 04시,토요일,인천광역시 남동구 간석동,경상사고,0,0,1,0,차대차 - 측면직각충돌,신호위반,건조,맑음,단일로 - 기타,승용,남,42세,상해없음,승용,남,67세,경상
2015051600100141,2015년 5월 16일 06시,토요일,인천광역시 계양구 작전동,경상사고,0,0,4,0,차대차 - 측면직각충돌,안전운전불이행,건조,맑음,단일로 - 기타,승용,남,29세,상해없음,승용,여,48세,경상
2015051600100156,2015년 5월 16일 07시,토요일,인천광역시 남구 도화동,중상사고,0,1,1,0,차대차 - 기타,중앙선침범,건조,맑음,단일로 - 기타,승용,남,35세,상해없음,화물,남,29세,경상
2015051600100157,2015년 5월 16일 07시,토요일,인천광역시 계양구 임학동,중상사고,0,1,0,0,차대사람 - 횡단중,안전운전불이행,건조,맑음,교차로 - 교차로부근,화물,남,40세,상해없음,보행자,남,58세,중상
2015051600100158,2015년 5월 16일 07시,토요일,인천광역시 부평구 부개동,중상사고,0,1,0,0,차대차 - 정면충돌,중앙선침범,건조,맑음,단일로 - 기타,승용,남,47세,상해없음,승용,남,40세,중상
2015051600100159,2015년 5월 16일 07시,토요일,인천광역시 계양구 노오지동,경상사고,0,0,1,0,차대차 - 추돌 - 진행중,안전운전불이행,건조,맑음,단일로 - 기타,승용,남,22세,상해없음,승용,여,39세,경상
2015051600100187,2015년 5월 16일 08시,토요일,인천광역시 남동구 간석동,경상사고,0,0,1,0,차대사람 - 차도통행중,안전운전불이행,건조,맑음,단일로 - 횡단보도부근,승용,여,27세,상해없음,보행자,남,52세,경상
2015051600100210,2015년 5월 16일 09시,토요일,인천광역시 남동구 수산동,중상사고,0,1,0,0,차대차 - 측면직각충돌,과속,건조,맑음,단일로 - 기타,승용,남,26세,상해없음,승용,여,56세,중상
2015051600100211,2015년 5월 16일 09시,토요일,인천광역시 연수구 송도동,중상사고,0,1,0,0,차대사람 - 횡단중,보행자보호의무위반,건조,맑음,단일로 - 기타,승용,남,54세,상해없음,보행자,남,69세,중상
2015051600100372,2015년 5월 16일 13시,토요일,인천광역시 연수구 동춘동,중상사고,0,1,0,0,차대차 - 기타,안전운전불이행,건조,맑음,교차로 - 교차로부근,승용,남,67세,상해없음,자전거,남,23세,중상
2015051600100415,2015년 5월 16일 14시,토요일,인천광역시 남동구 만수동,경상사고,0,0,2,0,차대차 - 추돌 - 진행중,안전운전불이행,건조,맑음,단일로 - 기타,승용,남,52세,상해없음,승용,남,59세,경상
2015051600100416,2015년 5월 16일 14시,토요일,인천광역시 서구 당하동,중상사고,0,1,0,0,차대사람 - 보도통행중,보행자보호의무위반,건조,맑음,단일로 - 기타,화물,남,31세,상해없음,보행자,남,35세,중상
2015051600100511,2015년 5월 16일 16시,토요일,인천광역시 서구 연희동,경상사고,0,0,2,0,차대차 - 추돌 - 진행중,안전운전불이행,건조,맑음,단일로 - 기타,승용,남,36세,상해없음,승용,남,59세,경상
2015051600100513,2015년 5월 16일 16시,토요일,인천광역시 연수구 옥련동,경상사고,0,0,3,0,차대차 - 추돌 - 주정차중,안전거리미확보,건조,맑음,교차로 - 교차로부근,승용,남,62세,상해없음,승용,여,49세,경상
2015051600100570,2015년 5월 16일 17시,토요일,인천광역시 계양구 계산동,중상사고,0,1,0,0,차대차 - 추돌 - 진행중,안전운전불이행,건조,맑음,단일로 - 기타,승용,남,44세,상해없음,승용,여,55세,중상
2015051600100571,2015년 5월 16일 17시,토요일,인천광역시 연수구 옥련동,경상사고,0,0,2,0,차대차 - 기타,안전운전불이행,건조,맑음,단일로 - 기타,승용,남,41세,상해없음,승용,여,29세,경상
2015051600100628,2015년 5월 16일 18시,토요일,인천광역시 부평구 청천동,경상사고,0,0,2,0,차대차 - 기타,안전거리미확보,건조,맑음,단일로 - 기타,승용,남,46세,상해없음,승용,남,37세,경상
2015051600100629,2015년 5월 16일 18시,토요일,인천광역시 남동구 간석동,중상사고,0,1,0,0,차대차 - 추돌 - 주정차중,안전운전불이행,건조,맑음,단일로 - 기타,승용,여,53세,상해없음,승용,남,27세,중상
2015051600100630,2015년 5월 16일 18시,토요일,인천광역시 남동구 구월동,부상신고사고,0,0,0,1,차대차 - 측면직각충돌,신호위반,건조,맑음,단일로 - 기타,이륜,남,20세,상해없음,이륜,남,28세,부상신고
2015051600100699,2015년 5월 16일 20시,토요일,인천광역시 남동구 간석동,경상사고,0,0,1,0,차대사람 - 길가장자리구역통행중,안전운전불이행,건조,맑음,교차로 - 교차로부근,승용,기타불명,기타불명,기타불명,보행자,남,11세,경상
2015051700100042,2015년 5월 17일 01시,일요일,인천광역시 부평구 부평동,중상사고,0,1,0,0,차대차 - 측면직각충돌,신호위반,건조,맑음,교차로 - 교차로안,승용,남,24세,상해없음,승용,남,65세,중상
2015051700100076,2015년 5월 17일 03시,일요일,인천광역시 연수구 청학동,경상사고,0,0,1,0,차대차 - 기타,안전운전불이행,건조,맑음,단일로 - 기타,승용,여,36세,상해없음,승용,남,60세,경상
2015051700100096,2015년 5월 17일 05시,일요일,인천광역시 남동구 구월동,경상사고,0,0,1,0,차대차 - 측면직각충돌,신호위반,습기,맑음,교차로 - 교차로안,승용,기타불명,기타불명,기타불명,승용,남,52세,경상
2015051700100097,2015년 5월 17일 05시,일요일,인천광역시 부평구 부평동,경상사고,0,0,2,0,차대차 - 측면직각충돌,신호위반,건조,맑음,교차로 - 교차로안,승용,남,23세,상해없음,승용,남,54세,경상
2015051700100117,2015년 5월 17일 06시,일요일,인천광역시 남동구 논현동,중상사고,0,2,1,0,차대차 - 측면직각충돌,신호위반,건조,맑음,교차로 - 교차로안,승용,여,49세,중상,승용,남,54세,경상
2015051700100147,2015년 5월 17일 08시,일요일,인천광역시 중구 운서동,중상사고,0,3,3,0,차대차 - 추돌 - 진행중,신호위반,건조,맑음,교차로 - 교차로안,화물,남,47세,중상,화물,남,57세,중상
2015051700100174,2015년 5월 17일 09시,일요일,인천광역시 부평구 부평동,경상사고,0,0,1,0,차대차 - 추돌 - 주정차중,안전운전불이행,건조,맑음,단일로 - 기타,승용,여,38세,상해없음,승용,남,25세,경상
2015051700100209,2015년 5월 17일 10시,일요일,인천광역시 계양구 귤현동,중상사고,0,1,0,0,차대차 - 기타,안전운전불이행,건조,맑음,교차로 - 교차로부근,자전거,남,22세,상해없음,자전거,남,66세,중상
2015051700100233,2015년 5월 17일 11시,일요일,인천광역시 강화군 삼산면,경상사고,0,0,1,0,차대차 - 기타,안전운전불이행,건조,맑음,단일로 - 기타,기타불명,기타불명,기타불명,기타불명,원동기,남,71세,경상
2015051700100234,2015년 5월 17일 11시,일요일,인천광역시 연수구 동춘동,중상사고,0,1,0,0,차대차 - 측면직각충돌,신호위반,건조,맑음,교차로 - 교차로안,자전거,여,64세,중상,승용,여,60세,상해없음
2015051700100267,2015년 5월 17일 12시,일요일,인천광역시 부평구 부평동,경상사고,0,0,1,0,차대차 - 기타,안전운전불이행,건조,맑음,단일로 - 기타,자전거,여,55세,경상,승용,여,40세,상해없음
2015051700100330,2015년 5월 17일 14시,일요일,인천광역시 남동구 고잔동,경상사고,0,0,1,0,차대차 - 측면직각충돌,안전운전불이행,건조,맑음,교차로 - 교차로부근,화물,남,47세,상해없음,승용,남,67세,경상
2015051700100331,2015년 5월 17일 14시,일요일,인천광역시 계양구 계산동,경상사고,0,0,1,0,차대사람 - 기타,안전운전불이행,건조,맑음,단일로 - 기타,승용,남,55세,상해없음,보행자,여,32세,경상
2015051700100363,2015년 5월 17일 15시,일요일,인천광역시 중구 운남동,경상사고,0,0,1,0,차대사람 - 차도통행중,안전운전불이행,건조,맑음,단일로 - 기타,승용,남,45세,상해없음,보행자,남,55세,경상
2015051700100364,2015년 5월 17일 15시,일요일,인천광역시 남동구 만수동,경상사고,0,0,1,0,차대사람 - 기타,안전운전불이행,건조,맑음,단일로 - 기타,승합,남,63세,상해없음,보행자,남,57세,경상
2015051700100396,2015년 5월 17일 16시,일요일,인천광역시 남구 숭의동,경상사고,0,0,5,0,차대차 - 측면직각충돌,직진우회전진행방해,건조,맑음,교차로 - 교차로안,승용,여,41세,경상,승용,남,23세,경상
2015051700100397,2015년 5월 17일 16시,일요일,인천광역시 부평구 십정동,경상사고,0,0,3,0,차대차 - 추돌 - 주정차중,안전운전불이행,건조,맑음,교차로 - 교차로부근,승용,여,49세,상해없음,승용,여,35세,경상
2015051700100398,2015년 5월 17일 16시,일요일,인천광역시 남동구 만수동,경상사고,0,0,1,0,차대차 - 추돌 - 진행중,안전거리미확보,건조,맑음,단일로 - 기타,화물,남,52세,상해없음,승용,여,55세,경상
2015051700100399,2015년 5월 17일 16시,일요일,인천광역시 서구 심곡동,경상사고,0,0,1,0,차대차 - 측면직각충돌,교차로운행방법위반,건조,맑음,교차로 - 교차로안,승용,남,44세,상해없음,자전거,남,13세,경상
2015051700100456,2015년 5월 17일 17시,일요일,인천광역시 남구 주안동,부상신고사고,0,0,0,1,차대사람 - 기타,안전운전불이행,건조,맑음,단일로 - 기타,기타불명,기타불명,기타불명,기타불명,보행자,여,6세,부상신고
2015051700100457,2015년 5월 17일 17시,일요일,인천광역시 부평구 삼산동,중상사고,0,1,0,0,차대사람 - 기타,안전운전불이행,건조,맑음,단일로 - 기타,승용,남,24세,상해없음,보행자,남,13세,중상
2015051700100458,2015년 5월 17일 17시,일요일,인천광역시 부평구 삼산동,경상사고,0,0,2,0,차대차 - 측면직각충돌,안전운전불이행,건조,맑음,교차로 - 교차로안,승용,여,39세,경상,승용,여,39세,경상
2015051700100548,2015년 5월 17일 20시,일요일,인천광역시 서구 검암동,중상사고,0,1,0,0,차대차 - 측면직각충돌,안전거리미확보,건조,맑음,단일로 - 기타,승용,남,28세,상해없음,원동기,남,27세,중상
2015051700100549,2015년 5월 17일 20시,일요일,인천광역시 계양구 효성동,경상사고,0,0,2,1,차대차 - 측면직각충돌,신호위반,건조,맑음,교차로 - 교차로안,승용,남,39세,상해없음,승합,남,46세,경상
2015051700100594,2015년 5월 17일 22시,일요일,인천광역시 남구 주안동,중상사고,0,1,0,0,차대사람 - 횡단중,보행자보호의무위반,건조,맑음,교차로 - 교차로안,승합,남,47세,상해없음,보행자,여,25세,중상
2015051700100595,2015년 5월 17일 22시,일요일,인천광역시 부평구 부평동,중상사고,0,1,1,1,차대차 - 측면직각충돌,신호위반,건조,맑음,교차로 - 교차로안,원동기,남,16세,부상신고,원동기,남,21세,중상
2015051700100608,2015년 5월 17일 23시,일요일,인천광역시 서구 왕길동,부상신고사고,0,0,0,1,차대차 - 추돌 - 주정차중,안전운전불이행,건조,흐림,단일로 - 기타,승합,남,35세,상해없음,승용,남,51세,부상신고
2015051800100023,2015년 5월 18일 01시,월요일,인천광역시 남동구 논현동,경상사고,0,0,2,0,차대차 - 측면직각충돌,안전운전불이행,건조,맑음,단일로 - 기타,승용,남,49세,상해없음,승용,남,23세,경상
2015051800100036,2015년 5월 18일 03시,월요일,인천광역시 동구 송현동,경상사고,0,0,1,0,차대차 - 정면충돌,신호위반,건조,맑음,교차로 - 교차로안,승용,남,49세,상해없음,승용,남,57세,경상
2015051800100037,2015년 5월 18일 03시,월요일,인천광역시 남동구 간석동,경상사고,0,0,2,0,차대차 - 측면직각충돌,안전운전불이행,건조,맑음,교차로 - 교차로부근,승용,여,29세,상해없음,승용,남,27세,경상
2015051800100049,2015년 5월 18일 05시,월요일,인천광역시 서구 석남동,사망사고,1,0,0,0,차대사람 - 차도통행중,안전운전불이행,건조,맑음,단일로 - 기타,승합,남,43세,상해없음,보행자,남,73세,사망
2015051800100139,2015년 5월 18일 08시,월요일,인천광역시 남구 주안동,중상사고,0,1,1,0,차대차 - 기타,신호위반,건조,맑음,교차로 - 교차로안,원동기,남,22세,상해없음,승용,남,45세,상해없음
2015051800100173,2015년 5월 18일 09시,월요일,인천광역시 남동구 고잔동,경상사고,0,0,1,0,차대차 - 정면충돌,신호위반,건조,맑음,교차로 - 교차로안,승용,여,44세,상해없음,승용,여,50세,경상
2015051800100204,2015년 5월 18일 10시,월요일,인천광역시 강화군 강화읍,중상사고,0,1,0,0,차대차 - 측면직각충돌,안전운전불이행,건조,맑음,단일로 - 기타,건설기계,남,60세,상해없음,승용,남,47세,중상
2015051800100233,2015년 5월 18일 11시,월요일,인천광역시 부평구 부개동,경상사고,0,0,1,0,차대차 - 추돌 - 진행중,안전운전불이행,건조,맑음,단일로 - 기타,승용,남,66세,상해없음,승용,남,49세,경상
2015051800100273,2015년 5월 18일 12시,월요일,인천광역시 남동구 논현동,경상사고,0,0,1,0,차대차 - 추돌 - 진행중,안전운전불이행,건조,맑음,단일로 - 기타,화물,남,65세,상해없음,승용,남,27세,경상
2015051800100274,2015년 5월 18일 12시,월요일,인천광역시 서구 가좌동,경상사고,0,0,4,0,차대차 - 추돌 - 진행중,안전운전불이행,건조,맑음,교차로 - 교차로부근,승용,여,44세,상해없음,승용,여,43세,경상
2015051800100338,2015년 5월 18일 14시,월요일,인천광역시 남구 문학동,중상사고,0,1,1,0,차대차 - 측면직각충돌,교차로운행방법위반,건조,맑음,교차로 - 교차로안,승용,남,65세,상해없음,화물,남,47세,중상
2015051800100382,2015년 5월 18일 15시,월요일,인천광역시 중구 을왕동,중상사고,0,1,0,0,차대차 - 기타,안전운전불이행,건조,맑음,단일로 - 기타,이륜,여,42세,상해없음,승용,남,53세,상해없음
2015051800100383,2015년 5월 18일 15시,월요일,인천광역시 남구 주안동,중상사고,0,2,11,0,차대차 - 측면직각충돌,신호위반,건조,맑음,단일로 - 횡단보도상,승용,남,48세,상해없음,원동기,남,33세,중상
2015051800100384,2015년 5월 18일 15시,월요일,인천광역시 서구 당하동,경상사고,0,0,2,0,차대차 - 측면직각충돌,안전운전불이행,건조,맑음,단일로 - 기타,승용,남,56세,상해없음,승합,남,34세,경상
2015051800100426,2015년 5월 18일 16시,월요일,인천광역시 중구 경동,경상사고,0,0,1,1,차대차 - 측면직각충돌,신호위반,건조,맑음,교차로 - 교차로안,승용,여,28세,부상신고,승용,남,40세,경상
2015051800100427,2015년 5월 18일 16시,월요일,인천광역시 계양구 작전동,경상사고,0,0,1,0,차대사람 - 기타,안전운전불이행,건조,맑음,단일로 - 기타,자전거,남,67세,상해없음,보행자,남,7세,경상
2015051800100468,2015년 5월 18일 17시,월요일,인천광역시 서구 연희동,경상사고,0,0,2,0,차대차 - 측면직각충돌,교차로운행방법위반,건조,맑음,교차로 - 교차로안,승합,여,25세,상해없음,승합,여,36세,경상
2015051800100510,2015년 5월 18일 18시,월요일,인천광역시 남동구 구월동,경상사고,0,0,1,1,차대차 - 측면직각충돌,차로위반,건조,맑음,단일로 - 기타,승용,남,53세,상해없음,승용,남,36세,경상
2015051800100511,2015년 5월 18일 18시,월요일,인천광역시 연수구 연수동,경상사고,0,0,1,0,차대사람 - 보도통행중,기타,건조,맑음,교차로 - 교차로안,승용,여,29세,상해없음,보행자,여,27세,경상
2015051800100544,2015년 5월 18일 19시,월요일,인천광역시 남동구 만수동,중상사고,0,1,0,0,차대차 - 추돌 - 진행중,안전운전불이행,건조,맑음,단일로 - 기타,원동기,남,28세,중상,승합,남,49세,기타불명
2015051800100545,2015년 5월 18일 19시,월요일,인천광역시 서구 경서동,경상사고,0,0,1,0,차대차 - 측면직각충돌,안전거리미확보,건조,맑음,단일로 - 기타,승합,남,54세,상해없음,승용,남,35세,경상
2015051800100587,2015년 5월 18일 20시,월요일,인천광역시 남구 학익동,경상사고,0,0,2,0,차대차 - 추돌 - 주정차중,안전운전불이행,건조,맑음,단일로 - 기타,화물,남,49세,상해없음,승용,남,33세,경상
2015051800100588,2015년 5월 18일 20시,월요일,인천광역시 부평구 청천동,경상사고,0,0,1,0,차대차 - 측면직각충돌,안전운전불이행,건조,맑음,교차로 - 교차로부근,승용,기타불명,기타불명,기타불명,자전거,남,19세,경상
2015051800100589,2015년 5월 18일 20시,월요일,인천광역시 서구 경서동,경상사고,0,0,3,0,차대차 - 추돌 - 진행중,안전운전불이행,건조,맑음,단일로 - 기타,승합,여,59세,상해없음,승용,여,50세,경상
2015051800100590,2015년 5월 18일 20시,월요일,인천광역시 연수구 동춘동,경상사고,0,0,1,0,차대차 - 측면직각충돌,안전거리미확보,건조,맑음,단일로 - 기타,승용,여,35세,상해없음,승용,여,27세,경상
2015051800100649,2015년 5월 18일 22시,월요일,인천광역시 계양구 박촌동,중상사고,0,1,0,0,차대차 - 기타,신호위반,건조,맑음,교차로 - 교차로부근,화물,남,55세,상해없음,자전거,남,13세,중상
2015051800100650,2015년 5월 18일 22시,월요일,인천광역시 연수구 청학동,경상사고,0,0,1,0,차대차 - 추돌 - 진행중,안전운전불이행,건조,맑음,단일로 - 기타,승용,남,52세,상해없음,승용,남,31세,경상
2015051800100667,2015년 5월 18일 23시,월요일,인천광역시 남구 도화동,중상사고,0,1,0,0,차대사람 - 횡단중,안전운전불이행,건조,맑음,단일로 - 기타,승합,남,54세,상해없음,보행자,여,23세,중상
2015051800100668,2015년 5월 18일 23시,월요일,인천광역시 부평구 부평동,경상사고,0,0,1,0,차대차 - 기타,안전운전불이행,건조,맑음,단일로 - 기타,승용,여,41세,상해없음,승용,남,48세,상해없음
2015051800100669,2015년 5월 18일 23시,월요일,인천광역시 남동구 논현동,경상사고,0,0,1,0,차대차 - 측면직각충돌,안전운전불이행,건조,맑음,단일로 - 기타,승용,남,40세,경상,화물,남,41세,기타불명
2015051900100035,2015년 5월 19일 01시,화요일,인천광역시 서구 심곡동,경상사고,0,0,2,0,차대차 - 측면직각충돌,신호위반,습기,비,교차로 - 교차로안,승용,남,33세,상해없음,승용,남,59세,경상
2015051900100049,2015년 5월 19일 02시,화요일,인천광역시 남구 도화동,경상사고,0,0,1,0,차대차 - 기타,안전운전불이행,건조,맑음,단일로 - 기타,승용,남,52세,상해없음,자전거,남,38세,경상
2015051900100050,2015년 5월 19일 02시,화요일,인천광역시 연수구 송도동,경상사고,0,0,1,0,차대차 - 측면직각충돌,안전거리미확보,건조,맑음,단일로 - 기타,승용,남,21세,상해없음,원동기,남,45세,경상
2015051900100058,2015년 5월 19일 03시,화요일,인천광역시 연수구 동춘동,경상사고,0,0,2,0,차대차 - 추돌 - 주정차중,안전운전불이행,습기,비,단일로 - 기타,승용,남,27세,상해없음,승용,남,59세,경상
2015051900100157,2015년 5월 19일 08시,화요일,인천광역시 동구 송현동,경상사고,0,0,2,0,차대차 - 추돌 - 진행중,안전운전불이행,건조,맑음,단일로 - 기타,화물,남,49세,상해없음,승용,남,42세,경상
2015051900100158,2015년 5월 19일 08시,화요일,인천광역시 중구 운서동,경상사고,0,0,1,0,차대차 - 측면직각충돌,신호위반,건조,맑음,교차로 - 교차로안,승용,여,44세,상해없음,승용,남,42세,경상
2015051900100159,2015년 5월 19일 08시,화요일,인천광역시 서구 백석동,경상사고,0,0,1,0,차대차 - 측면직각충돌,안전운전불이행,건조,맑음,단일로 - 기타,화물,남,62세,상해없음,승용,여,28세,경상
2015051900100160,2015년 5월 19일 08시,화요일,인천광역시 계양구 계산동,경상사고,0,0,1,0,차대사람 - 기타,안전운전불이행,건조,맑음,교차로 - 교차로안,승용,남,39세,상해없음,보행자,여,19세,경상
2015051900100202,2015년 5월 19일 09시,화요일,인천광역시 서구 가좌동,경상사고,0,0,1,0,차대차 - 추돌 - 진행중,안전운전불이행,건조,맑음,단일로 - 기타,승용,기타불명,기타불명,기타불명,화물,남,55세,경상
2015051900100203,2015년 5월 19일 09시,화요일,인천광역시 남동구 서창동,경상사고,0,0,1,0,차대차 - 측면직각충돌,안전거리미확보,건조,흐림,단일로 - 기타,화물,남,56세,상해없음,승용,남,25세,경상
2015051900100228,2015년 5월 19일 10시,화요일,인천광역시 중구 항동7가,경상사고,0,0,1,0,차대사람 - 차도통행중,안전운전불이행,습기,맑음,교차로 - 교차로안,화물,남,38세,상해없음,보행자,여,65세,경상
2015051900100255,2015년 5월 19일 11시,화요일,인천광역시 서구 연희동,경상사고,0,0,1,0,차대차 - 추돌 - 주정차중,안전운전불이행,건조,맑음,단일로 - 기타,승용,남,49세,상해없음,승용,여,54세,경상
2015051900100288,2015년 5월 19일 12시,화요일,인천광역시 연수구 송도동,경상사고,0,0,1,0,차대차 - 기타,안전운전불이행,습기,비,교차로 - 교차로안,승용,여,48세,상해없음,승용,남,37세,경상
2015051900100389,2015년 5월 19일 15시,화요일,인천광역시 남구 주안동,경상사고,0,0,1,0,차대차 - 추돌 - 진행중,안전운전불이행,습기,비,단일로 - 기타,승합,남,26세,상해없음,승용,남,40세,경상
2015051900100431,2015년 5월 19일 16시,화요일,인천광역시 계양구 귤현동,경상사고,0,0,4,0,차대차 - 측면직각충돌,교차로운행방법위반,건조,맑음,교차로 - 교차로안,화물,남,59세,상해없음,승합,남,58세,경상
2015051900100471,2015년 5월 19일 17시,화요일,인천광역시 중구 경동,중상사고,0,1,0,0,차대차 - 측면직각충돌,안전거리미확보,습기,흐림,단일로 - 기타,자전거,남,76세,중상,승합,남,57세,상해없음
2015051900100533,2015년 5월 19일 19시,화요일,인천광역시 중구 유동,중상사고,0,1,1,0,차대차 - 측면직각충돌,신호위반,건조,흐림,교차로 - 교차로안,승용,남,67세,상해없음,승용,남,34세,경상
2015051900100534,2015년 5월 19일 19시,화요일,인천광역시 계양구 작전동,경상사고,0,0,1,0,차대차 - 측면직각충돌,안전운전불이행,습기,흐림,교차로 - 교차로부근,화물,남,46세,상해없음,원동기,남,57세,경상
2015051900100535,2015년 5월 19일 19시,화요일,인천광역시 계양구 상야동,경상사고,0,0,3,0,차대차 - 측면직각충돌,안전운전불이행,습기,비,단일로 - 기타,승용,남,41세,경상,화물,남,42세,경상
2015051900100566,2015년 5월 19일 20시,화요일,인천광역시 연수구 동춘동,경상사고,0,0,1,0,차대차 - 기타,안전운전불이행,습기,흐림,교차로 - 교차로안,승용,남,29세,상해없음,자전거,남,57세,경상
2015051900100625,2015년 5월 19일 22시,화요일,인천광역시 남동구 논현동,중상사고,0,1,0,0,차대사람 - 횡단중,보행자보호의무위반,건조,맑음,단일로 - 횡단보도상,이륜,남,28세,상해없음,보행자,남,53세,중상
2015051900100626,2015년 5월 19일 22시,화요일,인천광역시 남동구 논현동,경상사고,0,0,1,0,차대사람 - 횡단중,중앙선침범,건조,맑음,단일로 - 기타,승용,남,35세,상해없음,보행자,여,24세,경상
2015051900100627,2015년 5월 19일 22시,화요일,인천광역시 서구 대곡동,중상사고,0,1,0,0,차대사람 - 보도통행중,안전운전불이행,건조,맑음,단일로 - 기타,화물,기타불명,기타불명,기타불명,보행자,남,41세,중상
2015051900100649,2015년 5월 19일 23시,화요일,인천광역시 남구 주안동,경상사고,0,0,4,0,차대차 - 추돌 - 진행중,안전운전불이행,건조,흐림,교차로 - 교차로부근,승용,남,33세,상해없음,승용,남,57세,경상
2015052000100015,2015년 5월 20일 00시,수요일,인천광역시 연수구 청학동,중상사고,0,1,1,0,차대차 - 기타,안전운전불이행,건조,맑음,단일로 - 기타,승용,여,54세,상해없음,승용,여,46세,중상
2015052000100028,2015년 5월 20일 01시,수요일,인천광역시 남동구 간석동,중상사고,0,1,0,0,차대차 - 추돌 - 주정차중,안전운전불이행,건조,맑음,교차로 - 교차로부근,승용,남,33세,상해없음,화물,남,47세,중상
2015052000100035,2015년 5월 20일 02시,수요일,인천광역시 부평구 일신동,경상사고,0,0,2,0,차대차 - 추돌 - 진행중,안전운전불이행,건조,맑음,교차로 - 교차로부근,승용,여,32세,상해없음,승용,남,23세,경상
2015052000100082,2015년 5월 20일 06시,수요일,인천광역시 부평구 갈산동,중상사고,0,2,1,0,차대차 - 정면충돌,교차로운행방법위반,건조,맑음,교차로 - 교차로안,승용,남,65세,경상,승용,남,34세,중상
2015052000100111,2015년 5월 20일 07시,수요일,인천광역시 중구 운서동,중상사고,0,1,4,0,차량단독 - 공작물충돌,안전운전불이행,건조,맑음,단일로 - 기타,승용,남,20세,경상,,,,
2015052000100112,2015년 5월 20일 07시,수요일,인천광역시 서구 연희동,경상사고,0,0,1,0,차대차 - 측면직각충돌,안전운전불이행,건조,맑음,교차로 - 교차로안,화물,기타불명,기타불명,기타불명,원동기,남,35세,경상
2015052000100113,2015년 5월 20일 07시,수요일,인천광역시 강화군 강화읍,중상사고,0,1,0,0,차대차 - 추돌 - 주정차중,안전운전불이행,건조,맑음,단일로 - 기타,건설기계,남,42세,상해없음,승용,여,44세,중상
2015052000100114,2015년 5월 20일 07시,수요일,인천광역시 연수구 동춘동,중상사고,0,1,0,0,차대차 - 기타,안전운전불이행,건조,맑음,교차로 - 교차로안,자전거,남,16세,상해없음,자전거,남,50세,중상
2015052000100163,2015년 5월 20일 08시,수요일,인천광역시 남구 용현동,중상사고,0,1,0,0,차대사람 - 횡단중,안전운전불이행,건조,맑음,교차로 - 교차로부근,승용,여,41세,상해없음,보행자,남,12세,중상
2015052000100164,2015년 5월 20일 08시,수요일,인천광역시 서구 신현동,경상사고,0,0,1,0,차대차 - 측면직각충돌,신호위반,건조,맑음,단일로 - 기타,승용,여,55세,상해없음,원동기,남,26세,경상
2015052000100188,2015년 5월 20일 09시,수요일,인천광역시 서구 검암동,경상사고,0,0,2,0,차대차 - 측면직각충돌,안전운전불이행,건조,맑음,교차로 - 교차로안,승용,남,51세,상해없음,승용,여,43세,경상
2015052000100245,2015년 5월 20일 11시,수요일,인천광역시 부평구 청천동,중상사고,0,1,0,0,차대사람 - 기타,신호위반,건조,맑음,교차로 - 교차로안,승용,남,78세,상해없음,보행자,여,45세,중상
2015052000100246,2015년 5월 20일 11시,수요일,인천광역시 남동구 만수동,경상사고,0,0,1,0,차대사람 - 횡단중,신호위반,건조,맑음,단일로 - 기타,승용,여,63세,상해없음,보행자,여,59세,경상