사고번호,사고일시,요일,시군구,사고내용,사망자수,중상자수,경상자수,부상신고자수,사고유형,법규위반,노면상태,기상상태,도로형태,가해운전자 차종,가해운전자 성별,가해운전자 연령,가해운전자 상해정도,피해운전자 차종,피해운전자 성별,피해운전자 연령,피해운전자 상해정도
2015052400100456,2015년 5월 24일 18시,일요일,인천광역시 서구 검암동,중상사고,0,1,0,0,차대사람 - 보도통행중,안전운전불이행,건조,맑음,단일로 - 기타,자전거,남,23세,상해없음,보행자,남,8세,중상
2015052400100540,2015년 5월 24일 21시,일요일,인천광역시 강화군 선원면,경상사고,0,0,3,0,차대차 - 추돌 - 주정차중,안전운전불이행,건조,맑음,교차로 - 교차로부근,승용,여,49세,상해없음,승용,여,35세,경상
2015052400100557,2015년 5월 24일 22시,일요일,인천광역시 남동구 만수동,중상사고,0,1,0,0,차대차 - 측면직각충돌,중앙선침범,건조,맑음,단일로 - 기타,승용,남,38세,상해없음,원동기,남,18세,중상
2015052400100581,2015년 5월 24일 23시,일요일,인천광역시 남동구 구월동,중상사고,0,1,1,0,차대사람 - 횡단중,안전운전불이행,건조,맑음,단일로 - 기타,승용,남,60세,상해없음,보행자,남,22세,중상
2015052500100013,2015년 5월 25일 00시,월요일,인천광역시 서구 연희동,경상사고,0,0,1,0,차대차 - 추돌 - 진행중,안전운전불이행,건조,맑음,교차로 - 교차로부근,승용,남,26세,상해없음,승용,남,34세,상해없음
2015052500100132,2015년 5월 25일 08시,월요일,인천광역시 부평구 십정동,경상사고,0,0,2,0,차대차 - 기타,안전운전불이행,건조,맑음,교차로 - 교차로부근,승용,남,23세,상해없음,승용,남,60세,경상
2015052500100133,2015년 5월 25일 08시,월요일,인천광역시 남동구 도림동,중상사고,0,1,1,0,차대차 - 측면직각충돌,신호위반,건조,맑음,교차로 - 교차로안,승용,남,52세,경상,특수,남,44세,중상
2015052500100216,2015년 5월 25일 11시,월요일,인천광역시 남동구 고잔동,중상사고,0,1,1,0,차대차 - 기타,안전거리미확보,건조,맑음,단일로 - 기타,화물,남,29세,상해없음,승용,남,60세,중상
2015052500100239,2015년 5월 25일 12시,월요일,인천광역시 부평구 삼산동,경상사고,0,0,1,0,차대차 - 기타,안전운전불이행,건조,맑음,단일로 - 기타,자전거,여,68세,경상,승용,남,32세,상해없음
2015052500100265,2015년 5월 25일 13시,월요일,인천광역시 중구 운서동,경상사고,0,0,1,0,차대차 - 측면직각충돌,신호위반,건조,맑음,교차로 - 교차로안,승용,남,64세,상해없음,승용,남,49세,경상
2015052500100266,2015년 5월 25일 13시,월요일,인천광역시 중구 신흥동3가,경상사고,0,0,2,1,차대차 - 기타,안전거리미확보,건조,맑음,단일로 - 기타,승용,여,51세,부상신고,승용,여,44세,경상
2015052500100267,2015년 5월 25일 13시,월요일,인천광역시 남동구 간석동,경상사고,0,0,1,0,차대사람 - 횡단중,안전운전불이행,건조,맑음,교차로 - 교차로안,승용,남,54세,상해없음,보행자,여,79세,경상
2015052500100312,2015년 5월 25일 14시,월요일,인천광역시 중구 중산동,중상사고,0,1,0,0,차대차 - 측면직각충돌,신호위반,건조,맑음,교차로 - 교차로안,이륜,남,71세,중상,승용,남,34세,상해없음
2015052500100313,2015년 5월 25일 14시,월요일,인천광역시 연수구 연수동,중상사고,0,1,0,0,차대차 - 측면직각충돌,신호위반,건조,맑음,교차로 - 교차로안,승용,여,44세,상해없음,원동기,남,32세,중상
2015052500100360,2015년 5월 25일 15시,월요일,인천광역시 서구 검암동,중상사고,0,3,5,0,차대차 - 추돌 - 진행중,안전운전불이행,건조,맑음,단일로 - 기타,승용,남,49세,상해없음,승합,남,57세,중상
2015052500100389,2015년 5월 25일 16시,월요일,인천광역시 남구 주안동,중상사고,0,2,0,0,차대차 - 기타,안전운전불이행,건조,맑음,단일로 - 기타,승용,여,46세,상해없음,승용,남,51세,중상
2015052500100437,2015년 5월 25일 17시,월요일,인천광역시 서구 마전동,중상사고,0,2,0,0,차대차 - 측면직각충돌,신호위반,건조,맑음,교차로 - 교차로안,승용,남,42세,중상,승용,남,39세,중상
2015052500100438,2015년 5월 25일 17시,월요일,인천광역시 서구 연희동,경상사고,0,0,1,0,차대사람 - 횡단중,안전운전불이행,건조,맑음,단일로 - 기타,자전거,남,12세,상해없음,보행자,남,4세,경상
2015052500100439,2015년 5월 25일 17시,월요일,인천광역시 계양구 효성동,중상사고,0,1,0,0,차대사람 - 횡단중,안전운전불이행,건조,맑음,단일로 - 기타,승용,여,31세,상해없음,보행자,여,72세,중상
2015052500100492,2015년 5월 25일 19시,월요일,인천광역시 남구 용현동,경상사고,0,0,1,0,차대차 - 측면직각충돌,안전운전불이행,건조,맑음,단일로 - 기타,원동기,남,20세,경상,승용,남,43세,상해없음
2015052500100521,2015년 5월 25일 20시,월요일,인천광역시 남구 주안동,경상사고,0,0,3,0,차대차 - 측면직각충돌,안전운전불이행,건조,맑음,교차로 - 교차로안,승용,남,40세,상해없음,승용,여,44세,경상
2015052500100548,2015년 5월 25일 21시,월요일,인천광역시 부평구 부평동,경상사고,0,0,1,0,차량단독 - 기타,안전운전불이행,건조,맑음,단일로 - 기타,승용,남,35세,상해없음,,,,
2015052500100549,2015년 5월 25일 21시,월요일,인천광역시 남동구 논현동,경상사고,0,0,1,0,차대차 - 측면직각충돌,신호위반,건조,맑음,교차로 - 교차로안,승용,남,58세,상해없음,승용,남,61세,경상
2015052500100578,2015년 5월 25일 22시,월요일,인천광역시 중구 북성동1가,경상사고,0,0,1,0,차대사람 - 차도통행중,안전운전불이행,건조,맑음,단일로 - 기타,기타불명,기타불명,기타불명,기타불명,보행자,여,18세,경상
2015052500100579,2015년 5월 25일 22시,월요일,인천광역시 남구 숭의동,중상사고,0,1,0,0,차량단독 - 기타,안전운전불이행,건조,맑음,교차로 - 교차로부근,승용,여,57세,상해없음,,,,
2015052500100597,2015년 5월 25일 23시,월요일,인천광역시 서구 가좌동,사망사고,1,0,0,0,차대사람 - 횡단중,과속,건조,맑음,교차로 - 교차로부근,승합,남,61세,상해없음,보행자,여,82세,사망
2015052600100052,2015년 5월 26일 05시,화요일,인천광역시 중구 신흥동3가,경상사고,0,0,4,0,차대차 - 측면직각충돌,신호위반,건조,맑음,교차로 - 교차로안,승용,남,53세,경상,화물,남,62세,경상
2015052600100053,2015년 5월 26일 05시,화요일,인천광역시 남동구 고잔동,경상사고,0,0,1,0,차대차 - 측면직각충돌,차로위반,건조,맑음,단일로 - 기타,승용,남,69세,상해없음,화물,남,51세,경상
2015052600100064,2015년 5월 26일 06시,화요일,인천광역시 연수구 연수동,경상사고,0,0,1,0,차대차 - 기타,안전운전불이행,건조,맑음,단일로 - 횡단보도부근,승용,여,52세,상해없음,자전거,남,53세,경상
2015052600100103,2015년 5월 26일 07시,화요일,인천광역시 남구 문학동,경상사고,0,0,1,0,차대사람 - 기타,안전운전불이행,건조,맑음,단일로 - 기타,승용,여,38세,상해없음,보행자,여,16세,경상
2015052600100104,2015년 5월 26일 07시,화요일,인천광역시 서구 가좌동,중상사고,0,1,0,0,차대사람 - 횡단중,안전운전불이행,건조,맑음,단일로 - 기타,화물,남,48세,상해없음,보행자,여,64세,중상
2015052600100138,2015년 5월 26일 08시,화요일,인천광역시 남구 주안동,경상사고,0,0,1,0,차량단독 - 기타,안전운전불이행,건조,맑음,단일로 - 기타,승합,남,57세,상해없음,,,,
2015052600100139,2015년 5월 26일 08시,화요일,인천광역시 남구 관교동,경상사고,0,0,1,0,차대사람 - 기타,안전운전불이행,건조,맑음,단일로 - 기타,자전거,남,21세,상해없음,보행자,여,22세,경상
2015052600100140,2015년 5월 26일 08시,화요일,인천광역시 남동구 간석동,중상사고,0,1,0,0,차대사람 - 길가장자리구역통행중,안전운전불이행,건조,맑음,단일로 - 기타,승용,남,63세,상해없음,보행자,여,75세,중상
2015052600100177,2015년 5월 26일 09시,화요일,인천광역시 남동구 만수동,부상신고사고,0,0,0,1,차대차 - 추돌 - 진행중,안전거리미확보,건조,맑음,단일로 - 기타,원동기,남,21세,부상신고,승용,남,56세,상해없음
2015052600100178,2015년 5월 26일 09시,화요일,인천광역시 부평구 갈산동,경상사고,0,0,1,0,차대사람 - 기타,안전운전불이행,건조,맑음,기타 - 기타,승용,남,44세,상해없음,보행자,남,34세,경상
2015052600100215,2015년 5월 26일 10시,화요일,인천광역시 남구 용현동,경상사고,0,0,1,0,차대사람 - 길가장자리구역통행중,안전운전불이행,건조,맑음,단일로 - 기타,화물,남,42세,상해없음,보행자,남,49세,경상
2015052600100216,2015년 5월 26일 10시,화요일,인천광역시 연수구 선학동,중상사고,0,1,0,0,차대사람 - 횡단중,안전운전불이행,건조,맑음,단일로 - 기타,승용,여,56세,상해없음,보행자,남,21세,중상
2015052600100283,2015년 5월 26일 12시,화요일,인천광역시 남동구 장수동,경상사고,0,0,1,0,차대차 - 정면충돌,신호위반,건조,맑음,교차로 - 교차로부근,이륜,남,33세,상해없음,승용,여,48세,경상
2015052600100320,2015년 5월 26일 13시,화요일,인천광역시 중구 중산동,중상사고,0,1,1,0,차대차 - 추돌 - 진행중,안전거리미확보,건조,맑음,단일로 - 기타,화물,남,42세,상해없음,화물,남,51세,중상
2015052600100321,2015년 5월 26일 13시,화요일,인천광역시 중구 운서동,경상사고,0,0,3,0,차대차 - 정면충돌,교차로운행방법위반,건조,맑음,교차로 - 교차로안,승용,남,55세,경상,승용,여,57세,경상
2015052600100322,2015년 5월 26일 13시,화요일,인천광역시 계양구 작전동,경상사고,0,0,1,0,차대차 - 측면직각충돌,안전거리미확보,건조,맑음,단일로 - 기타,화물,남,52세,상해없음,자전거,남,66세,경상
2015052600100323,2015년 5월 26일 13시,화요일,인천광역시 연수구 연수동,경상사고,0,0,2,0,차대차 - 기타,안전운전불이행,건조,맑음,미분류 - 미분류,화물,남,32세,기타불명,승용,남,55세,경상
2015052600100364,2015년 5월 26일 14시,화요일,인천광역시 계양구 계산동,경상사고,0,0,1,0,차대사람 - 차도통행중,안전운전불이행,건조,맑음,교차로 - 교차로부근,승용,여,63세,상해없음,보행자,여,23세,경상
2015052600100365,2015년 5월 26일 14시,화요일,인천광역시 계양구 작전동,경상사고,0,0,1,0,차대사람 - 횡단중,보행자보호의무위반,건조,맑음,단일로 - 횡단보도상,승용,여,55세,상해없음,보행자,여,7세,경상
2015052600100366,2015년 5월 26일 14시,화요일,인천광역시 연수구 연수동,중상사고,0,1,0,0,차대차 - 기타,안전거리미확보,건조,맑음,단일로 - 기타,자전거,남,76세,중상,승용,여,45세,상해없음
2015052600100395,2015년 5월 26일 15시,화요일,인천광역시 동구 송림동,경상사고,0,0,2,0,차대차 - 추돌 - 진행중,안전거리미확보,건조,맑음,단일로 - 기타,승용,남,30세,상해없음,승용,남,40세,경상
2015052600100396,2015년 5월 26일 15시,화요일,인천광역시 부평구 십정동,경상사고,0,0,1,0,차대사람 - 보도통행중,안전운전불이행,건조,맑음,단일로 - 기타,자전거,남,12세,상해없음,보행자,여,79세,경상
2015052600100397,2015년 5월 26일 15시,화요일,인천광역시 서구 연희동,경상사고,0,0,2,0,차대차 - 측면직각충돌,안전운전불이행,건조,맑음,단일로 - 기타,승합,남,59세,상해없음,승용,남,48세,경상
2015052600100398,2015년 5월 26일 15시,화요일,인천광역시 계양구 계산동,부상신고사고,0,0,0,1,차대사람 - 기타,안전운전불이행,건조,맑음,단일로 - 기타,승용,남,56세,상해없음,보행자,남,54세,부상신고
2015052600100399,2015년 5월 26일 15시,화요일,인천광역시 계양구 효성동,중상사고,0,1,0,0,차대사람 - 기타,안전운전불이행,건조,맑음,단일로 - 기타,승용,남,49세,상해없음,보행자,여,65세,중상
2015052600100450,2015년 5월 26일 16시,화요일,인천광역시 남동구 논현동,경상사고,0,0,1,0,차대사람 - 보도통행중,안전운전불이행,건조,맑음,단일로 - 기타,승용,남,37세,상해없음,보행자,여,56세,경상
2015052600100451,2015년 5월 26일 16시,화요일,인천광역시 서구 경서동,중상사고,0,1,1,0,차대차 - 추돌 - 주정차중,안전운전불이행,건조,맑음,단일로 - 기타,승합,남,47세,상해없음,승용,남,39세,중상
2015052600100452,2015년 5월 26일 16시,화요일,인천광역시 계양구 상야동,중상사고,0,1,0,0,차대차 - 측면직각충돌,안전운전불이행,건조,맑음,단일로 - 횡단보도부근,이륜,남,19세,중상,건설기계,남,59세,상해없음
2015052600100512,2015년 5월 26일 17시,화요일,인천광역시 서구 가정동,경상사고,0,0,1,0,차대차 - 추돌 - 진행중,안전운전불이행,건조,맑음,단일로 - 기타,화물,남,54세,상해없음,승용,남,41세,경상
2015052600100573,2015년 5월 26일 18시,화요일,인천광역시 중구 신흥동3가,중상사고,0,1,0,0,차대차 - 측면직각충돌,신호위반,건조,맑음,교차로 - 교차로안,이륜,남,55세,중상,승용,남,49세,상해없음
2015052600100574,2015년 5월 26일 18시,화요일,인천광역시 남동구 남촌동,경상사고,0,0,1,0,차대차 - 정면충돌,교차로운행방법위반,건조,맑음,교차로 - 교차로안,화물,남,57세,상해없음,승용,남,42세,경상
2015052600100610,2015년 5월 26일 19시,화요일,인천광역시 중구 신포동,경상사고,0,0,1,0,차대사람 - 기타,안전운전불이행,건조,맑음,교차로 - 교차로부근,승용,기타불명,기타불명,기타불명,보행자,여,28세,경상
2015052600100611,2015년 5월 26일 19시,화요일,인천광역시 부평구 부평동,중상사고,0,1,2,0,차대차 - 측면직각충돌,중앙선침범,건조,맑음,단일로 - 기타,승용,남,61세,상해없음,승용,남,47세,경상
2015052600100612,2015년 5월 26일 19시,화요일,인천광역시 부평구 청천동,중상사고,0,1,0,0,차대사람 - 기타,안전운전불이행,건조,맑음,교차로 - 교차로부근,승용,여,68세,상해없음,보행자,여,61세,중상
2015052600100681,2015년 5월 26일 21시,화요일,인천광역시 계양구 상야동,중상사고,0,1,0,0,차대차 - 기타,안전운전불이행,건조,맑음,단일로 - 기타,화물,남,46세,상해없음,승합,남,35세,중상
2015052600100704,2015년 5월 26일 22시,화요일,인천광역시 남구 도화동,중상사고,0,1,1,0,차대차 - 측면직각충돌,신호위반,건조,맑음,교차로 - 교차로안,승용,여,21세,상해없음,승용,여,24세,중상
2015052600100726,2015년 5월 26일 23시,화요일,인천광역시 옹진군 영흥면,경상사고,0,0,2,0,차대차 - 기타,안전운전불이행,건조,맑음,단일로 - 기타,승용,남,57세,상해없음,승용,남,47세,경상
2015052700100021,2015년 5월 27일 00시,수요일,인천광역시 남구 용현동,중상사고,0,1,0,0,차대사람 - 횡단중,안전운전불이행,건조,맑음,기타 - 기타,승용,여,50세,상해없음,보행자,남,42세,중상
2015052700100058,2015년 5월 27일 04시,수요일,인천광역시 부평구 일신동,경상사고,0,0,3,0,차대차 - 추돌 - 진행중,안전운전불이행,건조,맑음,교차로 - 교차로부근,승용,남,21세,상해없음,승용,남,54세,경상
2015052700100147,2015년 5월 27일 08시,수요일,인천광역시 부평구 십정동,경상사고,0,0,1,0,차대사람 - 기타,안전운전불이행,건조,맑음,단일로 - 기타,승용,여,45세,상해없음,보행자,여,16세,경상
2015052700100148,2015년 5월 27일 08시,수요일,인천광역시 계양구 작전동,경상사고,0,0,1,0,차대사람 - 횡단중,안전운전불이행,건조,맑음,교차로 - 교차로부근,승합,남,62세,상해없음,보행자,여,13세,경상
2015052700100149,2015년 5월 27일 08시,수요일,인천광역시 연수구 연수동,중상사고,0,1,0,0,차대차 - 측면직각충돌,안전운전불이행,건조,맑음,교차로 - 교차로안,승용,남,23세,상해없음,승용,남,32세,중상
2015052700100189,2015년 5월 27일 09시,수요일,인천광역시 중구 운서동,중상사고,0,1,0,0,차대차 - 기타,안전운전불이행,건조,맑음,교차로 - 교차로안,원동기,남,66세,중상,승용,남,27세,상해없음
2015052700100190,2015년 5월 27일 09시,수요일,인천광역시 남구 주안동,경상사고,0,0,1,0,차량단독 - 기타,안전운전불이행,건조,맑음,단일로 - 기타,승합,남,53세,상해없음,,,,
2015052700100191,2015년 5월 27일 09시,수요일,인천광역시 계양구 서운동,경상사고,0,0,1,0,차대차 - 추돌 - 진행중,안전운전불이행,건조,맑음,미분류 - 미분류,승용,기타불명,기타불명,기타불명,승용,남,24세,경상
2015052700100209,2015년 5월 27일 10시,수요일,인천광역시 부평구 부평동,중상사고,0,1,1,0,차대차 - 측면직각충돌,안전거리미확보,건조,맑음,단일로 - 기타,승용,남,30세,상해없음,승용,남,32세,중상
2015052700100210,2015년 5월 27일 10시,수요일,인천광역시 강화군 강화읍,경상사고,0,0,2,0,차대차 - 기타,안전운전불이행,건조,맑음,단일로 - 기타,승용,남,68세,상해없음,승용,남,35세,경상
2015052700100238,2015년 5월 27일 11시,수요일,인천광역시 부평구 부평동,경상사고,0,0,1,0,차대차 - 기타,안전운전불이행,건조,맑음,단일로 - 기타,승용,남,54세,상해없음,승합,남,52세,상해없음
2015052700100239,2015년 5월 27일 11시,수요일,인천광역시 남동구 구월동,경상사고,0,0,1,0,차대사람 - 길가장자리구역통행중,안전운전불이행,건조,맑음,단일로 - 기타,승용,남,31세,상해없음,보행자,여,73세,경상
2015052700100267,2015년 5월 27일 12시,수요일,인천광역시 남구 문학동,경상사고,0,0,1,0,차대사람 - 기타,안전운전불이행,건조,맑음,단일로 - 기타,승용,남,65세,상해없음,보행자,여,23세,경상
2015052700100309,2015년 5월 27일 13시,수요일,인천광역시 중구 항동7가,경상사고,0,0,1,0,차대차 - 측면직각충돌,안전운전불이행,건조,맑음,교차로 - 교차로안,화물,남,42세,상해없음,승용,여,46세,상해없음
2015052700100310,2015년 5월 27일 13시,수요일,인천광역시 남구 관교동,경상사고,0,0,1,0,차대차 - 측면직각충돌,안전운전불이행,건조,맑음,교차로 - 교차로안,승용,여,64세,상해없음,승용,남,54세,경상
2015052700100353,2015년 5월 27일 14시,수요일,인천광역시 서구 대곡동,경상사고,0,0,2,0,차대차 - 추돌 - 진행중,안전운전불이행,건조,맑음,단일로 - 기타,승용,남,52세,경상,화물,남,49세,경상
2015052700100391,2015년 5월 27일 15시,수요일,인천광역시 남구 주안동,경상사고,0,0,2,0,차대차 - 측면직각충돌,안전운전불이행,건조,맑음,교차로 - 교차로부근,승용,여,49세,상해없음,승용,여,28세,경상
2015052700100392,2015년 5월 27일 15시,수요일,인천광역시 연수구 송도동,경상사고,0,0,1,0,차대차 - 측면직각충돌,신호위반,건조,맑음,교차로 - 교차로안,승용,남,36세,상해없음,승용,남,29세,경상
2015052700100433,2015년 5월 27일 16시,수요일,인천광역시 남구 용현동,경상사고,0,0,3,0,차대차 - 측면직각충돌,안전운전불이행,건조,맑음,교차로 - 교차로부근,건설기계,남,62세,경상,승용,남,48세,경상
2015052700100434,2015년 5월 27일 16시,수요일,인천광역시 남동구 구월동,중상사고,0,1,0,0,차대사람 - 기타,안전운전불이행,건조,맑음,단일로 - 기타,승용,남,64세,상해없음,보행자,여,8세,중상
2015052700100539,2015년 5월 27일 18시,수요일,인천광역시 남구 도화동,경상사고,0,0,1,0,차대차 - 측면직각충돌,안전운전불이행,건조,맑음,단일로 - 기타,승용,남,53세,상해없음,승용,남,35세,경상
2015052700100540,2015년 5월 27일 18시,수요일,인천광역시 부평구 청천동,중상사고,0,1,5,0,차대차 - 측면직각충돌,안전운전불이행,건조,맑음,교차로 - 교차로안,승용,남,76세,상해없음,승합,남,37세,상해없음
2015052700100541,2015년 5월 27일 18시,수요일,인천광역시 강화군 내가면,중상사고,0,2,1,0,차대차 - 정면충돌,중앙선침범,건조,맑음,단일로 - 기타,승용,남,65세,경상,승용,여,39세,중상
2015052700100569,2015년 5월 27일 19시,수요일,인천광역시 남구 숭의동,경상사고,0,0,1,0,차대차 - 측면직각충돌,안전운전불이행,건조,맑음,단일로 - 기타,화물,남,21세,상해없음,승용,여,38세,경상
2015052700100604,2015년 5월 27일 20시,수요일,인천광역시 남구 주안동,중상사고,0,1,0,0,차대사람 - 기타,안전운전불이행,건조,맑음,교차로 - 교차로부근,승용,남,59세,상해없음,보행자,여,41세,중상
2015052700100637,2015년 5월 27일 21시,수요일,인천광역시 남동구 간석동,중상사고,0,2,2,0,차대차 - 추돌 - 주정차중,안전운전불이행,습기,맑음,교차로 - 교차로부근,승용,남,43세,상해없음,이륜,남,19세,경상
2015052700100662,2015년 5월 27일 22시,수요일,인천광역시 남동구 논현동,경상사고,0,0,1,0,차대사람 - 횡단중,안전운전불이행,건조,맑음,단일로 - 기타,이륜,남,17세,상해없음,보행자,여,46세,경상
2015052700100663,2015년 5월 27일 22시,수요일,인천광역시 남동구 구월동,중상사고,0,1,0,0,차대사람 - 횡단중,보행자보호의무위반,건조,맑음,교차로 - 교차로안,승용,남,57세,상해없음,보행자,여,20세,중상
2015052800100011,2015년 5월 28일 00시,목요일,인천광역시 계양구 작전동,중상사고,0,1,0,0,차대사람 - 횡단중,안전운전불이행,건조,맑음,단일로 - 횡단보도부근,승용,남,58세,상해없음,보행자,남,47세,중상
2015052800100012,2015년 5월 28일 00시,목요일,인천광역시 부평구 구산동,경상사고,0,0,1,0,차량단독 - 공작물충돌,안전운전불이행,건조,맑음,단일로 - 기타,승용,남,27세,경상,,,,
2015052800100024,2015년 5월 28일 01시,목요일,인천광역시 남구 용현동,중상사고,0,1,2,0,차대차 - 기타,신호위반,건조,맑음,단일로 - 횡단보도부근,승용,남,46세,상해없음,승용,남,59세,경상
2015052800100025,2015년 5월 28일 01시,목요일,인천광역시 남동구 구월동,중상사고,0,1,0,0,차대사람 - 횡단중,안전운전불이행,건조,맑음,단일로 - 횡단보도상,승용,남,64세,상해없음,보행자,남,31세,중상
2015052800100039,2015년 5월 28일 03시,목요일,인천광역시 계양구 서운동,중상사고,0,1,0,0,차대차 - 추돌 - 진행중,안전운전불이행,건조,맑음,교차로 - 교차로부근,승용,남,33세,상해없음,승합,남,36세,중상
2015052800100040,2015년 5월 28일 03시,목요일,인천광역시 연수구 옥련동,중상사고,0,1,0,0,차대차 - 측면직각충돌,안전운전불이행,건조,맑음,단일로 - 기타,승용,남,28세,상해없음,승용,남,53세,중상
2015052800100091,2015년 5월 28일 07시,목요일,인천광역시 남구 문학동,경상사고,0,0,1,0,차대사람 - 보도통행중,기타,건조,맑음,단일로 - 기타,원동기,남,34세,상해없음,보행자,여,51세,경상
2015052800100140,2015년 5월 28일 08시,목요일,인천광역시 남동구 구월동,경상사고,0,0,1,0,차대사람 - 횡단중,안전운전불이행,건조,맑음,교차로 - 교차로부근,승용,남,56세,상해없음,보행자,여,43세,경상
2015052800100181,2015년 5월 28일 09시,목요일,인천광역시 남동구 구월동,중상사고,0,1,0,0,차대사람 - 기타,안전운전불이행,건조,맑음,단일로 - 기타,승합,남,48세,상해없음,보행자,여,68세,중상
2015052800100229,2015년 5월 28일 11시,목요일,인천광역시 서구 왕길동,경상사고,0,0,1,0,차대차 - 기타,교차로운행방법위반,건조,맑음,교차로 - 교차로안,화물,남,56세,상해없음,화물,남,23세,경상
2015052800100230,2015년 5월 28일 11시,목요일,인천광역시 연수구 송도동,경상사고,0,0,1,0,차대차 - 추돌 - 진행중,안전운전불이행,건조,맑음,단일로 - 기타,승용,여,48세,상해없음,화물,남,52세,경상
2015052800100278,2015년 5월 28일 12시,목요일,인천광역시 남구 숭의동,경상사고,0,0,1,1,차대차 - 기타,중앙선침범,건조,맑음,단일로 - 기타,승용,남,37세,부상신고,승용,남,43세,경상
2015052800100299,2015년 5월 28일 13시,목요일,인천광역시 서구 경서동,경상사고,0,0,3,0,차대차 - 측면직각충돌,신호위반,건조,맑음,교차로 - 교차로안,승용,여,61세,상해없음,승용,남,37세,경상
2015052800100300,2015년 5월 28일 13시,목요일,인천광역시 연수구 청학동,경상사고,0,0,1,0,차대차 - 기타,안전운전불이행,건조,맑음,교차로 - 교차로안,승용,여,54세,상해없음,승용,남,40세,경상
2015052800100336,2015년 5월 28일 14시,목요일,인천광역시 남동구 간석동,중상사고,0,1,0,0,차대차 - 측면직각충돌,신호위반,건조,맑음,교차로 - 교차로안,승용,남,53세,상해없음,이륜,남,41세,중상
2015052800100337,2015년 5월 28일 14시,목요일,인천광역시 서구 가정동,경상사고,0,0,3,0,차대차 - 추돌 - 진행중,안전운전불이행,건조,맑음,단일로 - 기타,화물,남,64세,경상,승용,남,54세,경상
2015052800100338,2015년 5월 28일 14시,목요일,인천광역시 서구 연희동,경상사고,0,0,1,0,차대차 - 추돌 - 주정차중,안전운전불이행,건조,맑음,단일로 - 기타,승용,남,38세,상해없음,승용,여,35세,경상
2015052800100339,2015년 5월 28일 14시,목요일,인천광역시 강화군 내가면,중상사고,0,1,0,0,차량단독 - 전도전복,안전운전불이행,건조,맑음,단일로 - 기타,승용,남,62세,상해없음,,,,
2015052800100378,2015년 5월 28일 15시,목요일,인천광역시 남동구 구월동,경상사고,0,0,1,0,차대차 - 측면직각충돌,안전운전불이행,건조,맑음,단일로 - 기타,승용,남,58세,상해없음,이륜,남,32세,경상
2015052800100455,2015년 5월 28일 17시,목요일,인천광역시 남동구 구월동,경상사고,0,0,1,0,차대사람 - 횡단중,안전운전불이행,건조,맑음,단일로 - 횡단보도부근,이륜,남,32세,상해없음,보행자,여,69세,경상
2015052800100456,2015년 5월 28일 17시,목요일,인천광역시 부평구 일신동,경상사고,0,0,3,0,차대차 - 측면직각충돌,안전운전불이행,건조,맑음,단일로 - 기타,원동기,남,18세,경상,승용,남,31세,경상
2015052800100499,2015년 5월 28일 18시,목요일,인천광역시 남동구 논현동,경상사고,0,0,2,0,차대차 - 추돌 - 주정차중,안전운전불이행,건조,맑음,단일로 - 기타,승용,여,53세,기타불명,승용,여,36세,경상
2015052800100533,2015년 5월 28일 19시,목요일,인천광역시 부평구 십정동,중상사고,0,1,0,0,차대사람 - 횡단중,안전운전불이행,건조,맑음,단일로 - 기타,승용,여,46세,상해없음,보행자,여,5세,중상
2015052800100534,2015년 5월 28일 19시,목요일,인천광역시 남동구 간석동,중상사고,0,1,0,0,차대사람 - 기타,안전운전불이행,건조,맑음,단일로 - 기타,승용,남,62세,상해없음,보행자,남,51세,중상
2015052800100535,2015년 5월 28일 19시,목요일,인천광역시 서구 석남동,경상사고,0,0,1,0,차대사람 - 횡단중,안전운전불이행,건조,맑음,단일로 - 기타,승용,남,22세,상해없음,보행자,여,49세,경상
2015052800100570,2015년 5월 28일 20시,목요일,인천광역시 부평구 부평동,경상사고,0,0,2,0,차대차 - 기타,안전거리미확보,건조,맑음,단일로 - 기타,이륜,남,27세,경상,승용,여,23세,경상
2015052800100622,2015년 5월 28일 22시,목요일,인천광역시 강화군 선원면,경상사고,0,0,1,0,차대차 - 기타,안전운전불이행,건조,맑음,단일로 - 기타,승용,남,47세,상해없음,승용,남,49세,경상
2015052800100657,2015년 5월 28일 23시,목요일,인천광역시 중구 운서동,중상사고,0,1,1,0,차대사람 - 기타,안전운전불이행,건조,맑음,단일로 - 기타,승용,남,30세,상해없음,보행자,남,44세,중상
2015052900100026,2015년 5월 29일 00시,금요일,인천광역시 남구 학익동,경상사고,0,0,2,0,차대차 - 추돌 - 주정차중,안전운전불이행,건조,맑음,교차로 - 교차로부근,승용,남,42세,상해없음,승용,남,54세,경상
2015052900100027,2015년 5월 29일 00시,금요일,인천광역시 남구 주안동,경상사고,0,0,1,0,차대차 - 추돌 - 주정차중,안전운전불이행,건조,맑음,단일로 - 기타,승용,남,23세,상해없음,승용,남,44세,경상
2015052900100041,2015년 5월 29일 01시,금요일,인천광역시 남구 주안동,경상사고,0,0,2,0,차대차 - 측면직각충돌,안전운전불이행,건조,맑음,교차로 - 교차로부근,승용,남,28세,상해없음,승용,남,55세,상해없음