사고번호,사고일시,요일,시군구,사고내용,사망자수,중상자수,경상자수,부상신고자수,사고유형,법규위반,노면상태,기상상태,도로형태,가해운전자 차종,가해운전자 성별,가해운전자 연령,가해운전자 상해정도,피해운전자 차종,피해운전자 성별,피해운전자 연령,피해운전자 상해정도
2015052900100068,2015년 5월 29일 04시,금요일,인천광역시 서구 검암동,경상사고,0,0,1,0,차대차 - 추돌 - 진행중,안전운전불이행,건조,맑음,단일로 - 기타,승용,남,25세,상해없음,승용,여,29세,경상
2015052900100069,2015년 5월 29일 04시,금요일,인천광역시 부평구 부평동,중상사고,0,1,0,0,차대사람 - 횡단중,안전운전불이행,건조,맑음,교차로 - 교차로부근,승용,남,40세,상해없음,보행자,남,43세,중상
2015052900100117,2015년 5월 29일 07시,금요일,인천광역시 남동구 만수동,경상사고,0,0,1,0,차대차 - 추돌 - 진행중,안전운전불이행,건조,맑음,단일로 - 기타,승합,남,47세,상해없음,자전거,남,16세,경상
2015052900100164,2015년 5월 29일 08시,금요일,인천광역시 부평구 갈산동,경상사고,0,0,1,1,차대차 - 기타,안전운전불이행,건조,맑음,교차로 - 교차로부근,특수,남,37세,부상신고,승용,남,38세,경상
2015052900100165,2015년 5월 29일 08시,금요일,인천광역시 남동구 간석동,경상사고,0,0,1,0,차대차 - 추돌 - 진행중,안전운전불이행,건조,맑음,단일로 - 기타,승용,여,36세,상해없음,승용,여,39세,경상
2015052900100166,2015년 5월 29일 08시,금요일,인천광역시 남동구 고잔동,경상사고,0,0,1,0,차대차 - 측면직각충돌,신호위반,건조,맑음,교차로 - 교차로안,화물,남,50세,상해없음,승용,남,33세,경상
2015052900100167,2015년 5월 29일 08시,금요일,인천광역시 서구 가좌동,사망사고,1,0,0,0,차대차 - 측면직각충돌,안전거리미확보,건조,맑음,단일로 - 기타,화물,남,71세,상해없음,자전거,남,19세,사망
2015052900100168,2015년 5월 29일 08시,금요일,인천광역시 서구 공촌동,경상사고,0,0,1,0,차대사람 - 횡단중,보행자보호의무위반,건조,맑음,단일로 - 횡단보도상,승합,남,55세,상해없음,보행자,남,16세,경상
2015052900100169,2015년 5월 29일 08시,금요일,인천광역시 서구 가정동,중상사고,0,1,0,0,차대사람 - 횡단중,보행자보호의무위반,건조,맑음,단일로 - 기타,승용,남,63세,상해없음,보행자,남,73세,중상
2015052900100170,2015년 5월 29일 08시,금요일,인천광역시 계양구 효성동,경상사고,0,0,1,0,차대차 - 기타,중앙선침범,건조,맑음,단일로 - 기타,승용,남,52세,상해없음,승용,남,55세,경상
2015052900100171,2015년 5월 29일 08시,금요일,인천광역시 부평구 삼산동,경상사고,0,0,1,0,차대사람 - 횡단중,안전운전불이행,건조,맑음,교차로 - 교차로안,승용,남,66세,상해없음,보행자,남,26세,경상
2015052900100334,2015년 5월 29일 13시,금요일,인천광역시 연수구 청학동,경상사고,0,0,1,0,차대차 - 기타,중앙선침범,건조,맑음,교차로 - 교차로안,승용,여,35세,상해없음,승용,남,34세,경상
2015052900100403,2015년 5월 29일 15시,금요일,인천광역시 부평구 구산동,경상사고,0,0,1,0,차대차 - 측면직각충돌,안전운전불이행,건조,맑음,교차로 - 교차로안,화물,남,37세,상해없음,승용,여,44세,경상
2015052900100465,2015년 5월 29일 17시,금요일,인천광역시 부평구 산곡동,경상사고,0,0,1,0,차대차 - 추돌 - 주정차중,안전운전불이행,건조,맑음,단일로 - 기타,승용,남,51세,상해없음,승용,여,52세,경상
2015052900100466,2015년 5월 29일 17시,금요일,인천광역시 부평구 청천동,경상사고,0,0,1,0,차대사람 - 기타,보행자보호의무위반,건조,맑음,교차로 - 교차로부근,화물,남,28세,상해없음,보행자,남,34세,경상
2015052900100467,2015년 5월 29일 17시,금요일,인천광역시 연수구 연수동,중상사고,0,1,0,0,차대사람 - 횡단중,안전운전불이행,건조,맑음,단일로 - 기타,승용,남,43세,상해없음,보행자,여,61세,중상
2015052900100468,2015년 5월 29일 17시,금요일,인천광역시 연수구 선학동,경상사고,0,0,1,0,차대차 - 기타,안전운전불이행,건조,맑음,단일로 - 기타,승용,여,54세,상해없음,자전거,남,15세,경상
2015052900100513,2015년 5월 29일 18시,금요일,인천광역시 연수구 청학동,중상사고,0,1,0,0,차량단독 - 기타,기타,건조,맑음,단일로 - 기타,승합,남,59세,상해없음,,,,
2015052900100548,2015년 5월 29일 19시,금요일,인천광역시 서구 가정동,경상사고,0,0,1,0,차대차 - 측면직각충돌,신호위반,건조,맑음,교차로 - 교차로안,승용,남,54세,상해없음,승합,남,39세,상해없음
2015052900100590,2015년 5월 29일 20시,금요일,인천광역시 중구 운서동,경상사고,0,0,2,0,차대차 - 기타,차로위반,건조,맑음,단일로 - 기타,승용,남,40세,상해없음,승용,남,31세,경상
2015052900100591,2015년 5월 29일 20시,금요일,인천광역시 연수구 옥련동,경상사고,0,0,2,0,차대차 - 기타,안전운전불이행,건조,맑음,단일로 - 기타,승용,남,34세,상해없음,승용,여,31세,경상
2015052900100629,2015년 5월 29일 21시,금요일,인천광역시 남동구 간석동,중상사고,0,1,0,0,차대차 - 추돌 - 진행중,안전운전불이행,건조,맑음,단일로 - 기타,승용,남,64세,상해없음,이륜,남,35세,중상
2015052900100690,2015년 5월 29일 23시,금요일,인천광역시 부평구 부평동,경상사고,0,0,6,0,차대차 - 측면직각충돌,안전운전불이행,건조,기타,교차로 - 교차로부근,승용,남,36세,상해없음,승용,남,28세,경상
2015053000100025,2015년 5월 30일 00시,토요일,인천광역시 계양구 박촌동,경상사고,0,0,3,0,차대차 - 추돌 - 주정차중,안전운전불이행,건조,맑음,교차로 - 교차로부근,승용,남,48세,상해없음,승용,남,30세,경상
2015053000100053,2015년 5월 30일 01시,토요일,인천광역시 남구 용현동,경상사고,0,0,3,0,차대차 - 측면직각충돌,신호위반,건조,맑음,교차로 - 교차로안,승용,남,58세,상해없음,승용,남,47세,경상
2015053000100054,2015년 5월 30일 01시,토요일,인천광역시 남동구 간석동,중상사고,0,1,0,0,차대차 - 측면직각충돌,차로위반,건조,맑음,단일로 - 기타,승용,남,34세,상해없음,이륜,남,21세,중상
2015053000100071,2015년 5월 30일 02시,토요일,인천광역시 옹진군 영흥면,중상사고,0,1,1,0,차대차 - 추돌 - 진행중,안전거리미확보,건조,맑음,단일로 - 교량,승용,남,27세,상해없음,화물,남,25세,중상
2015053000100108,2015년 5월 30일 04시,토요일,인천광역시 남동구 간석동,경상사고,0,0,2,0,차대차 - 측면직각충돌,안전운전불이행,건조,맑음,교차로 - 교차로부근,승용,남,31세,상해없음,승용,남,61세,경상
2015053000100156,2015년 5월 30일 07시,토요일,인천광역시 남구 학익동,경상사고,0,0,1,0,차대차 - 정면충돌,안전운전불이행,습기,비,교차로 - 교차로안,승용,여,38세,상해없음,승용,남,48세,경상
2015053000100157,2015년 5월 30일 07시,토요일,인천광역시 계양구 계산동,중상사고,0,1,0,0,차대사람 - 횡단중,안전운전불이행,습기,흐림,교차로 - 교차로안,승용,여,51세,상해없음,보행자,여,23세,중상
2015053000100177,2015년 5월 30일 08시,토요일,인천광역시 남동구 서창동,경상사고,0,0,1,0,차대차 - 추돌 - 주정차중,교차로운행방법위반,건조,맑음,교차로 - 교차로부근,승합,남,56세,상해없음,화물,남,47세,경상
2015053000100178,2015년 5월 30일 08시,토요일,인천광역시 서구 연희동,중상사고,0,2,2,0,차대차 - 측면직각충돌,신호위반,건조,맑음,교차로 - 교차로안,승용,여,39세,경상,승용,여,55세,경상
2015053000100179,2015년 5월 30일 08시,토요일,인천광역시 연수구 청학동,경상사고,0,0,1,0,차대차 - 기타,교차로운행방법위반,습기,비,교차로 - 교차로안,특수,남,33세,상해없음,승용,여,46세,경상
2015053000100209,2015년 5월 30일 09시,토요일,인천광역시 중구 신생동,중상사고,0,1,0,0,차대차 - 측면직각충돌,안전거리미확보,건조,맑음,단일로 - 기타,화물,남,52세,상해없음,이륜,남,70세,중상
2015053000100210,2015년 5월 30일 09시,토요일,인천광역시 계양구 작전동,중상사고,0,1,0,0,차대사람 - 횡단중,보행자보호의무위반,건조,맑음,단일로 - 횡단보도상,승용,남,36세,상해없음,보행자,여,21세,중상
2015053000100238,2015년 5월 30일 10시,토요일,인천광역시 남동구 운연동,중상사고,0,1,2,0,차대차 - 측면직각충돌,신호위반,건조,맑음,교차로 - 교차로안,승용,남,30세,상해없음,승용,여,55세,중상
2015053000100239,2015년 5월 30일 10시,토요일,인천광역시 부평구 구산동,경상사고,0,0,1,0,차대차 - 추돌 - 진행중,안전운전불이행,습기,흐림,교차로 - 교차로부근,승용,여,55세,상해없음,승용,남,33세,경상
2015053000100240,2015년 5월 30일 10시,토요일,인천광역시 계양구 서운동,경상사고,0,0,2,0,차대차 - 측면직각충돌,안전운전불이행,습기,흐림,단일로 - 기타,승합,남,55세,상해없음,승용,남,29세,경상
2015053000100270,2015년 5월 30일 11시,토요일,인천광역시 연수구 동춘동,중상사고,0,1,0,0,차대차 - 기타,안전운전불이행,건조,맑음,단일로 - 기타,특수,남,72세,상해없음,승용,남,52세,중상
2015053000100309,2015년 5월 30일 12시,토요일,인천광역시 남구 숭의동,경상사고,0,0,1,0,차대차 - 측면직각충돌,안전운전불이행,건조,맑음,단일로 - 기타,화물,남,51세,상해없음,승용,남,32세,경상
2015053000100310,2015년 5월 30일 12시,토요일,인천광역시 계양구 작전동,경상사고,0,0,1,0,차대사람 - 횡단중,보행자보호의무위반,건조,맑음,교차로 - 교차로안,승용,여,33세,상해없음,보행자,여,7세,경상
2015053000100311,2015년 5월 30일 12시,토요일,인천광역시 부평구 부개동,경상사고,0,0,1,0,차대차 - 측면직각충돌,신호위반,건조,맑음,교차로 - 교차로안,자전거,여,29세,경상,승용,남,39세,상해없음
2015053000100367,2015년 5월 30일 13시,토요일,인천광역시 서구 마전동,경상사고,0,0,1,0,차대차 - 측면직각충돌,안전운전불이행,습기,비,단일로 - 기타,승용,남,57세,상해없음,원동기,남,20세,경상
2015053000100399,2015년 5월 30일 14시,토요일,인천광역시 남동구 운연동,경상사고,0,0,2,0,차대차 - 추돌 - 주정차중,안전운전불이행,습기,흐림,단일로 - 기타,원동기,남,21세,상해없음,승용,여,39세,경상
2015053000100443,2015년 5월 30일 15시,토요일,인천광역시 서구 연희동,경상사고,0,0,2,0,차대차 - 측면직각충돌,안전운전불이행,건조,맑음,단일로 - 기타,승용,여,40세,경상,화물,남,52세,상해없음
2015053000100444,2015년 5월 30일 15시,토요일,인천광역시 계양구 동양동,경상사고,0,0,6,0,차대차 - 추돌 - 진행중,안전운전불이행,건조,맑음,단일로 - 기타,승합,남,49세,상해없음,승합,남,44세,상해없음
2015053000100445,2015년 5월 30일 15시,토요일,인천광역시 연수구 동춘동,중상사고,0,1,0,0,차대차 - 측면직각충돌,안전운전불이행,건조,맑음,단일로 - 기타,자전거,기타불명,기타불명,기타불명,자전거,남,16세,중상
2015053000100569,2015년 5월 30일 19시,토요일,인천광역시 남동구 논현동,경상사고,0,0,3,0,차대차 - 측면직각충돌,중앙선침범,건조,맑음,교차로 - 교차로부근,승용,여,49세,경상,승용,남,42세,경상
2015053000100612,2015년 5월 30일 20시,토요일,인천광역시 남동구 장수동,중상사고,0,1,0,0,차대사람 - 기타,안전운전불이행,건조,맑음,단일로 - 기타,승합,남,61세,상해없음,보행자,남,74세,중상
2015053000100642,2015년 5월 30일 21시,토요일,인천광역시 남구 도화동,경상사고,0,0,2,0,차대차 - 기타,신호위반,건조,맑음,교차로 - 교차로안,승용,남,36세,상해없음,승용,남,57세,경상
2015053000100643,2015년 5월 30일 21시,토요일,인천광역시 남구 용현동,경상사고,0,0,1,0,차대차 - 측면직각충돌,신호위반,건조,맑음,교차로 - 교차로안,승용,남,52세,상해없음,승용,남,55세,경상
2015053000100644,2015년 5월 30일 21시,토요일,인천광역시 남동구 구월동,경상사고,0,0,1,0,차대차 - 측면직각충돌,안전운전불이행,건조,맑음,교차로 - 교차로부근,기타불명,기타불명,기타불명,기타불명,화물,남,32세,경상
2015053000100705,2015년 5월 30일 23시,토요일,인천광역시 중구 을왕동,경상사고,0,0,1,0,차대차 - 측면직각충돌,안전운전불이행,건조,맑음,단일로 - 기타,승합,남,63세,경상,승합,남,46세,상해없음
2015053000100706,2015년 5월 30일 23시,토요일,인천광역시 서구 금곡동,중상사고,0,1,0,0,차대사람 - 보도통행중,안전운전불이행,건조,맑음,교차로 - 교차로부근,승용,여,26세,상해없음,보행자,남,33세,중상
2015053000100707,2015년 5월 30일 23시,토요일,인천광역시 계양구 계산동,경상사고,0,0,2,0,차대차 - 기타,안전운전불이행,건조,맑음,단일로 - 기타,승용,여,67세,상해없음,승용,남,49세,상해없음
2015053000100708,2015년 5월 30일 23시,토요일,인천광역시 계양구 효성동,경상사고,0,0,1,0,차대차 - 기타,중앙선침범,건조,맑음,단일로 - 기타,이륜,남,16세,상해없음,이륜,남,16세,경상
2015053100100017,2015년 5월 31일 00시,일요일,인천광역시 서구 검암동,경상사고,0,0,4,0,차대차 - 정면충돌,안전운전불이행,건조,맑음,단일로 - 기타,이륜,남,16세,상해없음,승용,여,43세,경상
2015053100100018,2015년 5월 31일 00시,일요일,인천광역시 부평구 부평동,경상사고,0,0,2,0,차대차 - 추돌 - 주정차중,안전운전불이행,건조,흐림,교차로 - 교차로부근,승용,남,33세,상해없음,승용,여,43세,경상
2015053100100044,2015년 5월 31일 02시,일요일,인천광역시 남구 숭의동,경상사고,0,0,1,0,차대사람 - 기타,안전운전불이행,건조,맑음,단일로 - 기타,승용,남,42세,상해없음,보행자,남,33세,경상
2015053100100066,2015년 5월 31일 04시,일요일,인천광역시 남동구 구월동,중상사고,0,1,0,0,차대사람 - 길가장자리구역통행중,안전운전불이행,건조,맑음,단일로 - 기타,승용,남,24세,상해없음,보행자,여,19세,중상
2015053100100124,2015년 5월 31일 08시,일요일,인천광역시 서구 마전동,경상사고,0,0,1,0,차대차 - 측면직각충돌,안전운전불이행,건조,맑음,교차로 - 교차로부근,승용,여,60세,상해없음,자전거,남,28세,경상
2015053100100142,2015년 5월 31일 09시,일요일,인천광역시 계양구 작전동,경상사고,0,0,1,0,차대사람 - 보도통행중,신호위반,건조,맑음,교차로 - 교차로안,승용,남,39세,상해없음,보행자,여,63세,경상
2015053100100143,2015년 5월 31일 09시,일요일,인천광역시 부평구 부평동,중상사고,0,1,0,0,차대사람 - 길가장자리구역통행중,안전운전불이행,건조,맑음,단일로 - 기타,화물,남,25세,상해없음,보행자,여,70세,중상
2015053100100162,2015년 5월 31일 10시,일요일,인천광역시 강화군 선원면,경상사고,0,0,1,0,차대차 - 추돌 - 진행중,안전운전불이행,건조,맑음,단일로 - 기타,승용,남,44세,상해없음,승용,남,59세,경상
2015053100100182,2015년 5월 31일 11시,일요일,인천광역시 부평구 십정동,경상사고,0,0,1,0,차대차 - 측면직각충돌,안전운전불이행,건조,맑음,교차로 - 교차로부근,승용,남,57세,상해없음,승용,남,54세,경상
2015053100100183,2015년 5월 31일 11시,일요일,인천광역시 연수구 연수동,부상신고사고,0,0,0,1,차대차 - 측면직각충돌,안전운전불이행,건조,맑음,단일로 - 기타,승용,기타불명,기타불명,기타불명,자전거,남,8세,부상신고
2015053100100212,2015년 5월 31일 12시,일요일,인천광역시 계양구 계산동,경상사고,0,0,1,0,차대차 - 측면직각충돌,교차로운행방법위반,건조,맑음,교차로 - 교차로안,승용,남,59세,상해없음,원동기,남,33세,경상
2015053100100250,2015년 5월 31일 13시,일요일,인천광역시 남구 주안동,중상사고,0,1,0,0,차대사람 - 보도통행중,안전운전불이행,건조,맑음,단일로 - 기타,승합,남,51세,기타불명,보행자,남,80세,중상
2015053100100251,2015년 5월 31일 13시,일요일,인천광역시 남동구 구월동,중상사고,0,1,0,0,차대차 - 측면직각충돌,안전운전불이행,건조,맑음,단일로 - 기타,승용,여,46세,상해없음,승용,남,33세,중상
2015053100100252,2015년 5월 31일 13시,일요일,인천광역시 강화군 화도면,경상사고,0,0,1,0,차대차 - 추돌 - 주정차중,안전운전불이행,건조,맑음,단일로 - 기타,승용,남,28세,상해없음,승용,남,28세,경상
2015053100100291,2015년 5월 31일 14시,일요일,인천광역시 서구 경서동,중상사고,0,1,0,0,차대사람 - 보도통행중,안전운전불이행,건조,맑음,교차로 - 교차로부근,승용,남,35세,상해없음,보행자,여,11세,중상
2015053100100292,2015년 5월 31일 14시,일요일,인천광역시 계양구 목상동,경상사고,0,0,1,0,차대차 - 측면직각충돌,안전운전불이행,건조,맑음,단일로 - 횡단보도상,자전거,남,24세,상해없음,자전거,남,55세,경상
2015053100100369,2015년 5월 31일 16시,일요일,인천광역시 계양구 작전동,경상사고,0,0,1,0,차대차 - 측면직각충돌,안전운전불이행,건조,맑음,교차로 - 교차로안,승용,남,52세,상해없음,이륜,남,36세,경상
2015053100100402,2015년 5월 31일 17시,일요일,인천광역시 남동구 만수동,경상사고,0,0,1,0,차대사람 - 보도통행중,안전운전불이행,건조,맑음,단일로 - 기타,기타불명,기타불명,기타불명,기타불명,보행자,여,9세,경상
2015053100100403,2015년 5월 31일 17시,일요일,인천광역시 강화군 화도면,경상사고,0,0,1,0,차대차 - 정면충돌,안전운전불이행,건조,맑음,단일로 - 기타,원동기,남,59세,경상,승용,남,36세,상해없음
2015053100100461,2015년 5월 31일 19시,일요일,인천광역시 옹진군 백령면,경상사고,0,0,1,0,차대차 - 추돌 - 진행중,중앙선침범,건조,맑음,단일로 - 기타,화물,남,50세,상해없음,농기계,남,85세,경상
2015053100100482,2015년 5월 31일 20시,일요일,인천광역시 남구 학익동,경상사고,0,0,2,0,차대차 - 추돌 - 진행중,안전운전불이행,건조,맑음,교차로 - 교차로부근,승용,남,63세,상해없음,승용,여,43세,경상
2015053100100483,2015년 5월 31일 20시,일요일,인천광역시 남구 주안동,경상사고,0,0,1,0,차대사람 - 길가장자리구역통행중,안전운전불이행,건조,흐림,교차로 - 교차로안,승용,남,61세,상해없음,보행자,남,30세,경상
2015053100100515,2015년 5월 31일 21시,일요일,인천광역시 부평구 십정동,경상사고,0,0,2,0,차대차 - 측면직각충돌,안전운전불이행,건조,맑음,교차로 - 교차로부근,승용,남,48세,상해없음,화물,남,47세,경상
2015053100100516,2015년 5월 31일 21시,일요일,인천광역시 계양구 용종동,중상사고,0,2,2,0,차대차 - 추돌 - 주정차중,안전운전불이행,건조,맑음,교차로 - 교차로부근,승용,남,58세,상해없음,승용,여,33세,중상
2015053100100517,2015년 5월 31일 21시,일요일,인천광역시 부평구 일신동,중상사고,0,2,1,0,차대차 - 측면직각충돌,안전운전불이행,건조,맑음,교차로 - 교차로안,승용,남,27세,기타불명,승용,남,35세,경상
2015053100100545,2015년 5월 31일 22시,일요일,인천광역시 연수구 송도동,중상사고,0,1,0,0,차대차 - 기타,안전거리미확보,건조,맑음,교차로 - 교차로부근,승용,여,47세,상해없음,이륜,남,18세,중상
2015053100100557,2015년 5월 31일 23시,일요일,인천광역시 남구 숭의동,경상사고,0,0,2,0,차대차 - 추돌 - 주정차중,안전운전불이행,건조,맑음,교차로 - 교차로부근,승용,남,27세,상해없음,승용,남,29세,경상
2015053100100558,2015년 5월 31일 23시,일요일,인천광역시 남동구 구월동,경상사고,0,0,2,0,차대차 - 추돌 - 주정차중,안전운전불이행,건조,맑음,단일로 - 기타,승용,남,28세,상해없음,승용,남,25세,경상
2015053100100559,2015년 5월 31일 23시,일요일,인천광역시 연수구 송도동,경상사고,0,0,2,0,차대차 - 기타,안전운전불이행,건조,맑음,교차로 - 교차로부근,승용,남,62세,상해없음,승용,남,21세,경상
2015060100100009,2015년 6월 1일 00시,월요일,인천광역시 부평구 청천동,중상사고,0,2,3,0,차대차 - 추돌 - 주정차중,안전운전불이행,건조,맑음,단일로 - 횡단보도부근,화물,남,49세,상해없음,승용,남,29세,중상
2015060100100027,2015년 6월 1일 02시,월요일,인천광역시 남구 주안동,경상사고,0,0,2,0,차대차 - 측면직각충돌,신호위반,건조,맑음,교차로 - 교차로안,승용,남,49세,상해없음,화물,남,53세,경상
2015060100100029,2015년 6월 1일 03시,월요일,인천광역시 부평구 부평동,경상사고,0,0,1,0,차대차 - 측면직각충돌,교차로운행방법위반,건조,맑음,교차로 - 교차로안,승용,남,24세,상해없음,승용,남,58세,경상
2015060100100037,2015년 6월 1일 04시,월요일,인천광역시 남구 주안동,중상사고,0,1,0,0,차대사람 - 횡단중,안전운전불이행,건조,맑음,교차로 - 교차로부근,승용,남,47세,상해없음,보행자,여,66세,중상
2015060100100062,2015년 6월 1일 06시,월요일,인천광역시 남구 용현동,중상사고,0,1,0,0,차대차 - 측면직각충돌,안전운전불이행,건조,맑음,교차로 - 교차로부근,승용,남,44세,상해없음,자전거,남,67세,중상
2015060100100098,2015년 6월 1일 07시,월요일,인천광역시 남동구 고잔동,중상사고,0,1,0,0,차대차 - 추돌 - 진행중,교차로운행방법위반,건조,맑음,교차로 - 교차로부근,승용,남,67세,상해없음,자전거,남,31세,중상
2015060100100099,2015년 6월 1일 07시,월요일,인천광역시 부평구 부개동,경상사고,0,0,1,0,차대차 - 정면충돌,안전운전불이행,건조,맑음,교차로 - 교차로안,승용,남,51세,상해없음,승용,남,60세,경상
2015060100100148,2015년 6월 1일 08시,월요일,인천광역시 부평구 청천동,경상사고,0,0,1,0,차대사람 - 기타,보행자보호의무위반,건조,맑음,교차로 - 교차로안,승용,여,56세,상해없음,보행자,남,32세,경상
2015060100100149,2015년 6월 1일 08시,월요일,인천광역시 부평구 십정동,부상신고사고,0,0,0,1,차대차 - 기타,안전운전불이행,건조,맑음,단일로 - 기타,기타불명,기타불명,기타불명,기타불명,자전거,남,13세,부상신고
2015060100100150,2015년 6월 1일 08시,월요일,인천광역시 남동구 논현동,경상사고,0,0,2,0,차대차 - 측면직각충돌,신호위반,건조,맑음,교차로 - 교차로안,승용,남,42세,상해없음,승용,여,36세,경상
2015060100100180,2015년 6월 1일 09시,월요일,인천광역시 남동구 구월동,경상사고,0,0,1,0,차대사람 - 차도통행중,안전운전불이행,건조,맑음,교차로 - 교차로부근,승용,여,42세,상해없음,보행자,여,59세,경상
2015060100100212,2015년 6월 1일 10시,월요일,인천광역시 남동구 고잔동,경상사고,0,0,4,0,차대차 - 추돌 - 주정차중,안전운전불이행,건조,맑음,단일로 - 기타,승합,남,54세,상해없음,승용,남,36세,경상
2015060100100243,2015년 6월 1일 11시,월요일,인천광역시 계양구 계산동,경상사고,0,0,1,0,차대차 - 측면직각충돌,신호위반,건조,맑음,교차로 - 교차로안,승용,여,32세,상해없음,자전거,여,47세,경상
2015060100100273,2015년 6월 1일 12시,월요일,인천광역시 서구 심곡동,부상신고사고,0,0,0,1,차대차 - 측면직각충돌,중앙선침범,건조,맑음,단일로 - 기타,승용,여,49세,상해없음,원동기,남,52세,부상신고
2015060100100274,2015년 6월 1일 12시,월요일,인천광역시 서구 공촌동,경상사고,0,0,2,0,차대차 - 측면직각충돌,안전운전불이행,건조,맑음,교차로 - 교차로안,승용,여,43세,상해없음,승합,여,32세,경상
2015060100100299,2015년 6월 1일 13시,월요일,인천광역시 남구 용현동,경상사고,0,0,1,0,차대사람 - 기타,안전운전불이행,건조,맑음,단일로 - 기타,승용,남,73세,상해없음,보행자,남,53세,경상
2015060100100326,2015년 6월 1일 14시,월요일,인천광역시 중구 북성동1가,경상사고,0,0,3,0,차량단독 - 공작물충돌,과속,건조,맑음,단일로 - 교량,승용,남,26세,상해없음,,,,
2015060100100327,2015년 6월 1일 14시,월요일,인천광역시 남동구 만수동,중상사고,0,1,0,0,차대사람 - 횡단중,안전운전불이행,건조,맑음,단일로 - 기타,자전거,남,58세,상해없음,보행자,여,6세,중상
2015060100100328,2015년 6월 1일 14시,월요일,인천광역시 남동구 논현동,경상사고,0,0,2,0,차대차 - 측면직각충돌,안전운전불이행,건조,맑음,단일로 - 기타,승용,여,33세,상해없음,승합,남,55세,상해없음
2015060100100329,2015년 6월 1일 14시,월요일,인천광역시 연수구 옥련동,중상사고,0,1,1,0,차대차 - 기타,안전운전불이행,건조,맑음,교차로 - 교차로안,화물,남,53세,상해없음,승용,여,52세,중상
2015060100100364,2015년 6월 1일 15시,월요일,인천광역시 계양구 계산동,중상사고,0,1,0,0,차대사람 - 횡단중,신호위반,건조,맑음,교차로 - 교차로안,승합,남,62세,상해없음,보행자,여,33세,중상
2015060100100365,2015년 6월 1일 15시,월요일,인천광역시 강화군 강화읍,중상사고,0,1,0,0,차량단독 - 전도전복,안전운전불이행,건조,맑음,단일로 - 기타,화물,남,54세,상해없음,,,,
2015060100100407,2015년 6월 1일 16시,월요일,인천광역시 남동구 만수동,경상사고,0,0,1,0,차대사람 - 차도통행중,안전운전불이행,건조,맑음,단일로 - 기타,건설기계,남,49세,상해없음,보행자,여,73세,경상
2015060100100408,2015년 6월 1일 16시,월요일,인천광역시 남동구 논현동,경상사고,0,0,2,0,차대차 - 측면직각충돌,안전거리미확보,건조,맑음,단일로 - 기타,승용,남,53세,경상,승용,여,51세,경상
2015060100100506,2015년 6월 1일 18시,월요일,인천광역시 연수구 선학동,중상사고,0,1,0,0,차대차 - 기타,안전운전불이행,건조,맑음,기타 - 기타,승용,남,56세,상해없음,자전거,남,65세,중상
2015060100100584,2015년 6월 1일 20시,월요일,인천광역시 서구 당하동,중상사고,0,1,0,0,차대차 - 추돌 - 주정차중,안전운전불이행,건조,맑음,교차로 - 교차로안,화물,남,53세,상해없음,승용,여,26세,중상
2015060100100585,2015년 6월 1일 20시,월요일,인천광역시 연수구 옥련동,중상사고,0,1,0,0,차대차 - 측면직각충돌,안전거리미확보,건조,맑음,교차로 - 교차로부근,승용,남,59세,상해없음,이륜,남,16세,중상
2015060100100586,2015년 6월 1일 20시,월요일,인천광역시 부평구 일신동,경상사고,0,0,1,0,차대사람 - 횡단중,보행자보호의무위반,건조,맑음,교차로 - 교차로안,승용,여,38세,상해없음,보행자,여,45세,경상
2015060100100631,2015년 6월 1일 21시,월요일,인천광역시 계양구 용종동,중상사고,0,1,0,0,차대차 - 추돌 - 진행중,안전운전불이행,건조,맑음,단일로 - 기타,화물,남,58세,상해없음,승용,여,57세,중상
2015060100100632,2015년 6월 1일 21시,월요일,인천광역시 계양구 박촌동,중상사고,0,1,0,0,차대사람 - 차도통행중,안전운전불이행,건조,맑음,단일로 - 기타,승용,남,44세,상해없음,보행자,남,75세,중상
2015060100100662,2015년 6월 1일 22시,월요일,인천광역시 남구 숭의동,경상사고,0,0,1,0,차대차 - 측면직각충돌,신호위반,건조,맑음,단일로 - 기타,승용,남,52세,상해없음,승용,남,45세,경상
2015060100100683,2015년 6월 1일 23시,월요일,인천광역시 부평구 십정동,중상사고,0,2,3,0,차대차 - 측면직각충돌,안전운전불이행,건조,맑음,교차로 - 교차로부근,승용,남,28세,상해없음,승용,남,42세,경상
2015060200100017,2015년 6월 2일 00시,화요일,인천광역시 부평구 부평동,중상사고,0,2,0,0,차대차 - 측면직각충돌,신호위반,건조,맑음,교차로 - 교차로안,승용,남,28세,상해없음,승용,남,40세,중상
2015060200100045,2015년 6월 2일 03시,화요일,인천광역시 남구 주안동,부상신고사고,0,0,0,1,차대사람 - 횡단중,안전운전불이행,건조,맑음,단일로 - 기타,화물,남,32세,상해없음,보행자,남,41세,부상신고
2015060200100046,2015년 6월 2일 03시,화요일,인천광역시 남동구 서창동,중상사고,0,1,1,0,차대차 - 기타,기타,건조,맑음,단일로 - 기타,화물,기타불명,기타불명,기타불명,승용,여,18세,상해없음
2015060200100135,2015년 6월 2일 08시,화요일,인천광역시 부평구 청천동,중상사고,0,1,0,0,차대차 - 측면직각충돌,중앙선침범,건조,맑음,교차로 - 교차로부근,승용,남,45세,상해없음,승용,남,21세,중상