사고번호,사고일시,요일,시군구,사고내용,사망자수,중상자수,경상자수,부상신고자수,사고유형,법규위반,노면상태,기상상태,도로형태,가해운전자 차종,가해운전자 성별,가해운전자 연령,가해운전자 상해정도,피해운전자 차종,피해운전자 성별,피해운전자 연령,피해운전자 상해정도
2015061600100290,2015년 6월 16일 14시,화요일,인천광역시 부평구 부평동,경상사고,0,0,1,0,차대차 - 측면직각충돌,안전운전불이행,건조,맑음,교차로 - 교차로부근,승용,남,23세,상해없음,승합,남,55세,경상
2015061600100291,2015년 6월 16일 14시,화요일,인천광역시 부평구 부개동,중상사고,0,1,0,0,차대차 - 측면직각충돌,중앙선침범,건조,맑음,단일로 - 기타,승용,여,55세,상해없음,원동기,남,36세,중상
2015061600100323,2015년 6월 16일 15시,화요일,인천광역시 남동구 장수동,경상사고,0,0,1,0,차대사람 - 길가장자리구역통행중,안전운전불이행,건조,맑음,단일로 - 기타,승용,남,79세,상해없음,보행자,남,60세,경상
2015061600100324,2015년 6월 16일 15시,화요일,인천광역시 서구 왕길동,경상사고,0,0,2,0,차대차 - 추돌 - 진행중,차로위반,건조,맑음,미분류 - 미분류,화물,남,59세,기타불명,승용,남,27세,경상
2015061600100379,2015년 6월 16일 16시,화요일,인천광역시 연수구 송도동,경상사고,0,0,1,0,차대차 - 추돌 - 진행중,안전운전불이행,건조,맑음,단일로 - 기타,승용,여,35세,상해없음,승용,남,44세,경상
2015061600100409,2015년 6월 16일 17시,화요일,인천광역시 부평구 부평동,경상사고,0,0,1,0,차량단독 - 기타,안전운전불이행,건조,맑음,단일로 - 기타,승합,남,48세,상해없음,,,,
2015061600100454,2015년 6월 16일 18시,화요일,인천광역시 계양구 작전동,경상사고,0,0,1,0,차대사람 - 횡단중,안전운전불이행,건조,맑음,단일로 - 기타,승용,남,57세,상해없음,보행자,남,9세,경상
2015061600100493,2015년 6월 16일 19시,화요일,인천광역시 부평구 청천동,중상사고,0,1,0,0,차대차 - 측면직각충돌,안전거리미확보,건조,맑음,단일로 - 기타,승합,남,55세,상해없음,자전거,남,60세,중상
2015061600100494,2015년 6월 16일 19시,화요일,인천광역시 남동구 구월동,경상사고,0,0,1,0,차대사람 - 횡단중,보행자보호의무위반,건조,맑음,교차로 - 교차로부근,기타불명,기타불명,기타불명,기타불명,보행자,여,22세,경상
2015061600100522,2015년 6월 16일 20시,화요일,인천광역시 남동구 논현동,부상신고사고,0,0,0,1,차대차 - 측면직각충돌,안전운전불이행,건조,맑음,단일로 - 기타,이륜,남,56세,부상신고,승용,남,50세,상해없음
2015061600100555,2015년 6월 16일 21시,화요일,인천광역시 계양구 서운동,경상사고,0,0,2,0,차대차 - 측면직각충돌,안전거리미확보,건조,맑음,단일로 - 기타,승용,남,27세,상해없음,화물,남,38세,경상
2015061600100583,2015년 6월 16일 22시,화요일,인천광역시 연수구 선학동,중상사고,0,1,0,0,차대차 - 측면직각충돌,안전운전불이행,건조,맑음,교차로 - 교차로안,기타불명,기타불명,기타불명,기타불명,승용,남,39세,중상
2015061700100016,2015년 6월 17일 00시,수요일,인천광역시 연수구 연수동,경상사고,0,0,2,0,차대차 - 기타,신호위반,건조,맑음,교차로 - 교차로안,승용,남,29세,상해없음,승용,남,51세,경상
2015061700100055,2015년 6월 17일 04시,수요일,인천광역시 남동구 간석동,경상사고,0,0,2,0,차대차 - 추돌 - 진행중,안전거리미확보,건조,맑음,단일로 - 기타,승용,남,69세,상해없음,승용,여,34세,경상
2015061700100072,2015년 6월 17일 06시,수요일,인천광역시 남구 주안동,경상사고,0,0,1,0,차대차 - 기타,안전운전불이행,건조,맑음,단일로 - 기타,승용,남,39세,상해없음,승용,남,29세,기타불명
2015061700100101,2015년 6월 17일 07시,수요일,인천광역시 서구 왕길동,경상사고,0,0,1,0,차대차 - 측면직각충돌,안전운전불이행,건조,맑음,단일로 - 기타,승용,남,32세,상해없음,이륜,남,34세,경상
2015061700100160,2015년 6월 17일 09시,수요일,인천광역시 서구 당하동,중상사고,0,1,0,0,차대차 - 측면직각충돌,안전운전불이행,건조,맑음,단일로 - 기타,이륜,남,48세,중상,승용,남,51세,상해없음
2015061700100293,2015년 6월 17일 14시,수요일,인천광역시 연수구 옥련동,중상사고,0,1,0,0,차대차 - 기타,안전운전불이행,건조,맑음,단일로 - 기타,승용,남,33세,상해없음,승용,남,35세,중상
2015061700100314,2015년 6월 17일 15시,수요일,인천광역시 서구 오류동,중상사고,0,1,0,0,차대사람 - 횡단중,보행자보호의무위반,건조,맑음,단일로 - 기타,승용,여,36세,상해없음,보행자,여,63세,중상
2015061700100386,2015년 6월 17일 17시,수요일,인천광역시 남구 용현동,중상사고,0,1,0,0,차대사람 - 횡단중,안전운전불이행,건조,맑음,단일로 - 기타,승용,여,47세,상해없음,보행자,남,6세,중상
2015061700100430,2015년 6월 17일 18시,수요일,인천광역시 남구 주안동,중상사고,0,1,0,0,차대사람 - 횡단중,안전운전불이행,건조,맑음,단일로 - 기타,화물,남,54세,상해없음,보행자,여,9세,중상
2015061700100498,2015년 6월 17일 20시,수요일,인천광역시 남구 용현동,경상사고,0,0,1,0,차대차 - 측면직각충돌,신호위반,건조,맑음,단일로 - 횡단보도상,승합,남,67세,상해없음,자전거,남,12세,경상
2015061700100580,2015년 6월 17일 23시,수요일,인천광역시 남동구 남촌동,경상사고,0,0,1,0,차대차 - 측면직각충돌,안전거리미확보,건조,맑음,단일로 - 기타,승용,남,53세,상해없음,승용,남,51세,상해없음
2015061700100581,2015년 6월 17일 23시,수요일,인천광역시 계양구 작전동,경상사고,0,0,1,0,차대차 - 추돌 - 주정차중,안전운전불이행,건조,맑음,단일로 - 기타,승용,남,34세,상해없음,승용,남,58세,경상
2015061800100027,2015년 6월 18일 00시,목요일,인천광역시 남동구 논현동,경상사고,0,0,1,0,차대차 - 측면직각충돌,교차로운행방법위반,건조,맑음,단일로 - 기타,이륜,남,46세,상해없음,승용,남,39세,경상
2015061800100059,2015년 6월 18일 02시,목요일,인천광역시 남구 주안동,부상신고사고,0,0,0,1,차대사람 - 길가장자리구역통행중,안전운전불이행,건조,맑음,단일로 - 기타,승용,남,47세,상해없음,보행자,남,21세,부상신고
2015061800100071,2015년 6월 18일 04시,목요일,인천광역시 남구 관교동,중상사고,0,1,0,0,차대차 - 측면직각충돌,신호위반,건조,맑음,교차로 - 교차로안,원동기,남,28세,상해없음,승용,남,23세,중상
2015061800100083,2015년 6월 18일 05시,목요일,인천광역시 중구 신흥동2가,중상사고,0,1,0,0,차대사람 - 횡단중,안전운전불이행,건조,맑음,단일로 - 횡단보도상,기타불명,기타불명,기타불명,기타불명,보행자,여,81세,중상
2015061800100238,2015년 6월 18일 11시,목요일,인천광역시 중구 신흥동3가,중상사고,0,1,0,0,차량단독 - 공작물충돌,안전운전불이행,건조,맑음,단일로 - 기타,화물,남,36세,중상,,,,
2015061800100239,2015년 6월 18일 11시,목요일,인천광역시 부평구 부개동,중상사고,0,2,0,0,차대차 - 기타,차로위반,건조,맑음,단일로 - 기타,화물,남,46세,상해없음,승용,남,65세,중상
2015061800100257,2015년 6월 18일 12시,목요일,인천광역시 남구 도화동,경상사고,0,0,1,0,차대차 - 측면직각충돌,직진우회전진행방해,건조,맑음,교차로 - 교차로안,화물,남,58세,상해없음,승용,남,36세,경상
2015061800100286,2015년 6월 18일 13시,목요일,인천광역시 남동구 만수동,경상사고,0,0,1,0,차대차 - 측면직각충돌,안전거리미확보,건조,맑음,단일로 - 기타,화물,남,64세,상해없음,승용,여,55세,경상
2015061800100310,2015년 6월 18일 14시,목요일,인천광역시 부평구 부평동,경상사고,0,0,2,0,차량단독 - 기타,안전운전불이행,건조,맑음,단일로 - 기타,승합,남,50세,상해없음,,,,
2015061800100412,2015년 6월 18일 17시,목요일,인천광역시 서구 가좌동,경상사고,0,0,1,0,차대차 - 측면직각충돌,안전운전불이행,건조,맑음,단일로 - 기타,승용,남,67세,상해없음,승용,남,38세,경상
2015061800100452,2015년 6월 18일 18시,목요일,인천광역시 계양구 작전동,중상사고,0,1,0,0,차대사람 - 기타,안전운전불이행,건조,맑음,단일로 - 기타,승합,남,42세,상해없음,보행자,여,2세,중상
2015061800100531,2015년 6월 18일 20시,목요일,인천광역시 남구 용현동,부상신고사고,0,0,0,1,차대차 - 기타,안전운전불이행,건조,맑음,단일로 - 기타,기타불명,기타불명,기타불명,기타불명,승용,여,57세,부상신고
2015061800100532,2015년 6월 18일 20시,목요일,인천광역시 남동구 만수동,중상사고,0,1,0,0,차대차 - 측면직각충돌,안전운전불이행,건조,맑음,단일로 - 기타,이륜,남,16세,상해없음,이륜,남,32세,중상
2015061800100567,2015년 6월 18일 21시,목요일,인천광역시 남동구 간석동,경상사고,0,0,1,0,차대차 - 측면직각충돌,안전운전불이행,건조,맑음,단일로 - 기타,승합,남,70세,상해없음,이륜,남,23세,상해없음
2015061800100600,2015년 6월 18일 22시,목요일,인천광역시 부평구 십정동,경상사고,0,0,2,0,차대차 - 측면직각충돌,안전운전불이행,건조,맑음,교차로 - 교차로안,승용,여,57세,상해없음,승용,여,44세,경상
2015061800100601,2015년 6월 18일 22시,목요일,인천광역시 연수구 연수동,경상사고,0,0,3,0,차대차 - 기타,안전운전불이행,건조,맑음,단일로 - 기타,승용,남,43세,상해없음,승용,남,45세,경상
2015061800100602,2015년 6월 18일 22시,목요일,인천광역시 부평구 부개동,경상사고,0,0,3,0,차대차 - 추돌 - 주정차중,안전운전불이행,건조,맑음,단일로 - 기타,승용,남,27세,상해없음,승용,남,50세,경상
2015061800100625,2015년 6월 18일 23시,목요일,인천광역시 계양구 계산동,경상사고,0,0,4,0,차대차 - 측면직각충돌,신호위반,건조,맑음,교차로 - 교차로안,승용,남,58세,경상,승용,남,54세,경상
2015061900100023,2015년 6월 19일 00시,금요일,인천광역시 계양구 계산동,경상사고,0,0,1,0,차대차 - 측면직각충돌,안전운전불이행,건조,맑음,단일로 - 기타,승용,남,50세,상해없음,승용,남,53세,기타불명
2015061900100024,2015년 6월 19일 00시,금요일,인천광역시 계양구 효성동,중상사고,0,1,1,0,차대차 - 기타,안전운전불이행,건조,맑음,교차로 - 교차로안,승용,여,35세,상해없음,승용,남,25세,경상
2015061900100066,2015년 6월 19일 03시,금요일,인천광역시 서구 원창동,중상사고,0,1,2,0,차대차 - 측면직각충돌,신호위반,건조,맑음,교차로 - 교차로안,승용,남,29세,경상,승용,남,54세,중상
2015061900100067,2015년 6월 19일 03시,금요일,인천광역시 계양구 임학동,부상신고사고,0,0,0,1,차대사람 - 기타,안전운전불이행,건조,맑음,단일로 - 기타,승용,남,54세,상해없음,보행자,남,19세,부상신고
2015061900100088,2015년 6월 19일 05시,금요일,인천광역시 남동구 고잔동,경상사고,0,0,1,0,차대차 - 측면직각충돌,신호위반,건조,맑음,교차로 - 교차로안,승용,여,21세,상해없음,승용,남,48세,경상
2015061900100128,2015년 6월 19일 07시,금요일,인천광역시 남구 도화동,경상사고,0,0,1,0,차대차 - 측면직각충돌,안전운전불이행,건조,맑음,교차로 - 교차로부근,승용,남,26세,상해없음,승용,남,28세,경상
2015061900100129,2015년 6월 19일 07시,금요일,인천광역시 남동구 간석동,경상사고,0,0,1,0,차대차 - 측면직각충돌,교차로운행방법위반,건조,맑음,단일로 - 기타,이륜,남,44세,상해없음,자전거,남,13세,경상
2015061900100130,2015년 6월 19일 07시,금요일,인천광역시 부평구 부평동,경상사고,0,0,1,0,차대차 - 추돌 - 주정차중,안전운전불이행,건조,맑음,단일로 - 기타,승용,남,44세,상해없음,승용,남,29세,경상
2015061900100189,2015년 6월 19일 09시,금요일,인천광역시 부평구 부개동,경상사고,0,0,1,0,차대차 - 측면직각충돌,신호위반,건조,맑음,교차로 - 교차로안,자전거,남,21세,경상,승용,여,52세,상해없음
2015061900100249,2015년 6월 19일 11시,금요일,인천광역시 연수구 옥련동,경상사고,0,0,2,0,차대차 - 기타,안전운전불이행,건조,맑음,교차로 - 교차로부근,승용,남,39세,상해없음,승합,남,55세,경상
2015061900100302,2015년 6월 19일 13시,금요일,인천광역시 중구 운북동,중상사고,0,1,0,0,차대차 - 측면직각충돌,교차로운행방법위반,건조,맑음,교차로 - 교차로안,승용,여,44세,중상,화물,남,47세,상해없음
2015061900100303,2015년 6월 19일 13시,금요일,인천광역시 중구 운서동,중상사고,0,2,0,0,차대차 - 측면직각충돌,과속,건조,맑음,단일로 - 기타,승합,남,56세,중상,승용,남,63세,중상
2015061900100361,2015년 6월 19일 15시,금요일,인천광역시 남동구 구월동,부상신고사고,0,0,0,2,차대사람 - 횡단중,보행자보호의무위반,건조,맑음,단일로 - 기타,승용,기타불명,기타불명,기타불명,보행자,여,24세,부상신고
2015061900100362,2015년 6월 19일 15시,금요일,인천광역시 서구 마전동,중상사고,0,1,0,0,차대사람 - 차도통행중,안전운전불이행,건조,맑음,단일로 - 기타,화물,남,42세,상해없음,보행자,여,77세,중상
2015061900100399,2015년 6월 19일 16시,금요일,인천광역시 남구 문학동,경상사고,0,0,1,0,차대사람 - 차도통행중,안전운전불이행,건조,맑음,단일로 - 기타,승용,여,18세,상해없음,보행자,여,17세,경상
2015061900100400,2015년 6월 19일 16시,금요일,인천광역시 서구 검암동,경상사고,0,0,1,0,차대사람 - 횡단중,보행자보호의무위반,건조,맑음,단일로 - 횡단보도상,화물,남,54세,상해없음,보행자,여,17세,경상
2015061900100496,2015년 6월 19일 18시,금요일,인천광역시 중구 덕교동,경상사고,0,0,1,0,차대사람 - 횡단중,안전운전불이행,건조,맑음,단일로 - 기타,승용,여,20세,상해없음,보행자,여,78세,경상
2015061900100497,2015년 6월 19일 18시,금요일,인천광역시 남동구 남촌동,경상사고,0,0,1,0,차대차 - 측면직각충돌,교차로운행방법위반,건조,맑음,교차로 - 교차로안,승용,남,50세,상해없음,승용,여,47세,경상
2015061900100498,2015년 6월 19일 18시,금요일,인천광역시 서구 당하동,경상사고,0,0,1,0,차대차 - 측면직각충돌,신호위반,건조,맑음,교차로 - 교차로안,승용,남,62세,상해없음,이륜,남,18세,경상
2015061900100542,2015년 6월 19일 19시,금요일,인천광역시 남구 주안동,경상사고,0,0,1,0,차대차 - 측면직각충돌,안전거리미확보,건조,맑음,교차로 - 교차로부근,승합,남,43세,상해없음,승용,남,67세,경상
2015061900100543,2015년 6월 19일 19시,금요일,인천광역시 남동구 남촌동,경상사고,0,0,1,0,차대사람 - 횡단중,안전운전불이행,건조,맑음,단일로 - 기타,승용,남,43세,상해없음,보행자,여,50세,경상
2015061900100577,2015년 6월 19일 20시,금요일,인천광역시 남구 도화동,경상사고,0,0,1,0,차대사람 - 차도통행중,안전운전불이행,건조,맑음,단일로 - 기타,승용,남,34세,상해없음,보행자,남,23세,경상
2015061900100578,2015년 6월 19일 20시,금요일,인천광역시 부평구 부평동,경상사고,0,0,2,0,차대차 - 기타,교차로운행방법위반,건조,맑음,교차로 - 교차로안,승용,남,52세,상해없음,승용,남,22세,경상
2015062000100025,2015년 6월 20일 00시,토요일,인천광역시 부평구 청천동,경상사고,0,0,1,0,차대차 - 기타,신호위반,건조,맑음,교차로 - 교차로안,이륜,남,28세,상해없음,승용,남,65세,경상
2015062000100026,2015년 6월 20일 00시,토요일,인천광역시 남동구 고잔동,중상사고,0,3,0,0,차대차 - 측면직각충돌,신호위반,건조,맑음,교차로 - 교차로안,승용,남,55세,중상,승용,남,32세,중상
2015062000100042,2015년 6월 20일 01시,토요일,인천광역시 남동구 간석동,중상사고,0,1,0,0,차대차 - 측면직각충돌,교차로운행방법위반,건조,맑음,교차로 - 교차로부근,승용,남,49세,상해없음,승용,남,59세,중상
2015062000100043,2015년 6월 20일 01시,토요일,인천광역시 서구 금곡동,경상사고,0,0,3,0,차대차 - 추돌 - 진행중,안전운전불이행,건조,맑음,단일로 - 기타,화물,남,46세,상해없음,승용,남,45세,경상
2015062000100044,2015년 6월 20일 01시,토요일,인천광역시 서구 가정동,경상사고,0,0,2,0,차대차 - 추돌 - 진행중,안전운전불이행,건조,맑음,단일로 - 기타,승용,남,44세,상해없음,승용,남,32세,경상
2015062000100065,2015년 6월 20일 02시,토요일,인천광역시 중구 인현동,경상사고,0,0,1,0,차대차 - 정면충돌,차로위반,건조,맑음,단일로 - 기타,이륜,남,18세,상해없음,승용,남,47세,상해없음
2015062000100135,2015년 6월 20일 06시,토요일,인천광역시 남동구 고잔동,경상사고,0,0,1,1,차대차 - 측면직각충돌,중앙선침범,건조,맑음,단일로 - 기타,승용,남,27세,경상,화물,남,42세,부상신고
2015062000100175,2015년 6월 20일 09시,토요일,인천광역시 계양구 계산동,경상사고,0,0,1,0,차대차 - 측면직각충돌,안전운전불이행,건조,맑음,교차로 - 교차로안,자전거,남,44세,경상,승용,남,65세,상해없음
2015062000100232,2015년 6월 20일 11시,토요일,인천광역시 남구 주안동,부상신고사고,0,0,0,1,차대사람 - 기타,안전운전불이행,건조,흐림,단일로 - 기타,승용,남,37세,상해없음,보행자,남,22세,부상신고
2015062000100270,2015년 6월 20일 12시,토요일,인천광역시 연수구 동춘동,경상사고,0,0,1,0,차대차 - 측면직각충돌,안전운전불이행,습기,비,교차로 - 교차로안,승용,여,52세,상해없음,승용,여,40세,경상
2015062000100271,2015년 6월 20일 12시,토요일,인천광역시 부평구 부개동,경상사고,0,0,1,0,차대사람 - 기타,안전운전불이행,습기,비,단일로 - 기타,승용,남,27세,상해없음,보행자,남,10세,경상
2015062000100303,2015년 6월 20일 13시,토요일,인천광역시 연수구 동춘동,부상신고사고,0,0,0,1,차대차 - 기타,안전운전불이행,습기,비,교차로 - 교차로안,승용,남,37세,상해없음,자전거,남,13세,부상신고
2015062000100337,2015년 6월 20일 14시,토요일,인천광역시 동구 송림동,경상사고,0,0,2,0,차대차 - 추돌 - 진행중,안전운전불이행,습기,비,교차로 - 교차로부근,승용,남,62세,상해없음,화물,남,49세,경상
2015062000100380,2015년 6월 20일 15시,토요일,인천광역시 남동구 만수동,경상사고,0,0,2,0,차대차 - 추돌 - 주정차중,안전운전불이행,습기,비,단일로 - 기타,승용,남,44세,상해없음,승용,남,57세,상해없음
2015062000100381,2015년 6월 20일 15시,토요일,인천광역시 서구 가정동,경상사고,0,0,5,0,차대차 - 측면직각충돌,신호위반,습기,비,단일로 - 기타,승용,여,54세,기타불명,승용,남,34세,경상
2015062000100465,2015년 6월 20일 17시,토요일,인천광역시 남구 숭의동,중상사고,0,1,0,0,차대사람 - 횡단중,안전운전불이행,습기,비,교차로 - 교차로부근,승용,남,30세,상해없음,보행자,여,70세,중상
2015062000100533,2015년 6월 20일 19시,토요일,인천광역시 계양구 용종동,경상사고,0,0,1,0,차대차 - 측면직각충돌,안전운전불이행,습기,비,교차로 - 교차로부근,승용,남,23세,상해없음,승용,여,51세,경상
2015062000100534,2015년 6월 20일 19시,토요일,인천광역시 부평구 부평동,중상사고,0,1,0,0,차대차 - 측면직각충돌,직진우회전진행방해,습기,비,교차로 - 교차로안,화물,남,34세,상해없음,이륜,남,32세,중상
2015062000100562,2015년 6월 20일 20시,토요일,인천광역시 남동구 구월동,경상사고,0,0,1,0,차대차 - 추돌 - 주정차중,안전운전불이행,습기,비,단일로 - 기타,승용,여,26세,상해없음,승용,여,43세,경상
2015062000100593,2015년 6월 20일 21시,토요일,인천광역시 남동구 만수동,경상사고,0,0,4,0,차대차 - 추돌 - 주정차중,안전운전불이행,건조,맑음,교차로 - 교차로부근,승용,남,42세,상해없음,승용,남,35세,경상
2015062000100614,2015년 6월 20일 22시,토요일,인천광역시 중구 신흥동3가,경상사고,0,0,1,0,차대사람 - 횡단중,신호위반,습기,흐림,교차로 - 교차로부근,이륜,남,19세,상해없음,보행자,남,49세,경상
2015062000100615,2015년 6월 20일 22시,토요일,인천광역시 남동구 논현동,경상사고,0,0,1,0,차대차 - 추돌 - 주정차중,안전거리미확보,건조,맑음,교차로 - 교차로부근,승용,남,46세,상해없음,승용,여,46세,경상
2015062100100020,2015년 6월 21일 00시,일요일,인천광역시 부평구 십정동,경상사고,0,0,1,0,차대사람 - 기타,안전운전불이행,습기,흐림,교차로 - 교차로부근,화물,남,54세,상해없음,보행자,남,48세,경상
2015062100100021,2015년 6월 21일 00시,일요일,인천광역시 계양구 작전동,경상사고,0,0,1,0,차대사람 - 기타,안전운전불이행,건조,맑음,교차로 - 교차로부근,승용,남,57세,상해없음,보행자,남,53세,경상
2015062100100044,2015년 6월 21일 01시,일요일,인천광역시 남동구 만수동,경상사고,0,0,2,0,차대차 - 추돌 - 진행중,안전운전불이행,건조,맑음,교차로 - 교차로부근,승용,남,31세,상해없음,승용,여,35세,경상
2015062100100068,2015년 6월 21일 03시,일요일,인천광역시 서구 가정동,중상사고,0,1,0,0,차대사람 - 차도통행중,안전운전불이행,건조,맑음,교차로 - 교차로안,승용,남,50세,상해없음,보행자,남,47세,중상
2015062100100143,2015년 6월 21일 09시,일요일,인천광역시 남동구 남촌동,경상사고,0,0,1,0,차대차 - 추돌 - 주정차중,안전운전불이행,건조,맑음,단일로 - 기타,승용,남,47세,상해없음,승용,남,57세,경상
2015062100100186,2015년 6월 21일 11시,일요일,인천광역시 남구 주안동,경상사고,0,0,1,0,차대차 - 측면직각충돌,안전운전불이행,건조,맑음,교차로 - 교차로안,승용,남,55세,상해없음,자전거,남,10세,경상
2015062100100215,2015년 6월 21일 12시,일요일,인천광역시 연수구 송도동,중상사고,0,1,1,0,차대차 - 측면직각충돌,신호위반,건조,맑음,교차로 - 교차로안,승용,남,57세,상해없음,승용,남,49세,경상
2015062100100249,2015년 6월 21일 13시,일요일,인천광역시 부평구 갈산동,중상사고,0,2,1,1,차대차 - 기타,신호위반,건조,맑음,교차로 - 교차로안,승용,여,50세,부상신고,승용,여,38세,중상
2015062100100281,2015년 6월 21일 14시,일요일,인천광역시 계양구 목상동,경상사고,0,0,1,0,차대차 - 정면충돌,안전운전불이행,건조,맑음,단일로 - 기타,자전거,여,7세,상해없음,자전거,여,24세,경상
2015062100100340,2015년 6월 21일 16시,일요일,인천광역시 부평구 산곡동,경상사고,0,0,1,0,차대사람 - 길가장자리구역통행중,안전운전불이행,건조,맑음,단일로 - 기타,승용,남,51세,상해없음,보행자,여,42세,경상
2015062100100341,2015년 6월 21일 16시,일요일,인천광역시 남동구 논현동,경상사고,0,0,1,0,차대차 - 추돌 - 진행중,안전운전불이행,건조,맑음,단일로 - 기타,승용,남,30세,상해없음,자전거,남,13세,경상
2015062100100342,2015년 6월 21일 16시,일요일,인천광역시 강화군 길상면,중상사고,0,1,0,0,차대차 - 기타,안전운전불이행,건조,맑음,단일로 - 기타,승용,여,51세,상해없음,이륜,남,88세,중상
2015062100100435,2015년 6월 21일 19시,일요일,인천광역시 서구 당하동,중상사고,0,1,0,0,차대차 - 추돌 - 주정차중,안전운전불이행,건조,맑음,단일로 - 기타,자전거,남,54세,중상,건설기계,남,54세,기타불명
2015062100100436,2015년 6월 21일 19시,일요일,인천광역시 계양구 효성동,경상사고,0,0,1,0,차대사람 - 차도통행중,안전운전불이행,건조,맑음,교차로 - 교차로부근,승용,여,59세,상해없음,보행자,여,58세,경상
2015062100100464,2015년 6월 21일 20시,일요일,인천광역시 남구 도화동,경상사고,0,0,1,0,차대차 - 기타,중앙선침범,건조,맑음,교차로 - 교차로부근,승용,남,25세,기타불명,원동기,남,30세,경상
2015062100100484,2015년 6월 21일 21시,일요일,인천광역시 계양구 장기동,중상사고,0,1,1,0,차대차 - 추돌 - 주정차중,안전운전불이행,건조,맑음,단일로 - 기타,승용,남,61세,상해없음,승용,남,44세,중상
2015062100100507,2015년 6월 21일 22시,일요일,인천광역시 남구 용현동,경상사고,0,0,1,0,차량단독 - 기타,안전운전불이행,건조,맑음,단일로 - 기타,승용,남,58세,상해없음,,,,
2015062200100148,2015년 6월 22일 08시,월요일,인천광역시 남동구 구월동,경상사고,0,0,1,0,차대차 - 측면직각충돌,차로위반,건조,맑음,교차로 - 교차로안,화물,남,45세,상해없음,승용,여,47세,경상
2015062200100204,2015년 6월 22일 10시,월요일,인천광역시 부평구 십정동,중상사고,0,1,0,0,차대차 - 기타,안전운전불이행,건조,맑음,단일로 - 기타,승용,여,41세,상해없음,자전거,남,89세,중상
2015062200100235,2015년 6월 22일 11시,월요일,인천광역시 서구 가좌동,경상사고,0,0,2,0,차대차 - 측면직각충돌,안전운전불이행,건조,맑음,단일로 - 기타,승용,남,39세,경상,화물,남,54세,경상
2015062200100263,2015년 6월 22일 12시,월요일,인천광역시 남동구 구월동,경상사고,0,0,1,0,차대차 - 추돌 - 주정차중,안전운전불이행,건조,맑음,단일로 - 기타,승용,남,54세,상해없음,승용,여,54세,경상
2015062200100370,2015년 6월 22일 15시,월요일,인천광역시 남구 용현동,경상사고,0,0,1,0,차대차 - 기타,안전운전불이행,건조,맑음,기타 - 기타,화물,남,53세,상해없음,원동기,남,19세,경상
2015062200100371,2015년 6월 22일 15시,월요일,인천광역시 남동구 고잔동,경상사고,0,0,1,0,차대사람 - 기타,안전운전불이행,건조,맑음,단일로 - 기타,화물,남,59세,상해없음,보행자,남,48세,경상
2015062200100372,2015년 6월 22일 15시,월요일,인천광역시 연수구 연수동,경상사고,0,0,1,0,차대차 - 기타,안전운전불이행,건조,맑음,교차로 - 교차로안,승용,남,57세,상해없음,자전거,남,14세,경상
2015062200100413,2015년 6월 22일 16시,월요일,인천광역시 서구 연희동,경상사고,0,0,1,0,차대사람 - 차도통행중,안전운전불이행,건조,맑음,교차로 - 교차로부근,승용,기타불명,기타불명,기타불명,보행자,여,49세,경상
2015062200100456,2015년 6월 22일 17시,월요일,인천광역시 남구 주안동,중상사고,0,1,0,0,차대사람 - 차도통행중,중앙선침범,건조,맑음,단일로 - 기타,승용,여,36세,상해없음,보행자,남,8세,중상
2015062200100457,2015년 6월 22일 17시,월요일,인천광역시 남동구 논현동,경상사고,0,0,1,0,차대차 - 측면직각충돌,신호위반,건조,맑음,교차로 - 교차로안,이륜,남,24세,경상,승합,남,61세,상해없음
2015062200100458,2015년 6월 22일 17시,월요일,인천광역시 서구 신현동,중상사고,0,1,0,0,차대사람 - 횡단중,안전운전불이행,건조,맑음,단일로 - 기타,승용,남,54세,상해없음,보행자,남,12세,중상
2015062200100459,2015년 6월 22일 17시,월요일,인천광역시 계양구 작전동,경상사고,0,0,1,0,차대차 - 측면직각충돌,안전운전불이행,건조,맑음,단일로 - 기타,승용,남,50세,상해없음,자전거,남,17세,경상
2015062200100506,2015년 6월 22일 18시,월요일,인천광역시 남동구 논현동,중상사고,0,1,0,0,차대차 - 추돌 - 주정차중,교차로운행방법위반,건조,맑음,교차로 - 교차로안,화물,남,55세,상해없음,이륜,남,20세,중상
2015062200100541,2015년 6월 22일 19시,월요일,인천광역시 중구 중산동,중상사고,0,1,0,0,차대차 - 정면충돌,안전운전불이행,건조,맑음,교차로 - 교차로부근,승용,남,46세,상해없음,승용,남,31세,중상
2015062200100542,2015년 6월 22일 19시,월요일,인천광역시 계양구 계산동,경상사고,0,0,1,0,차대차 - 측면직각충돌,안전운전불이행,건조,맑음,단일로 - 기타,승합,남,53세,상해없음,이륜,남,20세,경상
2015062200100543,2015년 6월 22일 19시,월요일,인천광역시 부평구 부평동,경상사고,0,0,2,0,차대차 - 추돌 - 주정차중,안전운전불이행,건조,맑음,교차로 - 교차로부근,승용,남,20세,상해없음,승용,남,35세,경상
2015062200100564,2015년 6월 22일 20시,월요일,인천광역시 서구 석남동,경상사고,0,0,1,0,차대차 - 측면직각충돌,중앙선침범,건조,맑음,단일로 - 기타,승용,남,26세,상해없음,원동기,남,71세,경상