사고번호,사고일시,요일,시군구,사고내용,사망자수,중상자수,경상자수,부상신고자수,사고유형,법규위반,노면상태,기상상태,도로형태,가해운전자 차종,가해운전자 성별,가해운전자 연령,가해운전자 상해정도,피해운전자 차종,피해운전자 성별,피해운전자 연령,피해운전자 상해정도
2015062200100589,2015년 6월 22일 21시,월요일,인천광역시 서구 가정동,경상사고,0,0,1,0,차대차 - 추돌 - 진행중,안전운전불이행,건조,맑음,교차로 - 교차로부근,승용,여,50세,상해없음,승용,남,55세,경상
2015062200100616,2015년 6월 22일 22시,월요일,인천광역시 계양구 효성동,경상사고,0,0,2,0,차대차 - 기타,안전운전불이행,건조,맑음,단일로 - 기타,승용,남,45세,상해없음,승용,남,34세,경상
2015062200100617,2015년 6월 22일 22시,월요일,인천광역시 연수구 선학동,사망사고,1,0,0,0,차대차 - 기타,안전운전불이행,건조,맑음,단일로 - 터널,승용,남,61세,상해없음,이륜,남,58세,사망
2015062200100618,2015년 6월 22일 22시,월요일,인천광역시 연수구 연수동,경상사고,0,0,1,0,차대사람 - 차도통행중,안전운전불이행,건조,맑음,단일로 - 기타,승용,남,39세,상해없음,보행자,남,36세,경상
2015062200100641,2015년 6월 22일 23시,월요일,인천광역시 남동구 간석동,경상사고,0,0,1,0,차대차 - 정면충돌,안전운전불이행,건조,맑음,단일로 - 기타,승용,남,60세,상해없음,이륜,남,39세,경상
2015062200100642,2015년 6월 22일 23시,월요일,인천광역시 서구 가정동,경상사고,0,0,2,0,차대차 - 측면직각충돌,안전운전불이행,건조,맑음,단일로 - 기타,승용,남,37세,상해없음,승용,남,72세,경상
2015062200100643,2015년 6월 22일 23시,월요일,인천광역시 계양구 계산동,경상사고,0,0,1,0,차대사람 - 기타,안전운전불이행,건조,맑음,단일로 - 기타,이륜,남,18세,상해없음,보행자,남,54세,경상
2015062300100015,2015년 6월 23일 00시,화요일,인천광역시 남동구 고잔동,경상사고,0,0,1,0,차대사람 - 길가장자리구역통행중,안전운전불이행,건조,맑음,단일로 - 기타,자전거,남,39세,상해없음,보행자,남,40세,경상
2015062300100031,2015년 6월 23일 01시,화요일,인천광역시 남구 주안동,경상사고,0,0,2,0,차대차 - 정면충돌,안전운전불이행,건조,맑음,교차로 - 교차로안,승용,남,29세,경상,승용,남,53세,경상
2015062300100032,2015년 6월 23일 01시,화요일,인천광역시 남동구 도림동,중상사고,0,1,0,0,차대차 - 추돌 - 진행중,안전운전불이행,건조,맑음,교차로 - 교차로안,승용,남,31세,상해없음,화물,남,51세,중상
2015062300100046,2015년 6월 23일 02시,화요일,인천광역시 남동구 간석동,경상사고,0,0,3,0,차대차 - 추돌 - 진행중,안전운전불이행,건조,맑음,단일로 - 기타,승용,남,30세,상해없음,승용,남,46세,경상
2015062300100109,2015년 6월 23일 07시,화요일,인천광역시 연수구 선학동,경상사고,0,0,1,0,차대차 - 기타,안전운전불이행,건조,맑음,교차로 - 교차로부근,승용,여,58세,상해없음,자전거,남,67세,경상
2015062300100199,2015년 6월 23일 10시,화요일,인천광역시 남동구 구월동,중상사고,0,1,0,0,차대사람 - 보도통행중,안전운전불이행,건조,맑음,단일로 - 기타,승용,여,48세,상해없음,보행자,여,70세,중상
2015062300100200,2015년 6월 23일 10시,화요일,인천광역시 남동구 논현동,경상사고,0,0,1,0,차대차 - 측면직각충돌,신호위반,건조,맑음,교차로 - 교차로안,원동기,남,19세,상해없음,승용,여,59세,경상
2015062300100201,2015년 6월 23일 10시,화요일,인천광역시 부평구 구산동,경상사고,0,0,1,0,차대차 - 기타,차로위반,건조,맑음,단일로 - 기타,특수,남,49세,상해없음,승용,여,41세,경상
2015062300100246,2015년 6월 23일 12시,화요일,인천광역시 남동구 간석동,경상사고,0,0,1,0,차대차 - 측면직각충돌,안전운전불이행,건조,맑음,교차로 - 교차로안,화물,남,53세,상해없음,원동기,남,21세,경상
2015062300100247,2015년 6월 23일 12시,화요일,인천광역시 강화군 양도면,중상사고,0,1,0,0,차대차 - 기타,교차로운행방법위반,건조,맑음,교차로 - 교차로안,원동기,남,54세,중상,승용,남,74세,상해없음
2015062300100268,2015년 6월 23일 13시,화요일,인천광역시 남동구 만수동,경상사고,0,0,1,0,차대차 - 기타,안전거리미확보,건조,맑음,단일로 - 기타,승합,남,72세,상해없음,승합,남,58세,상해없음
2015062300100299,2015년 6월 23일 14시,화요일,인천광역시 남동구 구월동,중상사고,0,1,0,0,차대사람 - 기타,안전운전불이행,건조,맑음,교차로 - 교차로부근,승용,여,54세,상해없음,보행자,여,60세,중상
2015062300100300,2015년 6월 23일 14시,화요일,인천광역시 서구 불로동,사망사고,1,1,1,0,차대차 - 정면충돌,중앙선침범,건조,맑음,단일로 - 기타,승용,여,33세,사망,승용,남,60세,중상
2015062300100332,2015년 6월 23일 15시,화요일,인천광역시 남동구 구월동,경상사고,0,0,4,0,차대차 - 추돌 - 주정차중,기타,건조,맑음,단일로 - 기타,화물,남,59세,상해없음,승용,남,35세,상해없음
2015062300100366,2015년 6월 23일 16시,화요일,인천광역시 남동구 간석동,경상사고,0,0,1,0,차대차 - 측면직각충돌,안전운전불이행,건조,맑음,교차로 - 교차로부근,승용,남,39세,경상,승용,남,38세,상해없음
2015062300100367,2015년 6월 23일 16시,화요일,인천광역시 남동구 논현동,경상사고,0,0,2,0,차대차 - 추돌 - 진행중,안전거리미확보,건조,맑음,단일로 - 기타,승합,남,45세,상해없음,승용,남,22세,경상
2015062300100406,2015년 6월 23일 17시,화요일,인천광역시 남구 용현동,경상사고,0,0,1,0,차대차 - 추돌 - 주정차중,안전운전불이행,건조,맑음,단일로 - 기타,승용,여,40세,상해없음,승용,여,40세,경상
2015062300100407,2015년 6월 23일 17시,화요일,인천광역시 서구 왕길동,중상사고,0,1,0,0,차대차 - 측면직각충돌,안전운전불이행,건조,맑음,단일로 - 기타,자전거,여,43세,상해없음,자전거,남,31세,중상
2015062300100452,2015년 6월 23일 18시,화요일,인천광역시 부평구 산곡동,경상사고,0,0,1,0,차대사람 - 기타,안전운전불이행,건조,맑음,단일로 - 기타,승용,여,48세,상해없음,보행자,여,29세,경상
2015062300100453,2015년 6월 23일 18시,화요일,인천광역시 남동구 구월동,경상사고,0,0,1,0,차대사람 - 보도통행중,안전운전불이행,건조,맑음,단일로 - 횡단보도상,승용,여,33세,상해없음,보행자,남,49세,경상
2015062300100454,2015년 6월 23일 18시,화요일,인천광역시 남동구 운연동,경상사고,0,0,1,0,차대차 - 측면직각충돌,교차로운행방법위반,건조,맑음,교차로 - 교차로안,화물,남,48세,상해없음,화물,남,51세,상해없음
2015062300100475,2015년 6월 23일 19시,화요일,인천광역시 남동구 논현동,중상사고,0,1,0,0,차대차 - 측면직각충돌,안전운전불이행,건조,맑음,교차로 - 교차로부근,승합,남,57세,상해없음,자전거,남,10세,중상
2015062300100567,2015년 6월 23일 22시,화요일,인천광역시 남구 학익동,중상사고,0,1,0,0,차대사람 - 기타,안전운전불이행,건조,맑음,기타 - 기타,승용,남,44세,상해없음,보행자,여,66세,중상
2015062300100595,2015년 6월 23일 23시,화요일,인천광역시 서구 석남동,부상신고사고,0,0,0,1,차대차 - 측면직각충돌,신호위반,건조,맑음,단일로 - 기타,승용,남,31세,상해없음,승용,남,60세,상해없음
2015062300100596,2015년 6월 23일 23시,화요일,인천광역시 서구 불로동,경상사고,0,0,1,0,차대사람 - 횡단중,신호위반,건조,맑음,교차로 - 교차로안,이륜,남,16세,상해없음,보행자,남,45세,경상
2015062400100050,2015년 6월 24일 02시,수요일,인천광역시 계양구 계산동,중상사고,0,1,0,0,차대사람 - 차도통행중,안전운전불이행,건조,맑음,단일로 - 기타,승용,남,48세,상해없음,보행자,남,50세,중상
2015062400100055,2015년 6월 24일 03시,수요일,인천광역시 남동구 도림동,경상사고,0,0,1,0,차대차 - 측면직각충돌,안전운전불이행,건조,맑음,단일로 - 기타,승용,남,24세,상해없음,화물,남,34세,경상
2015062400100056,2015년 6월 24일 03시,수요일,인천광역시 계양구 계산동,경상사고,0,0,1,0,차대차 - 측면직각충돌,안전운전불이행,건조,맑음,교차로 - 교차로안,승용,남,22세,상해없음,승용,남,33세,경상
2015062400100057,2015년 6월 24일 03시,수요일,인천광역시 부평구 갈산동,사망사고,1,0,0,0,차량단독 - 기타,기타,건조,맑음,단일로 - 기타,화물,남,57세,상해없음,,,,
2015062400100151,2015년 6월 24일 08시,수요일,인천광역시 부평구 십정동,중상사고,0,1,2,0,차대차 - 측면직각충돌,신호위반,건조,맑음,단일로 - 기타,승용,여,59세,경상,승용,여,20세,경상
2015062400100153,2015년 6월 24일 08시,수요일,인천광역시 계양구 효성동,중상사고,0,1,0,0,차대차 - 측면직각충돌,신호위반,건조,맑음,교차로 - 교차로안,자전거,남,78세,중상,승용,남,60세,상해없음
2015062400100191,2015년 6월 24일 09시,수요일,인천광역시 남구 용현동,중상사고,0,1,0,0,차대사람 - 보도통행중,보행자보호의무위반,건조,맑음,교차로 - 교차로부근,승용,남,38세,상해없음,보행자,여,66세,중상
2015062400100270,2015년 6월 24일 12시,수요일,인천광역시 남구 숭의동,경상사고,0,0,1,0,차대차 - 추돌 - 진행중,안전운전불이행,건조,맑음,단일로 - 기타,화물,남,46세,상해없음,승용,남,54세,경상
2015062400100292,2015년 6월 24일 13시,수요일,인천광역시 남동구 고잔동,경상사고,0,0,1,0,차대차 - 측면직각충돌,안전운전불이행,건조,맑음,교차로 - 교차로안,화물,남,33세,상해없음,이륜,남,36세,경상
2015062400100361,2015년 6월 24일 15시,수요일,인천광역시 부평구 부평동,경상사고,0,0,1,0,차대사람 - 보도통행중,기타,건조,맑음,단일로 - 기타,자전거,남,66세,상해없음,보행자,남,49세,경상
2015062400100362,2015년 6월 24일 15시,수요일,인천광역시 부평구 부평동,경상사고,0,0,1,0,차대차 - 기타,안전운전불이행,건조,맑음,단일로 - 기타,승용,여,48세,상해없음,화물,남,63세,경상
2015062400100397,2015년 6월 24일 16시,수요일,인천광역시 남구 용현동,경상사고,0,0,1,0,차대차 - 정면충돌,안전운전불이행,건조,맑음,단일로 - 기타,건설기계,남,44세,상해없음,화물,남,56세,경상
2015062400100435,2015년 6월 24일 17시,수요일,인천광역시 남구 용현동,경상사고,0,0,1,0,차대차 - 측면직각충돌,안전운전불이행,건조,맑음,교차로 - 교차로안,화물,남,48세,상해없음,승용,여,68세,경상
2015062400100436,2015년 6월 24일 17시,수요일,인천광역시 서구 심곡동,중상사고,0,1,0,0,차대사람 - 횡단중,안전운전불이행,건조,맑음,교차로 - 교차로안,화물,남,68세,상해없음,보행자,남,63세,중상
2015062400100437,2015년 6월 24일 17시,수요일,인천광역시 부평구 삼산동,사망사고,1,0,0,0,차대차 - 측면직각충돌,안전운전불이행,건조,맑음,교차로 - 교차로부근,승용,남,64세,상해없음,자전거,남,71세,사망
2015062400100475,2015년 6월 24일 18시,수요일,인천광역시 남구 숭의동,부상신고사고,0,0,0,1,차대차 - 기타,안전운전불이행,건조,맑음,교차로 - 교차로부근,기타불명,기타불명,기타불명,기타불명,승용,남,24세,부상신고
2015062400100476,2015년 6월 24일 18시,수요일,인천광역시 서구 가정동,경상사고,0,0,1,0,차대사람 - 차도통행중,안전운전불이행,건조,맑음,단일로 - 기타,승합,남,63세,상해없음,보행자,남,44세,경상
2015062400100498,2015년 6월 24일 19시,수요일,인천광역시 계양구 병방동,경상사고,0,0,1,0,차대차 - 추돌 - 주정차중,과속,건조,맑음,단일로 - 기타,승용,남,46세,상해없음,승용,남,65세,경상
2015062400100539,2015년 6월 24일 20시,수요일,인천광역시 남동구 간석동,경상사고,0,0,2,0,차대차 - 측면직각충돌,차로위반,건조,맑음,단일로 - 기타,승용,여,31세,상해없음,승용,여,54세,경상
2015062400100569,2015년 6월 24일 21시,수요일,인천광역시 계양구 작전동,경상사고,0,0,1,0,차대사람 - 길가장자리구역통행중,안전운전불이행,건조,맑음,단일로 - 기타,화물,남,43세,상해없음,보행자,남,56세,경상
2015062400100570,2015년 6월 24일 21시,수요일,인천광역시 계양구 임학동,중상사고,0,1,0,0,차대사람 - 기타,안전운전불이행,건조,맑음,단일로 - 기타,이륜,남,19세,상해없음,보행자,남,48세,중상
2015062400100599,2015년 6월 24일 22시,수요일,인천광역시 남동구 구월동,경상사고,0,0,1,0,차대차 - 측면직각충돌,교차로운행방법위반,건조,맑음,교차로 - 교차로안,승용,여,57세,상해없음,자전거,남,20세,경상
2015062500100023,2015년 6월 25일 00시,목요일,인천광역시 남동구 구월동,중상사고,0,1,0,0,차대사람 - 횡단중,신호위반,건조,맑음,단일로 - 기타,승용,남,62세,상해없음,보행자,남,43세,중상
2015062500100024,2015년 6월 25일 00시,목요일,인천광역시 서구 검암동,경상사고,0,0,1,0,차대사람 - 차도통행중,안전운전불이행,건조,맑음,단일로 - 기타,승용,남,62세,상해없음,보행자,남,34세,경상
2015062500100051,2015년 6월 25일 02시,목요일,인천광역시 강화군 길상면,경상사고,0,0,1,0,차대사람 - 기타,안전운전불이행,건조,맑음,단일로 - 기타,승용,남,34세,상해없음,보행자,남,46세,경상
2015062500100052,2015년 6월 25일 02시,목요일,인천광역시 연수구 송도동,경상사고,0,0,1,0,차량단독 - 기타,안전운전불이행,건조,맑음,단일로 - 기타,이륜,남,17세,상해없음,,,,
2015062500100060,2015년 6월 25일 03시,목요일,인천광역시 부평구 청천동,경상사고,0,0,1,0,차량단독 - 공작물충돌,안전운전불이행,건조,맑음,교차로 - 교차로안,승용,남,48세,상해없음,,,,
2015062500100066,2015년 6월 25일 04시,목요일,인천광역시 남동구 논현동,경상사고,0,0,1,0,차대차 - 추돌 - 진행중,신호위반,건조,맑음,교차로 - 교차로안,화물,남,57세,상해없음,승용,남,36세,경상
2015062500100074,2015년 6월 25일 05시,목요일,인천광역시 서구 불로동,경상사고,0,0,2,1,차대차 - 측면직각충돌,신호위반,건조,맑음,교차로 - 교차로안,승용,남,29세,부상신고,화물,남,48세,경상
2015062500100089,2015년 6월 25일 06시,목요일,인천광역시 남동구 고잔동,중상사고,0,1,0,0,차대차 - 추돌 - 진행중,안전운전불이행,건조,흐림,교차로 - 교차로안,승용,여,36세,상해없음,승용,여,59세,중상
2015062500100090,2015년 6월 25일 06시,목요일,인천광역시 서구 가좌동,중상사고,0,1,1,0,차대차 - 추돌 - 진행중,안전운전불이행,건조,맑음,교차로 - 교차로부근,승용,남,61세,상해없음,승용,남,47세,경상
2015062500100091,2015년 6월 25일 06시,목요일,인천광역시 연수구 송도동,중상사고,0,2,0,0,차대차 - 기타,신호위반,건조,맑음,단일로 - 횡단보도상,화물,여,49세,상해없음,자전거,남,47세,중상
2015062500100134,2015년 6월 25일 08시,목요일,인천광역시 남동구 논현동,경상사고,0,0,1,0,차대사람 - 보도통행중,기타,건조,맑음,단일로 - 기타,화물,남,55세,상해없음,보행자,남,48세,경상
2015062500100135,2015년 6월 25일 08시,목요일,인천광역시 서구 오류동,경상사고,0,0,3,0,차대차 - 추돌 - 주정차중,안전운전불이행,건조,맑음,단일로 - 기타,승용,여,27세,경상,승용,남,65세,상해없음
2015062500100159,2015년 6월 25일 09시,목요일,인천광역시 부평구 산곡동,경상사고,0,0,1,0,차대차 - 기타,안전거리미확보,건조,맑음,교차로 - 교차로부근,승합,남,54세,상해없음,승용,여,42세,경상
2015062500100205,2015년 6월 25일 11시,목요일,인천광역시 연수구 옥련동,중상사고,0,1,0,0,차대사람 - 기타,안전운전불이행,건조,맑음,교차로 - 교차로부근,화물,남,42세,상해없음,보행자,여,81세,중상
2015062500100236,2015년 6월 25일 12시,목요일,인천광역시 동구 창영동,중상사고,0,1,0,0,차대사람 - 기타,안전운전불이행,건조,맑음,교차로 - 교차로안,화물,남,60세,상해없음,보행자,여,72세,중상
2015062500100300,2015년 6월 25일 14시,목요일,인천광역시 부평구 부개동,중상사고,0,1,1,0,차대차 - 측면직각충돌,안전운전불이행,건조,맑음,단일로 - 기타,원동기,남,34세,상해없음,원동기,남,44세,경상
2015062500100340,2015년 6월 25일 15시,목요일,인천광역시 서구 가좌동,경상사고,0,0,1,0,차대차 - 추돌 - 진행중,안전운전불이행,건조,맑음,교차로 - 교차로부근,승용,남,34세,상해없음,승용,남,58세,경상
2015062500100341,2015년 6월 25일 15시,목요일,인천광역시 연수구 송도동,경상사고,0,0,1,0,차대사람 - 기타,보행자보호의무위반,건조,맑음,단일로 - 기타,승용,여,37세,상해없음,보행자,남,7세,경상
2015062500100459,2015년 6월 25일 18시,목요일,인천광역시 서구 가정동,경상사고,0,0,7,2,차대차 - 추돌 - 진행중,신호위반,건조,맑음,교차로 - 교차로안,승용,남,45세,상해없음,승합,남,37세,경상
2015062500100737,2015년 6월 25일 23시,목요일,인천광역시 남동구 고잔동,중상사고,0,2,1,0,차대차 - 추돌 - 주정차중,안전운전불이행,습기,비,단일로 - 기타,화물,남,48세,상해없음,승용,남,50세,경상
2015062500100738,2015년 6월 25일 23시,목요일,인천광역시 서구 석남동,경상사고,0,0,2,0,차대차 - 측면직각충돌,안전운전불이행,습기,비,단일로 - 기타,승용,여,47세,상해없음,승합,남,46세,경상
2015062500100739,2015년 6월 25일 23시,목요일,인천광역시 남동구 논현동,중상사고,0,2,0,0,차대차 - 추돌 - 진행중,안전운전불이행,습기,비,단일로 - 기타,승용,남,31세,상해없음,승용,남,43세,중상
2015062600100043,2015년 6월 26일 00시,금요일,인천광역시 부평구 십정동,경상사고,0,0,2,0,차대사람 - 기타,안전운전불이행,습기,비,단일로 - 기타,승용,남,26세,상해없음,보행자,남,20세,경상
2015062600100044,2015년 6월 26일 00시,금요일,인천광역시 계양구 작전동,경상사고,0,0,1,0,차대차 - 추돌 - 주정차중,안전운전불이행,습기,맑음,교차로 - 교차로부근,승용,남,32세,상해없음,승용,남,66세,경상
2015062600100085,2015년 6월 26일 01시,금요일,인천광역시 남구 관교동,경상사고,0,0,1,0,차대차 - 추돌 - 주정차중,안전운전불이행,습기,비,단일로 - 기타,화물,남,41세,상해없음,원동기,남,26세,경상
2015062600100113,2015년 6월 26일 02시,금요일,인천광역시 부평구 십정동,중상사고,0,1,1,0,차대사람 - 횡단중,보행자보호의무위반,습기,비,단일로 - 횡단보도상,승용,남,67세,상해없음,보행자,여,39세,중상
2015062600100114,2015년 6월 26일 02시,금요일,인천광역시 서구 검암동,경상사고,0,0,2,0,차대차 - 추돌 - 주정차중,안전운전불이행,건조,맑음,단일로 - 기타,승용,남,40세,상해없음,승용,남,53세,경상
2015062600100115,2015년 6월 26일 02시,금요일,인천광역시 계양구 작전동,경상사고,0,0,2,0,차대차 - 측면직각충돌,교차로운행방법위반,습기,비,교차로 - 교차로안,화물,남,61세,상해없음,승용,남,66세,경상
2015062600100127,2015년 6월 26일 03시,금요일,인천광역시 계양구 귤현동,중상사고,0,1,0,0,차대사람 - 차도통행중,안전운전불이행,습기,비,단일로 - 기타,승용,남,49세,상해없음,보행자,남,42세,중상
2015062600100168,2015년 6월 26일 06시,금요일,인천광역시 서구 연희동,경상사고,0,0,2,0,차대차 - 측면직각충돌,신호위반,습기,비,교차로 - 교차로안,승용,남,50세,경상,화물,남,55세,경상
2015062600100189,2015년 6월 26일 07시,금요일,인천광역시 남동구 고잔동,중상사고,0,1,0,0,차대차 - 측면직각충돌,안전운전불이행,습기,비,단일로 - 횡단보도상,승합,남,56세,상해없음,자전거,여,30세,중상
2015062600100190,2015년 6월 26일 07시,금요일,인천광역시 연수구 동춘동,중상사고,0,1,0,0,차대사람 - 기타,기타,습기,비,단일로 - 기타,화물,남,54세,상해없음,보행자,남,71세,중상
2015062600100191,2015년 6월 26일 07시,금요일,인천광역시 남구 학익동,중상사고,0,1,0,1,차대차 - 추돌 - 주정차중,안전운전불이행,습기,비,단일로 - 기타,화물,남,27세,부상신고,건설기계,남,54세,중상
2015062600100258,2015년 6월 26일 09시,금요일,인천광역시 서구 가정동,경상사고,0,0,1,0,차대차 - 측면직각충돌,안전운전불이행,건조,맑음,교차로 - 교차로안,승용,남,57세,상해없음,승용,여,55세,경상
2015062600100319,2015년 6월 26일 11시,금요일,인천광역시 계양구 용종동,중상사고,0,1,0,0,차량단독 - 기타,안전운전불이행,건조,맑음,단일로 - 기타,자전거,여,46세,중상,,,,
2015062600100352,2015년 6월 26일 12시,금요일,인천광역시 서구 가정동,경상사고,0,0,1,0,차대차 - 측면직각충돌,신호위반,습기,맑음,교차로 - 교차로부근,승용,여,49세,상해없음,승합,남,29세,경상
2015062600100353,2015년 6월 26일 12시,금요일,인천광역시 서구 석남동,중상사고,0,1,1,0,차대차 - 측면직각충돌,신호위반,건조,맑음,교차로 - 교차로안,승용,남,53세,상해없음,승용,남,70세,경상
2015062600100377,2015년 6월 26일 13시,금요일,인천광역시 중구 운서동,경상사고,0,0,2,0,차대차 - 추돌 - 주정차중,안전운전불이행,건조,맑음,교차로 - 교차로부근,화물,남,58세,상해없음,승용,남,39세,경상
2015062600100378,2015년 6월 26일 13시,금요일,인천광역시 서구 왕길동,경상사고,0,0,1,0,차대차 - 추돌 - 진행중,신호위반,건조,맑음,교차로 - 교차로부근,승용,여,32세,기타불명,자전거,남,14세,경상
2015062600100379,2015년 6월 26일 13시,금요일,인천광역시 계양구 장기동,경상사고,0,0,1,0,차대사람 - 횡단중,신호위반,건조,맑음,교차로 - 교차로부근,승용,여,45세,상해없음,보행자,여,58세,경상
2015062600100380,2015년 6월 26일 13시,금요일,인천광역시 부평구 부평동,중상사고,0,1,0,0,차대사람 - 기타,안전운전불이행,건조,맑음,기타 - 기타,기타불명,여,45세,상해없음,보행자,여,66세,중상
2015062600100450,2015년 6월 26일 15시,금요일,인천광역시 중구 선화동,부상신고사고,0,0,0,2,차대사람 - 횡단중,안전운전불이행,건조,맑음,교차로 - 교차로안,승용,남,56세,상해없음,보행자,여,68세,부상신고
2015062600100451,2015년 6월 26일 15시,금요일,인천광역시 남동구 구월동,경상사고,0,0,1,0,차대사람 - 보도통행중,기타,건조,맑음,단일로 - 기타,화물,남,47세,상해없음,보행자,남,14세,경상
2015062600100452,2015년 6월 26일 15시,금요일,인천광역시 연수구 송도동,중상사고,0,1,2,0,차대차 - 측면직각충돌,신호위반,건조,맑음,교차로 - 교차로안,승용,남,37세,상해없음,승용,여,44세,경상
2015062600100486,2015년 6월 26일 16시,금요일,인천광역시 남구 문학동,중상사고,0,1,0,0,차대차 - 추돌 - 주정차중,안전운전불이행,건조,맑음,기타 - 기타,승용,남,33세,상해없음,승용,남,53세,중상
2015062600100487,2015년 6월 26일 16시,금요일,인천광역시 연수구 옥련동,경상사고,0,0,1,0,차대사람 - 횡단중,안전운전불이행,건조,맑음,단일로 - 횡단보도상,승용,여,49세,상해없음,보행자,남,13세,경상
2015062600100530,2015년 6월 26일 17시,금요일,인천광역시 서구 검암동,경상사고,0,0,1,0,차대사람 - 차도통행중,안전운전불이행,건조,맑음,단일로 - 기타,승합,남,57세,상해없음,보행자,남,57세,경상
2015062600100579,2015년 6월 26일 18시,금요일,인천광역시 남구 도화동,경상사고,0,0,1,0,차대사람 - 차도통행중,안전운전불이행,건조,맑음,단일로 - 기타,화물,남,42세,상해없음,보행자,여,51세,경상
2015062600100580,2015년 6월 26일 18시,금요일,인천광역시 계양구 계산동,경상사고,0,0,1,0,차대차 - 측면직각충돌,안전운전불이행,건조,맑음,교차로 - 교차로안,승용,여,54세,상해없음,자전거,남,7세,경상
2015062600100728,2015년 6월 26일 22시,금요일,인천광역시 남동구 남촌동,경상사고,0,0,1,0,차대차 - 추돌 - 진행중,안전거리미확보,건조,맑음,단일로 - 기타,승용,남,23세,상해없음,승용,남,31세,경상
2015062600100772,2015년 6월 26일 23시,금요일,인천광역시 남동구 도림동,경상사고,0,0,1,0,차대차 - 추돌 - 주정차중,안전운전불이행,건조,맑음,단일로 - 기타,승용,남,39세,상해없음,승용,여,27세,경상
2015062600100773,2015년 6월 26일 23시,금요일,인천광역시 서구 당하동,경상사고,0,0,1,0,차대차 - 측면직각충돌,안전거리미확보,건조,맑음,단일로 - 기타,승용,남,31세,상해없음,승합,남,53세,상해없음
2015062700100045,2015년 6월 27일 01시,토요일,인천광역시 부평구 산곡동,경상사고,0,0,1,0,차대차 - 추돌 - 주정차중,안전운전불이행,건조,맑음,교차로 - 교차로부근,승용,남,47세,상해없음,화물,여,56세,경상
2015062700100073,2015년 6월 27일 02시,토요일,인천광역시 남구 학익동,경상사고,0,0,1,0,차대차 - 추돌 - 주정차중,안전운전불이행,건조,맑음,단일로 - 기타,승용,남,22세,상해없음,승용,남,36세,경상
2015062700100074,2015년 6월 27일 02시,토요일,인천광역시 연수구 선학동,중상사고,0,2,1,0,차대차 - 기타,차로위반,건조,맑음,단일로 - 기타,이륜,남,16세,중상,승용,남,45세,경상
2015062700100075,2015년 6월 27일 02시,토요일,인천광역시 부평구 삼산동,경상사고,0,0,1,0,차대차 - 추돌 - 주정차중,안전운전불이행,건조,맑음,교차로 - 교차로부근,승용,남,26세,상해없음,승용,남,41세,경상
2015062700100093,2015년 6월 27일 03시,토요일,인천광역시 계양구 계산동,경상사고,0,0,1,0,차대차 - 정면충돌,교차로운행방법위반,건조,맑음,교차로 - 교차로안,승용,남,28세,상해없음,승용,남,56세,경상
2015062700100094,2015년 6월 27일 03시,토요일,인천광역시 연수구 동춘동,경상사고,0,0,2,0,차대차 - 추돌 - 주정차중,안전운전불이행,건조,맑음,교차로 - 교차로부근,승용,남,51세,상해없음,승용,남,51세,경상
2015062700100124,2015년 6월 27일 05시,토요일,인천광역시 서구 석남동,중상사고,0,1,0,0,차대차 - 측면직각충돌,신호위반,건조,맑음,교차로 - 교차로안,승용,남,61세,상해없음,화물,남,36세,중상
2015062700100190,2015년 6월 27일 08시,토요일,인천광역시 부평구 부평동,중상사고,0,1,0,0,차대사람 - 횡단중,신호위반,건조,맑음,교차로 - 교차로부근,화물,남,50세,상해없음,보행자,여,66세,중상
2015062700100276,2015년 6월 27일 11시,토요일,인천광역시 강화군 강화읍,중상사고,0,1,0,0,차대차 - 정면충돌,안전운전불이행,건조,맑음,단일로 - 기타,원동기,남,75세,중상,농기계,남,64세,상해없음
2015062700100308,2015년 6월 27일 12시,토요일,인천광역시 부평구 십정동,사망사고,1,0,0,0,차대사람 - 횡단중,보행자보호의무위반,건조,맑음,단일로 - 횡단보도상,화물,남,32세,상해없음,보행자,여,68세,사망
2015062700100309,2015년 6월 27일 12시,토요일,인천광역시 남동구 논현동,중상사고,0,1,0,0,차대차 - 측면직각충돌,안전운전불이행,건조,맑음,교차로 - 교차로부근,이륜,남,39세,중상,승용,남,55세,상해없음
2015062700100310,2015년 6월 27일 12시,토요일,인천광역시 강화군 양사면,부상신고사고,0,0,0,1,차대차 - 정면충돌,안전운전불이행,건조,맑음,단일로 - 기타,자전거,남,57세,부상신고,승합,남,35세,상해없음
2015062700100344,2015년 6월 27일 13시,토요일,인천광역시 남동구 논현동,중상사고,0,1,0,0,차대차 - 추돌 - 주정차중,안전운전불이행,건조,맑음,교차로 - 교차로부근,건설기계,남,44세,상해없음,이륜,남,45세,중상
2015062700100381,2015년 6월 27일 14시,토요일,인천광역시 연수구 선학동,중상사고,0,1,0,0,차대차 - 기타,안전운전불이행,건조,맑음,교차로 - 교차로부근,승용,남,60세,상해없음,자전거,남,79세,중상
2015062700100416,2015년 6월 27일 15시,토요일,인천광역시 서구 공촌동,경상사고,0,0,1,0,차대사람 - 차도통행중,안전운전불이행,건조,맑음,교차로 - 교차로부근,승용,기타불명,기타불명,기타불명,보행자,남,24세,경상
2015062700100417,2015년 6월 27일 15시,토요일,인천광역시 계양구 용종동,경상사고,0,0,1,0,차량단독 - 기타,안전운전불이행,건조,맑음,교차로 - 교차로안,승용,남,55세,상해없음,,,,