사고번호,사고일시,요일,시군구,사고내용,사망자수,중상자수,경상자수,부상신고자수,사고유형,법규위반,노면상태,기상상태,도로형태,가해운전자 차종,가해운전자 성별,가해운전자 연령,가해운전자 상해정도,피해운전자 차종,피해운전자 성별,피해운전자 연령,피해운전자 상해정도
2015062700100468,2015년 6월 27일 16시,토요일,인천광역시 중구 북성동1가,중상사고,0,1,0,0,차대사람 - 횡단중,보행자보호의무위반,건조,맑음,단일로 - 기타,승용,남,43세,상해없음,보행자,여,21세,중상
2015062700100469,2015년 6월 27일 16시,토요일,인천광역시 남구 주안동,경상사고,0,0,1,0,차대차 - 추돌 - 주정차중,안전운전불이행,건조,맑음,단일로 - 기타,승용,남,35세,상해없음,승용,남,64세,경상
2015062700100470,2015년 6월 27일 16시,토요일,인천광역시 남동구 도림동,경상사고,0,0,1,0,차대사람 - 횡단중,안전운전불이행,건조,맑음,단일로 - 기타,승용,여,49세,상해없음,보행자,여,8세,경상
2015062700100551,2015년 6월 27일 18시,토요일,인천광역시 부평구 부평동,중상사고,0,1,1,0,차대차 - 측면직각충돌,안전운전불이행,건조,맑음,교차로 - 교차로부근,승용,남,53세,상해없음,이륜,남,17세,경상
2015062700100552,2015년 6월 27일 18시,토요일,인천광역시 남동구 논현동,경상사고,0,0,1,0,차대사람 - 횡단중,보행자보호의무위반,건조,맑음,교차로 - 교차로부근,승용,여,28세,상해없음,보행자,남,76세,경상
2015062700100654,2015년 6월 27일 21시,토요일,인천광역시 서구 신현동,경상사고,0,0,1,0,차대사람 - 보도통행중,안전운전불이행,습기,비,교차로 - 교차로안,승용,남,65세,상해없음,보행자,남,50세,경상
2015062700100686,2015년 6월 27일 22시,토요일,인천광역시 서구 석남동,경상사고,0,0,1,0,차대차 - 측면직각충돌,안전거리미확보,건조,맑음,단일로 - 기타,승용,남,57세,상해없음,원동기,남,17세,경상
2015062800100030,2015년 6월 28일 00시,일요일,인천광역시 남동구 구월동,사망사고,2,1,1,0,차대차 - 측면직각충돌,안전거리미확보,건조,맑음,단일로 - 기타,승용,남,42세,상해없음,이륜,남,21세,사망
2015062800100031,2015년 6월 28일 00시,일요일,인천광역시 부평구 부평동,경상사고,0,0,1,0,차대차 - 기타,안전운전불이행,건조,맑음,교차로 - 교차로부근,승용,남,25세,상해없음,승합,남,33세,상해없음
2015062800100089,2015년 6월 28일 03시,일요일,인천광역시 서구 석남동,부상신고사고,0,0,0,1,차대사람 - 길가장자리구역통행중,안전운전불이행,건조,맑음,단일로 - 기타,승용,남,28세,상해없음,보행자,남,40세,부상신고
2015062800100090,2015년 6월 28일 03시,일요일,인천광역시 부평구 부평동,경상사고,0,0,1,1,차대차 - 기타,기타,건조,맑음,단일로 - 기타,승용,남,45세,상해없음,승용,남,42세,부상신고
2015062800100106,2015년 6월 28일 05시,일요일,인천광역시 남동구 간석동,중상사고,0,1,0,0,차대차 - 정면충돌,신호위반,건조,맑음,교차로 - 교차로안,승용,남,57세,상해없음,자전거,남,74세,중상
2015062800100142,2015년 6월 28일 08시,일요일,인천광역시 부평구 부평동,경상사고,0,0,3,0,차대차 - 측면직각충돌,신호위반,건조,맑음,교차로 - 교차로안,승용,남,27세,상해없음,승용,남,61세,경상
2015062800100164,2015년 6월 28일 09시,일요일,인천광역시 부평구 갈산동,중상사고,0,1,0,0,차대사람 - 횡단중,안전운전불이행,건조,맑음,단일로 - 횡단보도부근,승용,여,38세,상해없음,보행자,여,80세,중상
2015062800100257,2015년 6월 28일 14시,일요일,인천광역시 계양구 계산동,경상사고,0,0,6,0,차대차 - 측면직각충돌,신호위반,건조,맑음,단일로 - 기타,승용,남,32세,상해없음,승용,여,52세,경상
2015062800100314,2015년 6월 28일 16시,일요일,인천광역시 계양구 귤현동,중상사고,0,1,0,0,차대차 - 기타,안전운전불이행,건조,맑음,단일로 - 기타,자전거,남,44세,상해없음,자전거,여,52세,중상
2015062800100346,2015년 6월 28일 17시,일요일,인천광역시 강화군 강화읍,중상사고,0,2,0,0,차대차 - 측면직각충돌,교차로운행방법위반,건조,맑음,교차로 - 교차로안,원동기,남,72세,중상,원동기,남,22세,중상
2015062800100347,2015년 6월 28일 17시,일요일,인천광역시 연수구 옥련동,중상사고,0,1,3,0,차대차 - 기타,신호위반,건조,맑음,교차로 - 교차로안,승용,남,35세,상해없음,승용,남,26세,경상
2015062800100393,2015년 6월 28일 19시,일요일,인천광역시 남구 주안동,중상사고,0,1,1,0,차대차 - 정면충돌,안전운전불이행,건조,맑음,교차로 - 교차로안,승용,남,22세,상해없음,승용,남,27세,중상
2015062800100394,2015년 6월 28일 19시,일요일,인천광역시 남구 주안동,경상사고,0,0,1,0,차대차 - 측면직각충돌,안전운전불이행,건조,맑음,단일로 - 기타,기타불명,기타불명,기타불명,기타불명,이륜,남,32세,경상
2015062800100395,2015년 6월 28일 19시,일요일,인천광역시 부평구 갈산동,경상사고,0,0,1,0,차대차 - 측면직각충돌,신호위반,건조,맑음,단일로 - 횡단보도상,이륜,남,14세,상해없음,자전거,여,60세,경상
2015062800100421,2015년 6월 28일 20시,일요일,인천광역시 남구 용현동,중상사고,0,1,0,0,차량단독 - 기타,안전운전불이행,건조,맑음,단일로 - 기타,승합,남,43세,상해없음,,,,
2015062800100463,2015년 6월 28일 22시,일요일,인천광역시 부평구 청천동,경상사고,0,0,1,0,차대차 - 기타,신호위반,건조,맑음,교차로 - 교차로안,승용,남,41세,상해없음,이륜,남,56세,경상
2015062800100465,2015년 6월 28일 22시,일요일,인천광역시 계양구 계산동,중상사고,0,1,0,0,차대차 - 정면충돌,안전운전불이행,건조,맑음,교차로 - 교차로안,승용,남,54세,상해없음,이륜,남,21세,중상
2015062800100479,2015년 6월 28일 23시,일요일,인천광역시 남동구 간석동,경상사고,0,0,1,0,차대차 - 정면충돌,안전운전불이행,건조,맑음,교차로 - 교차로부근,승용,남,68세,상해없음,원동기,남,23세,경상
2015062800100480,2015년 6월 28일 23시,일요일,인천광역시 남동구 논현동,중상사고,0,1,0,0,차량단독 - 기타,안전운전불이행,건조,맑음,단일로 - 기타,승합,여,39세,상해없음,,,,
2015062900100184,2015년 6월 29일 09시,월요일,인천광역시 남구 도화동,중상사고,0,1,2,0,차대차 - 측면직각충돌,안전운전불이행,건조,맑음,단일로 - 기타,승용,남,55세,상해없음,승합,남,57세,중상
2015062900100278,2015년 6월 29일 12시,월요일,인천광역시 남구 주안동,경상사고,0,0,1,0,차대차 - 측면직각충돌,안전운전불이행,건조,맑음,교차로 - 교차로부근,승용,여,52세,상해없음,자전거,남,79세,경상
2015062900100279,2015년 6월 29일 12시,월요일,인천광역시 남구 주안동,경상사고,0,0,1,0,차대차 - 추돌 - 주정차중,안전운전불이행,건조,맑음,단일로 - 기타,승용,남,35세,상해없음,승용,남,37세,경상
2015062900100362,2015년 6월 29일 14시,월요일,인천광역시 중구 신흥동3가,경상사고,0,0,1,0,차대차 - 측면직각충돌,안전운전불이행,건조,맑음,교차로 - 교차로부근,기타불명,기타불명,기타불명,기타불명,승용,남,69세,상해없음
2015062900100412,2015년 6월 29일 15시,월요일,인천광역시 서구 경서동,경상사고,0,0,1,0,차대차 - 측면직각충돌,신호위반,건조,맑음,교차로 - 교차로안,화물,남,69세,상해없음,승용,남,61세,경상
2015062900100456,2015년 6월 29일 16시,월요일,인천광역시 남동구 만수동,경상사고,0,0,6,1,차대차 - 추돌 - 주정차중,안전운전불이행,건조,맑음,단일로 - 기타,화물,남,39세,상해없음,승용,남,43세,부상신고
2015062900100457,2015년 6월 29일 16시,월요일,인천광역시 남동구 만수동,중상사고,0,1,0,0,차대사람 - 횡단중,안전운전불이행,건조,맑음,단일로 - 기타,승용,기타불명,기타불명,기타불명,보행자,여,51세,중상
2015062900100546,2015년 6월 29일 18시,월요일,인천광역시 남동구 만수동,중상사고,0,1,0,0,차대차 - 추돌 - 주정차중,안전운전불이행,건조,맑음,교차로 - 교차로부근,화물,남,60세,상해없음,승용,여,30세,중상
2015062900100547,2015년 6월 29일 18시,월요일,인천광역시 계양구 서운동,경상사고,0,0,1,0,차대차 - 측면직각충돌,안전운전불이행,건조,맑음,교차로 - 교차로안,화물,남,67세,상해없음,자전거,남,45세,경상
2015062900100588,2015년 6월 29일 19시,월요일,인천광역시 남구 학익동,경상사고,0,0,1,0,차대차 - 측면직각충돌,안전운전불이행,건조,맑음,단일로 - 기타,승용,남,45세,상해없음,승용,남,53세,경상
2015062900100589,2015년 6월 29일 19시,월요일,인천광역시 부평구 산곡동,경상사고,0,0,1,0,차대차 - 기타,안전운전불이행,건조,맑음,단일로 - 기타,승용,남,55세,상해없음,자전거,남,9세,경상
2015062900100590,2015년 6월 29일 19시,월요일,인천광역시 남동구 간석동,경상사고,0,0,2,0,차대차 - 추돌 - 주정차중,안전거리미확보,건조,맑음,단일로 - 기타,승용,남,45세,상해없음,승합,남,33세,경상
2015062900100591,2015년 6월 29일 19시,월요일,인천광역시 계양구 작전동,경상사고,0,0,1,0,차대차 - 측면직각충돌,안전운전불이행,건조,맑음,단일로 - 기타,승용,여,52세,상해없음,자전거,남,24세,경상
2015062900100656,2015년 6월 29일 21시,월요일,인천광역시 남동구 고잔동,중상사고,0,1,1,0,차대사람 - 차도통행중,보행자보호의무위반,건조,맑음,단일로 - 횡단보도상,승용,남,31세,상해없음,보행자,남,32세,중상
2015062900100689,2015년 6월 29일 22시,월요일,인천광역시 서구 신현동,중상사고,0,1,0,0,차대차 - 측면직각충돌,신호위반,건조,맑음,교차로 - 교차로안,승용,남,50세,상해없음,승용,남,38세,중상
2015062900100690,2015년 6월 29일 22시,월요일,인천광역시 서구 원창동,중상사고,0,1,0,0,차대차 - 측면직각충돌,신호위반,건조,맑음,교차로 - 교차로안,승용,남,26세,기타불명,승용,남,53세,중상
2015062900100718,2015년 6월 29일 23시,월요일,인천광역시 서구 가정동,경상사고,0,0,1,0,차대차 - 측면직각충돌,신호위반,습기,비,교차로 - 교차로안,승용,여,50세,상해없음,승용,여,45세,경상
2015063000100023,2015년 6월 30일 00시,화요일,인천광역시 남구 도화동,경상사고,0,0,1,0,차대차 - 측면직각충돌,안전운전불이행,건조,맑음,교차로 - 교차로안,승용,남,29세,상해없음,승용,남,46세,경상
2015063000100056,2015년 6월 30일 03시,화요일,인천광역시 서구 가좌동,중상사고,0,1,3,0,차대차 - 측면직각충돌,중앙선침범,건조,맑음,단일로 - 기타,이륜,남,56세,중상,승용,남,46세,경상
2015063000100145,2015년 6월 30일 08시,화요일,인천광역시 남동구 남촌동,경상사고,0,0,1,0,차대차 - 측면직각충돌,신호위반,건조,맑음,교차로 - 교차로안,승용,남,65세,상해없음,승용,남,47세,경상
2015063000100183,2015년 6월 30일 09시,화요일,인천광역시 남동구 고잔동,경상사고,0,0,2,0,차대차 - 측면직각충돌,교차로운행방법위반,건조,맑음,교차로 - 교차로안,승용,남,55세,경상,승용,남,25세,경상
2015063000100184,2015년 6월 30일 09시,화요일,인천광역시 남동구 구월동,중상사고,0,3,1,0,차대차 - 정면충돌,안전거리미확보,건조,맑음,단일로 - 기타,승합,남,65세,상해없음,승용,남,21세,중상
2015063000100185,2015년 6월 30일 09시,화요일,인천광역시 남동구 논현동,경상사고,0,0,1,0,차대차 - 측면직각충돌,안전거리미확보,건조,맑음,단일로 - 기타,승용,남,63세,상해없음,승용,남,37세,경상
2015063000100243,2015년 6월 30일 11시,화요일,인천광역시 남구 문학동,경상사고,0,0,1,0,차대차 - 기타,안전운전불이행,건조,맑음,기타 - 기타,승용,남,64세,상해없음,승용,남,27세,경상
2015063000100244,2015년 6월 30일 11시,화요일,인천광역시 남동구 구월동,경상사고,0,0,1,0,차대사람 - 횡단중,보행자보호의무위반,건조,맑음,단일로 - 횡단보도상,승용,기타불명,기타불명,기타불명,보행자,남,22세,경상
2015063000100245,2015년 6월 30일 11시,화요일,인천광역시 부평구 삼산동,중상사고,0,1,0,0,차대차 - 기타,신호위반,건조,맑음,단일로 - 기타,승용,여,43세,상해없음,원동기,남,25세,중상
2015063000100279,2015년 6월 30일 12시,화요일,인천광역시 남동구 구월동,경상사고,0,0,1,0,차대차 - 측면직각충돌,중앙선침범,건조,맑음,단일로 - 기타,승용,남,30세,상해없음,이륜,남,50세,경상
2015063000100299,2015년 6월 30일 13시,화요일,인천광역시 남동구 구월동,경상사고,0,0,2,0,차대차 - 추돌 - 진행중,안전운전불이행,건조,맑음,교차로 - 교차로부근,승용,여,36세,상해없음,승용,여,38세,경상
2015063000100430,2015년 6월 30일 17시,화요일,인천광역시 남구 문학동,부상신고사고,0,0,0,1,차량단독 - 기타,안전운전불이행,건조,맑음,단일로 - 기타,승용,남,65세,상해없음,,,,
2015063000100431,2015년 6월 30일 17시,화요일,인천광역시 서구 연희동,중상사고,0,1,1,0,차대차 - 측면직각충돌,신호위반,건조,맑음,교차로 - 교차로안,승용,남,56세,상해없음,승용,남,28세,중상
2015063000100432,2015년 6월 30일 17시,화요일,인천광역시 계양구 계산동,경상사고,0,0,1,0,차대사람 - 길가장자리구역통행중,안전운전불이행,건조,맑음,단일로 - 기타,승용,남,55세,상해없음,보행자,여,19세,경상
2015063000100518,2015년 6월 30일 19시,화요일,인천광역시 중구 인현동,경상사고,0,0,1,0,차대사람 - 길가장자리구역통행중,안전운전불이행,건조,맑음,단일로 - 기타,승용,남,35세,상해없음,보행자,여,18세,경상
2015063000100519,2015년 6월 30일 19시,화요일,인천광역시 중구 인현동,중상사고,0,1,0,0,차대사람 - 차도통행중,안전운전불이행,건조,맑음,단일로 - 기타,승합,남,39세,상해없음,보행자,여,18세,중상
2015063000100520,2015년 6월 30일 19시,화요일,인천광역시 부평구 청천동,중상사고,0,1,0,0,차대사람 - 기타,안전운전불이행,건조,맑음,단일로 - 기타,승용,남,49세,상해없음,보행자,남,51세,중상
2015063000100521,2015년 6월 30일 19시,화요일,인천광역시 계양구 계산동,경상사고,0,0,2,0,차대사람 - 기타,신호위반,건조,맑음,단일로 - 횡단보도상,원동기,남,17세,상해없음,보행자,남,57세,경상
2015063000100603,2015년 6월 30일 21시,화요일,인천광역시 중구 중산동,중상사고,0,1,0,0,차대차 - 기타,중앙선침범,건조,맑음,단일로 - 기타,승용,남,40세,상해없음,이륜,남,47세,중상
2015063000100604,2015년 6월 30일 21시,화요일,인천광역시 부평구 부평동,중상사고,0,1,0,0,차대차 - 측면직각충돌,신호위반,건조,맑음,교차로 - 교차로부근,승용,남,47세,상해없음,이륜,남,31세,중상
2015063000100605,2015년 6월 30일 21시,화요일,인천광역시 남동구 만수동,경상사고,0,0,1,0,차대차 - 추돌 - 주정차중,안전운전불이행,건조,맑음,단일로 - 기타,승용,남,52세,상해없음,승용,남,38세,경상
2015063000100606,2015년 6월 30일 21시,화요일,인천광역시 부평구 갈산동,중상사고,0,1,2,0,차대차 - 추돌 - 진행중,안전운전불이행,건조,맑음,단일로 - 기타,승용,남,27세,상해없음,승용,남,29세,중상
2015063000100644,2015년 6월 30일 22시,화요일,인천광역시 연수구 동춘동,경상사고,0,0,2,0,차대차 - 기타,안전운전불이행,건조,맑음,단일로 - 기타,승합,남,49세,상해없음,화물,남,24세,경상
2015063000100690,2015년 6월 30일 23시,화요일,인천광역시 남구 학익동,사망사고,1,0,0,0,차대사람 - 길가장자리구역통행중,안전운전불이행,건조,흐림,단일로 - 기타,승용,여,49세,상해없음,보행자,여,82세,사망
2015063000100691,2015년 6월 30일 23시,화요일,인천광역시 남동구 간석동,경상사고,0,0,6,0,차대차 - 측면직각충돌,안전운전불이행,건조,맑음,교차로 - 교차로안,승용,남,62세,상해없음,승용,남,61세,경상
2015063000100692,2015년 6월 30일 23시,화요일,인천광역시 남동구 구월동,부상신고사고,0,0,0,1,차대차 - 측면직각충돌,안전운전불이행,건조,맑음,단일로 - 기타,승용,남,38세,상해없음,이륜,남,41세,부상신고
2015070100100039,2015년 7월 1일 01시,수요일,인천광역시 부평구 청천동,경상사고,0,0,2,0,차대차 - 기타,안전운전불이행,건조,맑음,교차로 - 교차로안,승용,남,43세,상해없음,승용,남,34세,경상
2015070100100057,2015년 7월 1일 02시,수요일,인천광역시 서구 검암동,중상사고,0,1,1,0,차대사람 - 횡단중,보행자보호의무위반,건조,맑음,단일로 - 기타,승용,남,22세,상해없음,보행자,남,20세,경상
2015070100100156,2015년 7월 1일 08시,수요일,인천광역시 서구 가정동,경상사고,0,0,1,0,차대차 - 기타,안전운전불이행,건조,맑음,교차로 - 교차로부근,특수,남,49세,상해없음,승용,남,67세,경상
2015070100100221,2015년 7월 1일 10시,수요일,인천광역시 서구 금곡동,경상사고,0,0,1,0,차대차 - 추돌 - 진행중,안전운전불이행,건조,맑음,교차로 - 교차로부근,화물,남,62세,상해없음,화물,남,53세,경상
2015070100100255,2015년 7월 1일 11시,수요일,인천광역시 남구 숭의동,경상사고,0,0,1,0,차대사람 - 길가장자리구역통행중,안전운전불이행,건조,맑음,단일로 - 기타,화물,남,24세,상해없음,보행자,남,61세,경상
2015070100100256,2015년 7월 1일 11시,수요일,인천광역시 남구 주안동,경상사고,0,0,3,0,차대차 - 기타,안전운전불이행,건조,맑음,교차로 - 교차로부근,승용,여,54세,상해없음,승용,남,32세,경상
2015070100100257,2015년 7월 1일 11시,수요일,인천광역시 계양구 작전동,경상사고,0,0,1,0,차대차 - 정면충돌,안전운전불이행,건조,맑음,교차로 - 교차로안,이륜,남,51세,경상,화물,남,37세,상해없음
2015070100100258,2015년 7월 1일 11시,수요일,인천광역시 연수구 송도동,경상사고,0,0,2,0,차대차 - 기타,신호위반,건조,맑음,교차로 - 교차로안,화물,남,35세,상해없음,승용,여,43세,경상
2015070100100368,2015년 7월 1일 15시,수요일,인천광역시 남동구 구월동,경상사고,0,0,1,0,차대차 - 정면충돌,기타,건조,맑음,단일로 - 기타,승용,여,59세,상해없음,승용,남,47세,경상
2015070100100369,2015년 7월 1일 15시,수요일,인천광역시 계양구 계산동,경상사고,0,0,1,0,차대차 - 측면직각충돌,안전운전불이행,건조,맑음,교차로 - 교차로안,승용,남,34세,상해없음,승용,남,46세,경상
2015070100100370,2015년 7월 1일 15시,수요일,인천광역시 부평구 부평동,중상사고,0,1,0,0,차대사람 - 차도통행중,안전운전불이행,건조,맑음,교차로 - 교차로안,승용,남,22세,상해없음,보행자,여,58세,중상
2015070100100419,2015년 7월 1일 16시,수요일,인천광역시 서구 마전동,중상사고,0,1,0,0,차대사람 - 차도통행중,안전운전불이행,건조,맑음,단일로 - 기타,승용,남,60세,상해없음,보행자,여,79세,중상
2015070100100420,2015년 7월 1일 16시,수요일,인천광역시 서구 신현동,경상사고,0,0,1,0,차대차 - 기타,안전거리미확보,건조,맑음,단일로 - 횡단보도부근,화물,남,58세,상해없음,승용,남,51세,경상
2015070100100421,2015년 7월 1일 16시,수요일,인천광역시 계양구 효성동,경상사고,0,0,1,0,차대차 - 측면직각충돌,안전운전불이행,건조,맑음,교차로 - 교차로안,승합,남,67세,상해없음,승용,여,51세,경상
2015070100100466,2015년 7월 1일 17시,수요일,인천광역시 남동구 만수동,부상신고사고,0,0,0,1,차대차 - 추돌 - 주정차중,안전운전불이행,건조,맑음,단일로 - 기타,이륜,남,44세,부상신고,화물,남,29세,상해없음
2015070100100511,2015년 7월 1일 18시,수요일,인천광역시 남동구 간석동,경상사고,0,0,1,0,차대차 - 측면직각충돌,안전거리미확보,건조,맑음,교차로 - 교차로안,승용,남,37세,상해없음,승용,남,26세,경상
2015070100100512,2015년 7월 1일 18시,수요일,인천광역시 서구 연희동,경상사고,0,0,1,0,차대차 - 추돌 - 진행중,안전운전불이행,건조,맑음,단일로 - 기타,승용,남,50세,기타불명,승용,남,33세,경상
2015070100100579,2015년 7월 1일 20시,수요일,인천광역시 서구 연희동,경상사고,0,0,1,0,차대차 - 기타,안전운전불이행,건조,맑음,교차로 - 교차로부근,승용,기타불명,기타불명,기타불명,자전거,여,18세,경상
2015070100100612,2015년 7월 1일 21시,수요일,인천광역시 남구 숭의동,경상사고,0,0,2,0,차대차 - 측면직각충돌,안전운전불이행,건조,맑음,교차로 - 교차로부근,승합,남,43세,상해없음,승용,남,63세,경상
2015070100100613,2015년 7월 1일 21시,수요일,인천광역시 남동구 간석동,경상사고,0,0,2,0,차대차 - 추돌 - 진행중,차로위반,건조,맑음,교차로 - 교차로부근,승용,남,45세,상해없음,승용,남,59세,경상
2015070100100642,2015년 7월 1일 22시,수요일,인천광역시 연수구 송도동,중상사고,0,1,0,0,차대차 - 기타,신호위반,건조,맑음,교차로 - 교차로안,이륜,남,27세,중상,승용,여,41세,상해없음
2015070100100643,2015년 7월 1일 22시,수요일,인천광역시 연수구 동춘동,경상사고,0,0,1,0,차대차 - 측면직각충돌,신호위반,건조,맑음,교차로 - 교차로안,승용,남,37세,상해없음,승용,여,51세,경상
2015070100100659,2015년 7월 1일 23시,수요일,인천광역시 부평구 갈산동,경상사고,0,0,2,0,차대차 - 기타,안전운전불이행,건조,맑음,교차로 - 교차로안,승용,남,26세,상해없음,승용,남,60세,경상
2015070200100016,2015년 7월 2일 00시,목요일,인천광역시 남구 주안동,중상사고,0,1,0,0,차대차 - 기타,안전운전불이행,건조,맑음,교차로 - 교차로안,승용,남,55세,상해없음,자전거,남,28세,중상
2015070200100017,2015년 7월 2일 00시,목요일,인천광역시 서구 경서동,경상사고,0,0,1,0,차대차 - 추돌 - 진행중,안전운전불이행,건조,맑음,교차로 - 교차로안,승용,남,43세,상해없음,승용,여,38세,경상
2015070200100054,2015년 7월 2일 03시,목요일,인천광역시 연수구 연수동,중상사고,0,1,0,0,차대사람 - 횡단중,보행자보호의무위반,건조,맑음,교차로 - 교차로안,승용,남,30세,상해없음,보행자,남,20세,중상
2015070200100055,2015년 7월 2일 03시,목요일,인천광역시 부평구 부개동,경상사고,0,0,1,0,차대차 - 추돌 - 진행중,안전운전불이행,건조,흐림,교차로 - 교차로부근,승용,남,20세,상해없음,승용,남,42세,경상
2015070200100069,2015년 7월 2일 05시,목요일,인천광역시 남구 문학동,경상사고,0,0,2,0,차대차 - 측면직각충돌,중앙선침범,건조,맑음,교차로 - 교차로부근,승용,남,39세,상해없음,승용,남,57세,경상
2015070200100070,2015년 7월 2일 05시,목요일,인천광역시 서구 신현동,경상사고,0,0,2,0,차대차 - 측면직각충돌,신호위반,건조,맑음,교차로 - 교차로안,승용,남,49세,상해없음,승합,남,49세,상해없음
2015070200100071,2015년 7월 2일 05시,목요일,인천광역시 서구 가정동,경상사고,0,0,2,0,차대차 - 추돌 - 주정차중,안전운전불이행,건조,맑음,교차로 - 교차로부근,승용,남,25세,상해없음,승용,남,63세,경상
2015070200100085,2015년 7월 2일 06시,목요일,인천광역시 중구 운서동,중상사고,0,1,3,0,차대차 - 추돌 - 진행중,안전운전불이행,습기,안개,단일로 - 기타,화물,남,53세,경상,승용,남,51세,경상
2015070200100086,2015년 7월 2일 06시,목요일,인천광역시 서구 경서동,경상사고,0,0,4,0,차대차 - 기타,신호위반,건조,맑음,단일로 - 기타,승용,남,60세,경상,승용,여,51세,상해없음
2015070200100087,2015년 7월 2일 06시,목요일,인천광역시 남동구 도림동,중상사고,0,1,0,0,차대차 - 기타,차로위반,건조,흐림,단일로 - 기타,승용,남,28세,상해없음,승용,여,44세,중상
2015070200100169,2015년 7월 2일 08시,목요일,인천광역시 동구 화수동,중상사고,0,1,0,0,차대사람 - 횡단중,안전운전불이행,건조,맑음,교차로 - 교차로안,승용,여,41세,상해없음,보행자,여,72세,중상
2015070200100170,2015년 7월 2일 08시,목요일,인천광역시 서구 가좌동,경상사고,0,0,1,0,차대차 - 측면직각충돌,중앙선침범,건조,맑음,단일로 - 기타,자전거,여,50세,경상,승용,남,35세,상해없음
2015070200100171,2015년 7월 2일 08시,목요일,인천광역시 부평구 갈산동,중상사고,0,1,0,0,차대사람 - 기타,안전운전불이행,건조,맑음,단일로 - 기타,승용,남,48세,상해없음,보행자,여,17세,중상
2015070200100266,2015년 7월 2일 12시,목요일,인천광역시 부평구 부평동,경상사고,0,0,1,0,차대차 - 기타,교차로운행방법위반,건조,맑음,교차로 - 교차로부근,승용,남,65세,상해없음,원동기,남,16세,경상
2015070200100267,2015년 7월 2일 12시,목요일,인천광역시 남동구 구월동,중상사고,0,1,1,0,차대차 - 측면직각충돌,신호위반,건조,맑음,교차로 - 교차로안,원동기,남,62세,중상,승용,남,44세,상해없음
2015070200100295,2015년 7월 2일 13시,목요일,인천광역시 부평구 삼산동,중상사고,0,1,0,0,차대사람 - 기타,안전운전불이행,건조,맑음,단일로 - 기타,화물,남,30세,기타불명,보행자,남,76세,중상
2015070200100296,2015년 7월 2일 13시,목요일,인천광역시 부평구 부평동,경상사고,0,0,1,0,차대사람 - 기타,기타,건조,맑음,교차로 - 교차로부근,화물,남,54세,상해없음,보행자,남,7세,경상
2015070200100360,2015년 7월 2일 15시,목요일,인천광역시 남구 주안동,경상사고,0,0,1,0,차대사람 - 횡단중,보행자보호의무위반,건조,맑음,단일로 - 기타,승용,남,41세,상해없음,보행자,남,73세,경상
2015070200100393,2015년 7월 2일 16시,목요일,인천광역시 중구 신흥동3가,경상사고,0,0,1,0,차대차 - 추돌 - 주정차중,안전운전불이행,건조,맑음,교차로 - 교차로부근,승용,남,45세,상해없음,승용,남,55세,경상
2015070200100394,2015년 7월 2일 16시,목요일,인천광역시 계양구 임학동,경상사고,0,0,2,0,차대차 - 측면직각충돌,안전운전불이행,건조,맑음,교차로 - 교차로안,승용,남,29세,상해없음,승용,여,47세,경상
2015070200100395,2015년 7월 2일 16시,목요일,인천광역시 부평구 부개동,경상사고,0,0,1,0,차대사람 - 횡단중,신호위반,건조,맑음,단일로 - 횡단보도부근,승용,남,46세,상해없음,보행자,남,7세,경상
2015070200100438,2015년 7월 2일 17시,목요일,인천광역시 부평구 부평동,경상사고,0,0,1,0,차대사람 - 횡단중,중앙선침범,건조,맑음,단일로 - 횡단보도상,이륜,남,54세,상해없음,보행자,여,20세,경상
2015070200100479,2015년 7월 2일 18시,목요일,인천광역시 남구 학익동,경상사고,0,0,1,0,차대차 - 기타,안전운전불이행,건조,맑음,교차로 - 교차로안,화물,남,45세,상해없음,승용,남,45세,경상
2015070200100480,2015년 7월 2일 18시,목요일,인천광역시 남동구 논현동,중상사고,0,1,0,0,차대차 - 추돌 - 주정차중,안전운전불이행,건조,맑음,단일로 - 기타,승용,남,25세,상해없음,승용,남,41세,중상
2015070200100506,2015년 7월 2일 19시,목요일,인천광역시 남구 주안동,경상사고,0,0,1,0,차대사람 - 길가장자리구역통행중,안전운전불이행,건조,맑음,단일로 - 기타,승용,남,37세,상해없음,보행자,남,35세,경상
2015070200100507,2015년 7월 2일 19시,목요일,인천광역시 남구 관교동,경상사고,0,0,1,0,차량단독 - 기타,기타,건조,맑음,교차로 - 교차로부근,승합,남,53세,상해없음,,,,
2015070200100508,2015년 7월 2일 19시,목요일,인천광역시 부평구 산곡동,중상사고,0,1,0,0,차대차 - 기타,신호위반,건조,맑음,교차로 - 교차로안,승용,남,28세,상해없음,이륜,남,22세,중상
2015070200100535,2015년 7월 2일 20시,목요일,인천광역시 부평구 청천동,경상사고,0,0,1,0,차대사람 - 기타,안전운전불이행,건조,맑음,단일로 - 기타,승용,남,52세,상해없음,보행자,남,23세,경상
2015070200100570,2015년 7월 2일 21시,목요일,인천광역시 남구 주안동,경상사고,0,0,2,0,차대차 - 측면직각충돌,안전거리미확보,건조,맑음,단일로 - 기타,승용,남,41세,경상,특수,남,46세,경상