사고번호,사고일시,요일,시군구,사고내용,사망자수,중상자수,경상자수,부상신고자수,사고유형,법규위반,노면상태,기상상태,도로형태,가해운전자 차종,가해운전자 성별,가해운전자 연령,가해운전자 상해정도,피해운전자 차종,피해운전자 성별,피해운전자 연령,피해운전자 상해정도
2015070200100571,2015년 7월 2일 21시,목요일,인천광역시 남구 주안동,중상사고,0,1,0,0,차량단독 - 기타,안전운전불이행,건조,맑음,단일로 - 기타,승합,남,60세,상해없음,,,,
2015070200100572,2015년 7월 2일 21시,목요일,인천광역시 남동구 만수동,중상사고,0,1,0,0,차대사람 - 횡단중,안전운전불이행,건조,맑음,교차로 - 교차로부근,화물,남,37세,상해없음,보행자,여,36세,중상
2015070200100639,2015년 7월 2일 23시,목요일,인천광역시 중구 중산동,중상사고,0,2,0,0,차대차 - 추돌 - 주정차중,안전운전불이행,건조,맑음,교차로 - 교차로부근,화물,남,49세,상해없음,승용,여,48세,중상
2015070300100022,2015년 7월 3일 00시,금요일,인천광역시 남구 주안동,경상사고,0,0,1,0,차대사람 - 기타,안전운전불이행,건조,기타,교차로 - 교차로안,승용,남,32세,상해없음,보행자,남,38세,경상
2015070300100033,2015년 7월 3일 01시,금요일,인천광역시 중구 운북동,중상사고,0,5,2,0,차량단독 - 공작물충돌,과속,건조,맑음,단일로 - 기타,승합,남,56세,중상,,,,
2015070300100042,2015년 7월 3일 02시,금요일,인천광역시 남동구 구월동,중상사고,0,1,4,0,차대차 - 측면직각충돌,교차로운행방법위반,건조,맑음,교차로 - 교차로안,승용,남,49세,경상,승용,남,57세,상해없음
2015070300100043,2015년 7월 3일 02시,금요일,인천광역시 연수구 연수동,경상사고,0,0,1,0,차대사람 - 기타,안전운전불이행,건조,맑음,교차로 - 교차로안,승용,남,45세,상해없음,보행자,남,28세,경상
2015070300100061,2015년 7월 3일 05시,금요일,인천광역시 남동구 논현동,경상사고,0,0,1,0,차대차 - 측면직각충돌,안전거리미확보,건조,맑음,단일로 - 기타,승합,남,33세,상해없음,건설기계,남,53세,경상
2015070300100062,2015년 7월 3일 05시,금요일,인천광역시 계양구 계산동,부상신고사고,0,0,0,1,차대차 - 측면직각충돌,신호위반,건조,맑음,교차로 - 교차로안,이륜,남,18세,상해없음,승용,남,35세,상해없음
2015070300100097,2015년 7월 3일 07시,금요일,인천광역시 남동구 간석동,경상사고,0,0,1,0,차대차 - 추돌 - 진행중,안전운전불이행,건조,맑음,단일로 - 기타,승용,남,38세,상해없음,승용,남,40세,경상
2015070300100136,2015년 7월 3일 08시,금요일,인천광역시 중구 선린동,경상사고,0,0,1,0,차대사람 - 횡단중,신호위반,건조,맑음,단일로 - 횡단보도상,승용,여,53세,상해없음,보행자,여,5세,경상
2015070300100137,2015년 7월 3일 08시,금요일,인천광역시 남구 학익동,중상사고,0,2,2,0,차대차 - 측면직각충돌,신호위반,건조,맑음,교차로 - 교차로안,승합,남,47세,상해없음,승용,여,38세,중상
2015070300100138,2015년 7월 3일 08시,금요일,인천광역시 남동구 남촌동,중상사고,0,1,1,0,차대차 - 측면직각충돌,안전거리미확보,건조,맑음,교차로 - 교차로부근,승용,남,54세,상해없음,건설기계,남,44세,경상
2015070300100139,2015년 7월 3일 08시,금요일,인천광역시 부평구 일신동,중상사고,0,1,0,0,차대차 - 측면직각충돌,신호위반,건조,맑음,교차로 - 교차로안,승용,남,28세,상해없음,승용,여,39세,중상
2015070300100188,2015년 7월 3일 10시,금요일,인천광역시 남구 주안동,경상사고,0,0,2,0,차대차 - 기타,안전운전불이행,건조,맑음,단일로 - 기타,승용,남,63세,상해없음,승용,남,42세,경상
2015070300100248,2015년 7월 3일 12시,금요일,인천광역시 남구 용현동,중상사고,0,1,6,0,차대차 - 추돌 - 주정차중,안전운전불이행,건조,맑음,단일로 - 기타,승합,남,62세,상해없음,화물,남,53세,중상
2015070300100249,2015년 7월 3일 12시,금요일,인천광역시 남동구 구월동,경상사고,0,0,1,0,차대사람 - 보도통행중,보행자보호의무위반,건조,맑음,단일로 - 기타,화물,남,42세,상해없음,보행자,남,6세,경상
2015070300100286,2015년 7월 3일 13시,금요일,인천광역시 남구 주안동,경상사고,0,0,1,0,차대사람 - 보도통행중,기타,건조,맑음,기타 - 기타,승용,남,34세,상해없음,보행자,여,31세,경상
2015070300100287,2015년 7월 3일 13시,금요일,인천광역시 강화군 강화읍,중상사고,0,7,1,0,차대차 - 정면충돌,안전운전불이행,건조,맑음,교차로 - 교차로안,승용,남,55세,기타불명,이륜,남,50세,중상
2015070300100313,2015년 7월 3일 14시,금요일,인천광역시 남동구 간석동,경상사고,0,0,1,0,차대차 - 추돌 - 주정차중,안전운전불이행,건조,맑음,단일로 - 기타,승용,남,61세,상해없음,승용,남,73세,경상
2015070300100347,2015년 7월 3일 15시,금요일,인천광역시 서구 가좌동,경상사고,0,0,4,0,차대차 - 측면직각충돌,안전운전불이행,건조,맑음,교차로 - 교차로안,승용,남,23세,경상,승용,남,23세,경상
2015070300100348,2015년 7월 3일 15시,금요일,인천광역시 연수구 송도동,경상사고,0,0,1,0,차대차 - 기타,안전운전불이행,건조,맑음,교차로 - 교차로안,승합,남,25세,상해없음,자전거,남,11세,경상
2015070300100432,2015년 7월 3일 17시,금요일,인천광역시 중구 인현동,경상사고,0,0,1,0,차대사람 - 길가장자리구역통행중,안전운전불이행,건조,맑음,단일로 - 기타,승용,남,28세,상해없음,보행자,남,27세,경상
2015070300100433,2015년 7월 3일 17시,금요일,인천광역시 남동구 논현동,경상사고,0,0,1,0,차대차 - 측면직각충돌,안전운전불이행,건조,맑음,교차로 - 교차로부근,승용,남,53세,상해없음,자전거,남,11세,경상
2015070300100434,2015년 7월 3일 17시,금요일,인천광역시 남동구 논현동,중상사고,0,1,0,0,차대차 - 정면충돌,신호위반,건조,맑음,교차로 - 교차로안,승용,남,33세,상해없음,자전거,남,36세,중상
2015070300100435,2015년 7월 3일 17시,금요일,인천광역시 남동구 만수동,경상사고,0,0,1,0,차대사람 - 차도통행중,안전운전불이행,건조,맑음,단일로 - 기타,자전거,남,16세,상해없음,보행자,여,30세,경상
2015070300100436,2015년 7월 3일 17시,금요일,인천광역시 강화군 불은면,중상사고,0,1,0,0,차대차 - 측면직각충돌,안전운전불이행,건조,맑음,단일로 - 기타,승용,남,63세,상해없음,자전거,남,72세,중상
2015070300100599,2015년 7월 3일 21시,금요일,인천광역시 서구 신현동,경상사고,0,0,3,0,차대차 - 기타,안전운전불이행,건조,맑음,교차로 - 교차로부근,승용,남,51세,상해없음,승용,여,37세,경상
2015070300100665,2015년 7월 3일 23시,금요일,인천광역시 계양구 귤현동,중상사고,0,1,0,0,차대차 - 정면충돌,안전운전불이행,건조,맑음,단일로 - 기타,자전거,남,18세,상해없음,자전거,남,29세,중상
2015070400100040,2015년 7월 4일 00시,토요일,인천광역시 연수구 연수동,경상사고,0,0,4,0,차대차 - 측면직각충돌,안전운전불이행,건조,맑음,단일로 - 기타,승용,남,44세,상해없음,승용,남,27세,경상
2015070400100041,2015년 7월 4일 00시,토요일,인천광역시 부평구 부평동,중상사고,0,1,0,0,차대사람 - 횡단중,신호위반,건조,맑음,단일로 - 횡단보도상,원동기,남,18세,상해없음,보행자,여,26세,중상
2015070400100066,2015년 7월 4일 01시,토요일,인천광역시 중구 중산동,경상사고,0,0,1,0,차대차 - 측면직각충돌,안전운전불이행,습기,맑음,단일로 - 기타,승용,남,29세,상해없음,승용,남,33세,상해없음
2015070400100100,2015년 7월 4일 03시,토요일,인천광역시 부평구 부평동,경상사고,0,0,1,0,차대사람 - 기타,안전운전불이행,건조,맑음,단일로 - 기타,승용,남,32세,상해없음,보행자,남,26세,경상
2015070400100120,2015년 7월 4일 04시,토요일,인천광역시 남동구 간석동,중상사고,0,1,0,0,차대사람 - 횡단중,안전운전불이행,건조,맑음,단일로 - 기타,승용,남,78세,상해없음,보행자,남,52세,중상
2015070400100134,2015년 7월 4일 05시,토요일,인천광역시 부평구 부평동,경상사고,0,0,2,0,차대차 - 기타,교차로운행방법위반,건조,맑음,교차로 - 교차로안,승용,남,47세,상해없음,승용,여,50세,경상
2015070400100135,2015년 7월 4일 05시,토요일,인천광역시 남동구 서창동,중상사고,0,1,0,0,차대사람 - 횡단중,안전운전불이행,건조,맑음,단일로 - 횡단보도부근,승용,남,42세,상해없음,보행자,여,68세,중상
2015070400100136,2015년 7월 4일 05시,토요일,인천광역시 서구 마전동,중상사고,0,1,3,0,차대차 - 측면직각충돌,신호위반,건조,맑음,교차로 - 교차로안,승합,남,49세,경상,승합,남,59세,중상
2015070400100170,2015년 7월 4일 07시,토요일,인천광역시 남구 주안동,경상사고,0,0,1,0,차대차 - 추돌 - 진행중,안전운전불이행,건조,맑음,교차로 - 교차로안,승용,남,47세,상해없음,자전거,남,29세,경상
2015070400100194,2015년 7월 4일 08시,토요일,인천광역시 남동구 간석동,경상사고,0,0,1,0,차대차 - 측면직각충돌,중앙선침범,건조,맑음,단일로 - 기타,승용,남,66세,상해없음,이륜,남,24세,경상
2015070400100369,2015년 7월 4일 14시,토요일,인천광역시 남동구 만수동,경상사고,0,0,1,0,차대차 - 추돌 - 주정차중,차로위반,건조,맑음,교차로 - 교차로부근,승용,여,51세,상해없음,이륜,남,33세,경상
2015070400100370,2015년 7월 4일 14시,토요일,인천광역시 강화군 하점면,경상사고,0,0,1,0,차대차 - 측면직각충돌,안전운전불이행,건조,맑음,단일로 - 기타,승용,남,50세,상해없음,자전거,여,42세,경상
2015070400100415,2015년 7월 4일 15시,토요일,인천광역시 중구 운서동,경상사고,0,0,2,0,차대차 - 기타,기타,건조,맑음,기타 - 기타,승용,남,52세,경상,승용,남,55세,경상
2015070400100460,2015년 7월 4일 16시,토요일,인천광역시 남구 주안동,중상사고,0,1,0,0,차대사람 - 길가장자리구역통행중,보행자보호의무위반,건조,맑음,단일로 - 기타,승용,남,48세,상해없음,보행자,여,11세,중상
2015070400100461,2015년 7월 4일 16시,토요일,인천광역시 남동구 고잔동,경상사고,0,0,1,0,차대차 - 추돌 - 진행중,안전거리미확보,건조,맑음,단일로 - 기타,승용,남,35세,상해없음,이륜,남,58세,경상
2015070400100569,2015년 7월 4일 19시,토요일,인천광역시 부평구 청천동,중상사고,0,1,0,0,차대차 - 측면직각충돌,신호위반,건조,맑음,교차로 - 교차로안,승용,남,31세,상해없음,승용,남,52세,중상
2015070400100570,2015년 7월 4일 19시,토요일,인천광역시 연수구 선학동,경상사고,0,0,1,0,차대차 - 기타,안전운전불이행,건조,맑음,단일로 - 기타,자전거,남,22세,상해없음,자전거,남,38세,경상
2015070400100677,2015년 7월 4일 23시,토요일,인천광역시 부평구 부평동,중상사고,0,1,0,0,차대사람 - 횡단중,안전운전불이행,건조,맑음,교차로 - 교차로안,승용,남,34세,상해없음,보행자,여,72세,중상
2015070500100034,2015년 7월 5일 01시,일요일,인천광역시 동구 송현동,중상사고,0,1,0,0,차대사람 - 횡단중,안전운전불이행,건조,맑음,단일로 - 기타,승용,남,51세,상해없음,보행자,여,23세,중상
2015070500100049,2015년 7월 5일 02시,일요일,인천광역시 중구 을왕동,경상사고,0,0,4,0,차대차 - 추돌 - 진행중,안전운전불이행,건조,맑음,단일로 - 기타,승용,남,33세,상해없음,승용,남,44세,경상
2015070500100058,2015년 7월 5일 03시,일요일,인천광역시 남동구 수산동,중상사고,0,1,0,0,차대차 - 추돌 - 주정차중,안전운전불이행,건조,맑음,교차로 - 교차로부근,승용,남,25세,상해없음,화물,남,35세,상해없음
2015070500100065,2015년 7월 5일 04시,일요일,인천광역시 부평구 청천동,부상신고사고,0,0,0,1,차대차 - 기타,중앙선침범,건조,맑음,단일로 - 기타,이륜,남,19세,부상신고,승용,남,49세,상해없음
2015070500100097,2015년 7월 5일 07시,일요일,인천광역시 부평구 산곡동,중상사고,0,2,1,0,차대차 - 측면직각충돌,과속,건조,맑음,단일로 - 기타,승용,남,65세,중상,승용,남,45세,경상
2015070500100114,2015년 7월 5일 08시,일요일,인천광역시 중구 중산동,중상사고,0,1,1,0,차대차 - 기타,보행자보호의무위반,건조,맑음,단일로 - 기타,승용,남,63세,상해없음,자전거,여,11세,경상
2015070500100129,2015년 7월 5일 09시,일요일,인천광역시 부평구 산곡동,경상사고,0,0,2,0,차대사람 - 기타,안전운전불이행,건조,맑음,단일로 - 기타,자전거,남,8세,상해없음,보행자,여,66세,경상
2015070500100151,2015년 7월 5일 10시,일요일,인천광역시 남구 주안동,경상사고,0,0,3,1,차대차 - 측면직각충돌,안전거리미확보,건조,맑음,단일로 - 기타,승용,남,59세,상해없음,승합,남,54세,상해없음
2015070500100238,2015년 7월 5일 13시,일요일,인천광역시 남구 학익동,중상사고,0,1,0,1,차대차 - 기타,안전운전불이행,건조,맑음,교차로 - 교차로안,이륜,남,42세,부상신고,승용,여,34세,상해없음
2015070500100269,2015년 7월 5일 14시,일요일,인천광역시 계양구 서운동,경상사고,0,0,2,0,차대차 - 측면직각충돌,신호위반,건조,맑음,교차로 - 교차로안,승용,여,40세,상해없음,승용,남,50세,경상
2015070500100333,2015년 7월 5일 16시,일요일,인천광역시 중구 운서동,부상신고사고,0,0,0,1,차대차 - 기타,안전운전불이행,건조,맑음,단일로 - 기타,원동기,남,64세,부상신고,승용,남,28세,기타불명
2015070500100334,2015년 7월 5일 16시,일요일,인천광역시 부평구 부평동,경상사고,0,0,1,0,차대차 - 기타,안전거리미확보,건조,맑음,교차로 - 교차로부근,승용,남,31세,상해없음,승용,남,25세,경상
2015070500100335,2015년 7월 5일 16시,일요일,인천광역시 서구 원당동,중상사고,0,1,0,0,차대차 - 기타,신호위반,건조,맑음,교차로 - 교차로부근,승용,남,28세,상해없음,자전거,남,15세,중상
2015070500100336,2015년 7월 5일 16시,일요일,인천광역시 부평구 부평동,경상사고,0,0,2,0,차대차 - 측면직각충돌,안전운전불이행,건조,맑음,단일로 - 기타,승용,여,50세,상해없음,승용,남,46세,경상
2015070500100374,2015년 7월 5일 17시,일요일,인천광역시 남동구 만수동,부상신고사고,0,0,0,1,차대차 - 추돌 - 주정차중,안전운전불이행,건조,맑음,단일로 - 기타,이륜,남,32세,부상신고,승용,남,36세,상해없음
2015070500100461,2015년 7월 5일 20시,일요일,인천광역시 부평구 청천동,경상사고,0,0,3,0,차대차 - 기타,신호위반,건조,맑음,교차로 - 교차로안,승용,남,44세,상해없음,승용,여,42세,경상
2015070500100487,2015년 7월 5일 21시,일요일,인천광역시 남동구 논현동,중상사고,0,1,0,0,차대차 - 추돌 - 진행중,안전운전불이행,건조,맑음,단일로 - 기타,승합,남,53세,상해없음,자전거,남,51세,중상
2015070500100512,2015년 7월 5일 22시,일요일,인천광역시 남동구 간석동,경상사고,0,0,2,0,차대차 - 측면직각충돌,안전거리미확보,건조,맑음,단일로 - 기타,승용,남,49세,상해없음,승용,남,58세,경상
2015070500100513,2015년 7월 5일 22시,일요일,인천광역시 남동구 논현동,중상사고,0,1,0,0,차대차 - 정면충돌,신호위반,건조,맑음,교차로 - 교차로안,승용,남,45세,상해없음,승용,남,29세,중상
2015070500100514,2015년 7월 5일 22시,일요일,인천광역시 서구 석남동,경상사고,0,0,2,0,차대차 - 측면직각충돌,안전운전불이행,건조,맑음,교차로 - 교차로안,승용,남,44세,상해없음,승용,남,46세,경상
2015070500100526,2015년 7월 5일 23시,일요일,인천광역시 부평구 산곡동,중상사고,0,1,0,0,차대사람 - 기타,안전운전불이행,건조,맑음,교차로 - 교차로안,승용,남,58세,상해없음,보행자,남,45세,중상
2015070600100024,2015년 7월 6일 01시,월요일,인천광역시 남구 주안동,경상사고,0,0,1,0,차대사람 - 기타,안전운전불이행,건조,맑음,단일로 - 기타,승용,여,33세,상해없음,보행자,여,22세,경상
2015070600100041,2015년 7월 6일 04시,월요일,인천광역시 부평구 부평동,중상사고,0,1,0,0,차대사람 - 기타,안전운전불이행,건조,맑음,단일로 - 횡단보도부근,승용,남,57세,상해없음,보행자,여,73세,중상
2015070600100053,2015년 7월 6일 05시,월요일,인천광역시 부평구 부평동,경상사고,0,0,1,0,차대차 - 측면직각충돌,신호위반,건조,맑음,교차로 - 교차로안,승용,남,54세,상해없음,승용,남,37세,경상
2015070600100065,2015년 7월 6일 06시,월요일,인천광역시 서구 백석동,경상사고,0,0,1,0,차대차 - 기타,신호위반,건조,맑음,교차로 - 교차로안,건설기계,남,45세,상해없음,승용,여,54세,경상
2015070600100105,2015년 7월 6일 07시,월요일,인천광역시 계양구 계산동,중상사고,0,1,0,0,차대차 - 측면직각충돌,안전운전불이행,건조,맑음,교차로 - 교차로안,자전거,남,13세,중상,승용,여,40세,상해없음
2015070600100106,2015년 7월 6일 07시,월요일,인천광역시 연수구 연수동,중상사고,0,1,0,0,차대차 - 측면직각충돌,안전운전불이행,건조,맑음,단일로 - 기타,승용,남,56세,상해없음,화물,남,54세,중상
2015070600100107,2015년 7월 6일 07시,월요일,인천광역시 연수구 선학동,중상사고,0,2,0,0,차대차 - 측면직각충돌,신호위반,건조,맑음,교차로 - 교차로안,승용,남,30세,상해없음,승용,여,57세,중상
2015070600100163,2015년 7월 6일 08시,월요일,인천광역시 서구 공촌동,경상사고,0,0,1,0,차대사람 - 길가장자리구역통행중,안전운전불이행,기타,맑음,단일로 - 기타,승용,여,58세,상해없음,보행자,여,8세,경상
2015070600100205,2015년 7월 6일 09시,월요일,인천광역시 부평구 삼산동,중상사고,0,1,0,0,차대차 - 측면직각충돌,안전운전불이행,습기,맑음,교차로 - 교차로안,승용,여,39세,상해없음,원동기,남,45세,중상
2015070600100310,2015년 7월 6일 13시,월요일,인천광역시 남구 주안동,경상사고,0,0,1,0,차대차 - 기타,안전운전불이행,건조,맑음,교차로 - 교차로부근,화물,남,51세,상해없음,자전거,남,11세,경상
2015070600100311,2015년 7월 6일 13시,월요일,인천광역시 연수구 선학동,경상사고,0,0,3,0,차대차 - 추돌 - 진행중,안전운전불이행,건조,맑음,단일로 - 기타,승용,남,55세,상해없음,승용,여,36세,경상
2015070600100337,2015년 7월 6일 14시,월요일,인천광역시 중구 을왕동,경상사고,0,0,2,0,차대차 - 측면직각충돌,안전운전불이행,건조,맑음,교차로 - 교차로안,승용,남,65세,상해없음,승용,남,27세,경상
2015070600100338,2015년 7월 6일 14시,월요일,인천광역시 남구 관교동,경상사고,0,0,1,0,차량단독 - 기타,안전운전불이행,건조,맑음,단일로 - 기타,승합,남,50세,상해없음,,,,
2015070600100339,2015년 7월 6일 14시,월요일,인천광역시 남동구 만수동,중상사고,0,1,0,0,차대사람 - 횡단중,신호위반,건조,맑음,단일로 - 기타,승용,여,52세,상해없음,보행자,여,14세,중상
2015070600100367,2015년 7월 6일 15시,월요일,인천광역시 서구 석남동,경상사고,0,0,1,0,차대차 - 기타,중앙선침범,건조,맑음,교차로 - 교차로부근,승용,여,52세,상해없음,승용,여,27세,경상
2015070600100407,2015년 7월 6일 16시,월요일,인천광역시 부평구 부평동,경상사고,0,0,1,0,차대차 - 추돌 - 주정차중,안전운전불이행,건조,맑음,단일로 - 기타,승용,남,54세,상해없음,승용,남,33세,경상
2015070600100496,2015년 7월 6일 19시,월요일,인천광역시 부평구 부개동,중상사고,0,1,0,0,차대차 - 측면직각충돌,교차로운행방법위반,건조,맑음,교차로 - 교차로안,승용,남,51세,상해없음,이륜,남,22세,중상
2015070600100497,2015년 7월 6일 19시,월요일,인천광역시 부평구 삼산동,중상사고,0,1,0,0,차대차 - 측면직각충돌,안전운전불이행,건조,맑음,교차로 - 교차로안,승용,남,43세,상해없음,자전거,남,16세,중상
2015070600100525,2015년 7월 6일 20시,월요일,인천광역시 동구 송림동,중상사고,0,1,0,0,차대사람 - 차도통행중,안전운전불이행,건조,맑음,교차로 - 교차로부근,승합,남,49세,상해없음,보행자,남,69세,중상
2015070600100558,2015년 7월 6일 21시,월요일,인천광역시 남구 숭의동,경상사고,0,0,1,0,차대차 - 측면직각충돌,불법유턴,건조,맑음,단일로 - 기타,승용,남,39세,상해없음,승용,남,49세,경상
2015070600100602,2015년 7월 6일 23시,월요일,인천광역시 남구 관교동,경상사고,0,0,2,0,차대차 - 정면충돌,안전운전불이행,건조,맑음,교차로 - 교차로안,승용,여,55세,상해없음,승용,남,48세,경상
2015070700100089,2015년 7월 7일 06시,화요일,인천광역시 계양구 작전동,중상사고,0,1,0,0,차대차 - 측면직각충돌,신호위반,건조,맑음,교차로 - 교차로안,승용,남,42세,상해없음,자전거,여,65세,중상
2015070700100110,2015년 7월 7일 07시,화요일,인천광역시 남동구 만수동,경상사고,0,0,1,0,차대차 - 측면직각충돌,교차로운행방법위반,건조,맑음,교차로 - 교차로안,승용,남,50세,상해없음,승용,남,30세,경상
2015070700100268,2015년 7월 7일 12시,화요일,인천광역시 남동구 남촌동,중상사고,0,1,0,0,차대차 - 측면직각충돌,안전운전불이행,건조,맑음,단일로 - 횡단보도상,승용,기타불명,기타불명,기타불명,자전거,남,19세,중상
2015070700100336,2015년 7월 7일 14시,화요일,인천광역시 남구 주안동,중상사고,0,1,0,0,차대차 - 기타,안전운전불이행,건조,맑음,단일로 - 기타,승합,남,59세,상해없음,승합,남,59세,상해없음
2015070700100337,2015년 7월 7일 14시,화요일,인천광역시 연수구 송도동,경상사고,0,0,1,0,차대차 - 측면직각충돌,안전운전불이행,건조,맑음,교차로 - 교차로안,승용,남,25세,상해없음,승용,남,60세,경상
2015070700100371,2015년 7월 7일 15시,화요일,인천광역시 남구 주안동,경상사고,0,0,2,0,차대차 - 측면직각충돌,안전거리미확보,건조,맑음,교차로 - 교차로부근,건설기계,남,55세,상해없음,승용,남,27세,경상
2015070700100372,2015년 7월 7일 15시,화요일,인천광역시 계양구 계산동,중상사고,0,1,0,0,차대사람 - 기타,안전운전불이행,건조,맑음,단일로 - 기타,승용,여,65세,상해없음,보행자,남,78세,중상
2015070700100406,2015년 7월 7일 16시,화요일,인천광역시 남동구 만수동,중상사고,0,1,0,0,차대사람 - 차도통행중,안전운전불이행,건조,맑음,단일로 - 기타,승합,남,56세,상해없음,보행자,여,17세,중상
2015070700100458,2015년 7월 7일 17시,화요일,인천광역시 남구 주안동,경상사고,0,0,1,0,차대차 - 추돌 - 주정차중,안전운전불이행,건조,맑음,단일로 - 기타,화물,남,54세,상해없음,승용,여,48세,경상
2015070700100459,2015년 7월 7일 17시,화요일,인천광역시 남동구 장수동,경상사고,0,0,2,0,차대차 - 추돌 - 주정차중,안전운전불이행,건조,맑음,단일로 - 기타,승용,여,47세,상해없음,승용,여,35세,경상
2015070700100460,2015년 7월 7일 17시,화요일,인천광역시 남동구 구월동,경상사고,0,0,1,0,차대차 - 측면직각충돌,교차로운행방법위반,건조,맑음,단일로 - 기타,화물,남,34세,상해없음,원동기,남,57세,경상
2015070700100461,2015년 7월 7일 17시,화요일,인천광역시 연수구 송도동,중상사고,0,1,0,0,차대사람 - 기타,안전운전불이행,건조,맑음,단일로 - 기타,승용,남,45세,상해없음,보행자,남,13세,중상
2015070700100501,2015년 7월 7일 18시,화요일,인천광역시 동구 송현동,경상사고,0,0,1,0,차대차 - 기타,안전운전불이행,건조,맑음,단일로 - 기타,화물,남,62세,상해없음,원동기,남,59세,경상
2015070700100502,2015년 7월 7일 18시,화요일,인천광역시 서구 불로동,경상사고,0,0,1,0,차대차 - 기타,안전운전불이행,건조,맑음,단일로 - 횡단보도상,승용,기타불명,기타불명,기타불명,자전거,남,16세,경상
2015070700100503,2015년 7월 7일 18시,화요일,인천광역시 서구 연희동,경상사고,0,0,1,0,차대차 - 기타,안전운전불이행,습기,맑음,교차로 - 교차로안,승용,여,45세,기타불명,승용,여,40세,상해없음
2015070700100504,2015년 7월 7일 18시,화요일,인천광역시 계양구 동양동,중상사고,0,1,0,0,차대차 - 측면직각충돌,안전운전불이행,건조,맑음,단일로 - 기타,승용,남,64세,상해없음,자전거,남,9세,중상
2015070700100505,2015년 7월 7일 18시,화요일,인천광역시 계양구 용종동,경상사고,0,0,1,0,차대차 - 측면직각충돌,안전운전불이행,건조,맑음,단일로 - 기타,승용,남,37세,경상,건설기계,남,48세,상해없음
2015070700100555,2015년 7월 7일 19시,화요일,인천광역시 남동구 고잔동,중상사고,0,1,0,0,차대차 - 정면충돌,안전운전불이행,건조,맑음,교차로 - 교차로부근,승용,남,55세,상해없음,자전거,남,27세,중상
2015070700100595,2015년 7월 7일 20시,화요일,인천광역시 계양구 효성동,경상사고,0,0,1,0,차대차 - 측면직각충돌,교차로운행방법위반,건조,맑음,교차로 - 교차로안,이륜,남,18세,상해없음,자전거,남,14세,경상
2015070700100631,2015년 7월 7일 21시,화요일,인천광역시 연수구 동춘동,경상사고,0,0,4,0,차대차 - 추돌 - 진행중,안전운전불이행,건조,맑음,단일로 - 기타,승용,남,37세,상해없음,승용,남,33세,경상
2015070700100632,2015년 7월 7일 21시,화요일,인천광역시 부평구 일신동,중상사고,0,1,2,0,차대차 - 추돌 - 진행중,안전운전불이행,건조,맑음,단일로 - 기타,승용,남,56세,상해없음,승용,여,45세,중상
2015070700100670,2015년 7월 7일 22시,화요일,인천광역시 남구 용현동,경상사고,0,0,1,0,차대차 - 기타,안전운전불이행,건조,맑음,단일로 - 기타,기타불명,기타불명,기타불명,기타불명,승용,남,47세,경상
2015070700100671,2015년 7월 7일 22시,화요일,인천광역시 계양구 작전동,경상사고,0,0,2,0,차대차 - 추돌 - 진행중,안전운전불이행,건조,맑음,단일로 - 기타,승용,남,46세,상해없음,승합,남,49세,경상
2015070800100038,2015년 7월 8일 01시,수요일,인천광역시 남구 주안동,경상사고,0,0,2,0,차대차 - 기타,안전운전불이행,건조,맑음,교차로 - 교차로부근,승용,남,44세,상해없음,승용,남,20세,경상
2015070800100039,2015년 7월 8일 01시,수요일,인천광역시 남구 주안동,경상사고,0,0,1,0,차대차 - 기타,안전운전불이행,건조,맑음,단일로 - 기타,승용,여,23세,상해없음,승용,여,45세,경상
2015070800100123,2015년 7월 8일 07시,수요일,인천광역시 남구 숭의동,경상사고,0,0,1,0,차대차 - 기타,안전운전불이행,건조,맑음,단일로 - 기타,승용,남,19세,상해없음,승용,남,44세,경상
2015070800100124,2015년 7월 8일 07시,수요일,인천광역시 계양구 서운동,중상사고,0,1,0,0,차대차 - 추돌 - 주정차중,안전운전불이행,건조,맑음,교차로 - 교차로안,승용,남,69세,상해없음,화물,남,28세,중상
2015070800100125,2015년 7월 8일 07시,수요일,인천광역시 연수구 송도동,중상사고,0,1,0,0,차대차 - 측면직각충돌,신호위반,건조,맑음,단일로 - 횡단보도상,승합,남,64세,상해없음,자전거,남,9세,중상
2015070800100246,2015년 7월 8일 11시,수요일,인천광역시 서구 석남동,중상사고,0,1,0,0,차대사람 - 보도통행중,기타,건조,맑음,단일로 - 기타,승용,남,51세,상해없음,보행자,여,90세 이상,중상
2015070800100247,2015년 7월 8일 11시,수요일,인천광역시 계양구 계산동,경상사고,0,0,1,0,차대사람 - 기타,안전운전불이행,건조,맑음,기타 - 기타,화물,남,45세,상해없음,보행자,여,78세,경상
2015070800100271,2015년 7월 8일 12시,수요일,인천광역시 부평구 삼산동,경상사고,0,0,1,0,차대사람 - 보도통행중,중앙선침범,건조,맑음,단일로 - 기타,승용,남,41세,상해없음,보행자,남,23세,경상
2015070800100272,2015년 7월 8일 12시,수요일,인천광역시 부평구 부개동,경상사고,0,0,1,0,차대사람 - 기타,안전운전불이행,건조,맑음,교차로 - 교차로안,원동기,기타불명,기타불명,기타불명,보행자,여,32세,경상
2015070800100296,2015년 7월 8일 13시,수요일,인천광역시 서구 가좌동,경상사고,0,0,1,0,차대차 - 추돌 - 진행중,안전운전불이행,건조,맑음,단일로 - 기타,승용,남,42세,상해없음,승용,남,33세,경상
2015070800100297,2015년 7월 8일 13시,수요일,인천광역시 부평구 부개동,부상신고사고,0,0,0,1,차대사람 - 기타,보행자보호의무위반,건조,맑음,단일로 - 횡단보도상,승용,기타불명,기타불명,기타불명,보행자,여,17세,부상신고