사고번호,사고일시,요일,시군구,사고내용,사망자수,중상자수,경상자수,부상신고자수,사고유형,법규위반,노면상태,기상상태,도로형태,가해운전자 차종,가해운전자 성별,가해운전자 연령,가해운전자 상해정도,피해운전자 차종,피해운전자 성별,피해운전자 연령,피해운전자 상해정도
2015071700100653,2015년 7월 17일 22시,금요일,인천광역시 연수구 선학동,중상사고,0,1,0,0,차대차 - 측면직각충돌,안전운전불이행,건조,맑음,교차로 - 교차로안,기타불명,기타불명,기타불명,기타불명,원동기,여,26세,중상
2015071700100690,2015년 7월 17일 23시,금요일,인천광역시 남구 용현동,중상사고,0,2,2,0,차대사람 - 차도통행중,안전운전불이행,건조,맑음,기타 - 기타,승용,남,70세,상해없음,보행자,남,57세,중상
2015071700100691,2015년 7월 17일 23시,금요일,인천광역시 남동구 구월동,중상사고,0,1,8,0,차대차 - 측면직각충돌,안전운전불이행,건조,맑음,단일로 - 기타,승용,남,22세,경상,승용,남,34세,경상
2015071800100068,2015년 7월 18일 03시,토요일,인천광역시 부평구 삼산동,부상신고사고,0,0,0,1,차대차 - 기타,안전운전불이행,건조,맑음,단일로 - 기타,승용,여,31세,부상신고,화물,남,61세,상해없음
2015071800100108,2015년 7월 18일 06시,토요일,인천광역시 부평구 삼산동,경상사고,0,0,2,0,차대차 - 기타,안전운전불이행,건조,맑음,단일로 - 기타,승용,남,31세,상해없음,승용,남,55세,경상
2015071800100130,2015년 7월 18일 07시,토요일,인천광역시 남구 문학동,경상사고,0,0,1,0,차대차 - 측면직각충돌,교차로운행방법위반,건조,맑음,교차로 - 교차로안,승용,남,25세,상해없음,승용,남,33세,경상
2015071800100181,2015년 7월 18일 09시,토요일,인천광역시 연수구 옥련동,경상사고,0,0,2,0,차대차 - 측면직각충돌,신호위반,건조,맑음,교차로 - 교차로안,승용,남,73세,상해없음,승용,남,55세,경상
2015071800100246,2015년 7월 18일 11시,토요일,인천광역시 남구 도화동,중상사고,0,1,0,0,차대차 - 측면직각충돌,안전운전불이행,기타,맑음,단일로 - 기타,화물,남,53세,상해없음,승용,여,47세,중상
2015071800100247,2015년 7월 18일 11시,토요일,인천광역시 남동구 구월동,경상사고,0,0,2,0,차대차 - 추돌 - 진행중,안전운전불이행,건조,맑음,단일로 - 기타,승용,남,65세,상해없음,승용,남,36세,경상
2015071800100248,2015년 7월 18일 11시,토요일,인천광역시 서구 백석동,중상사고,0,1,0,0,차대차 - 기타,중앙선침범,건조,맑음,단일로 - 기타,승용,남,25세,상해없음,승용,여,39세,중상
2015071800100249,2015년 7월 18일 11시,토요일,인천광역시 강화군 강화읍,경상사고,0,0,1,0,차대차 - 기타,안전운전불이행,건조,맑음,교차로 - 교차로안,승용,남,72세,상해없음,원동기,남,77세,경상
2015071800100285,2015년 7월 18일 12시,토요일,인천광역시 서구 백석동,경상사고,0,0,2,0,차대차 - 추돌 - 주정차중,안전운전불이행,건조,맑음,단일로 - 기타,승용,남,54세,상해없음,특수,남,43세,상해없음
2015071800100286,2015년 7월 18일 12시,토요일,인천광역시 계양구 상야동,경상사고,0,0,1,0,차대차 - 추돌 - 진행중,안전거리미확보,건조,맑음,단일로 - 기타,건설기계,남,48세,상해없음,승용,남,64세,경상
2015071800100454,2015년 7월 18일 17시,토요일,인천광역시 남구 주안동,중상사고,0,1,0,0,차대사람 - 길가장자리구역통행중,안전운전불이행,습기,비,단일로 - 기타,승용,남,39세,상해없음,보행자,여,8세,중상
2015071800100455,2015년 7월 18일 17시,토요일,인천광역시 강화군 화도면,경상사고,0,0,1,0,차대사람 - 횡단중,안전운전불이행,건조,맑음,단일로 - 기타,승합,남,56세,상해없음,보행자,남,40세,경상
2015071800100485,2015년 7월 18일 18시,토요일,인천광역시 남동구 간석동,중상사고,0,1,0,0,차대차 - 추돌 - 진행중,안전운전불이행,습기,비,단일로 - 기타,승용,남,26세,상해없음,승합,남,49세,상해없음
2015071800100511,2015년 7월 18일 19시,토요일,인천광역시 남구 도화동,중상사고,0,1,0,0,차대사람 - 횡단중,안전운전불이행,건조,맑음,단일로 - 기타,승용,여,56세,상해없음,보행자,남,67세,중상
2015071800100512,2015년 7월 18일 19시,토요일,인천광역시 부평구 부개동,중상사고,0,2,0,0,차대차 - 정면충돌,중앙선침범,습기,비,미분류 - 미분류,승용,여,45세,상해없음,승용,남,33세,중상
2015071800100554,2015년 7월 18일 20시,토요일,인천광역시 서구 가정동,경상사고,0,0,2,0,차대차 - 기타,안전운전불이행,건조,맑음,단일로 - 기타,승용,남,66세,상해없음,승용,남,32세,경상
2015071800100589,2015년 7월 18일 21시,토요일,인천광역시 남동구 도림동,경상사고,0,0,2,0,차대차 - 추돌 - 진행중,안전운전불이행,건조,맑음,단일로 - 기타,승용,남,35세,상해없음,승용,남,46세,상해없음
2015071800100616,2015년 7월 18일 22시,토요일,인천광역시 남구 주안동,부상신고사고,0,0,0,1,차대차 - 추돌 - 주정차중,안전운전불이행,건조,맑음,교차로 - 교차로부근,이륜,남,33세,부상신고,승합,남,43세,상해없음
2015071800100617,2015년 7월 18일 22시,토요일,인천광역시 남동구 구월동,중상사고,0,1,2,0,차대차 - 추돌 - 주정차중,안전운전불이행,건조,맑음,교차로 - 교차로부근,승용,남,49세,상해없음,승용,남,53세,중상
2015071800100618,2015년 7월 18일 22시,토요일,인천광역시 부평구 삼산동,중상사고,0,2,0,0,차대차 - 측면직각충돌,기타,건조,흐림,교차로 - 교차로안,화물,여,59세,상해없음,승용,남,54세,중상
2015071800100640,2015년 7월 18일 23시,토요일,인천광역시 부평구 산곡동,중상사고,0,1,0,0,차대사람 - 기타,신호위반,습기,비,교차로 - 교차로안,승용,남,24세,상해없음,보행자,여,27세,중상
2015071800100641,2015년 7월 18일 23시,토요일,인천광역시 계양구 작전동,경상사고,0,0,1,0,차대차 - 측면직각충돌,안전운전불이행,건조,맑음,교차로 - 교차로안,자전거,남,25세,경상,승용,남,34세,상해없음
2015071900100013,2015년 7월 19일 00시,일요일,인천광역시 부평구 십정동,경상사고,0,0,1,0,차대사람 - 기타,안전운전불이행,습기,비,단일로 - 기타,승용,남,23세,상해없음,보행자,남,51세,경상
2015071900100014,2015년 7월 19일 00시,일요일,인천광역시 남동구 간석동,중상사고,0,1,2,0,차대차 - 측면직각충돌,신호위반,습기,비,교차로 - 교차로안,승용,남,64세,상해없음,승용,남,46세,중상
2015071900100028,2015년 7월 19일 01시,일요일,인천광역시 부평구 구산동,중상사고,0,2,0,0,차대차 - 추돌 - 진행중,안전운전불이행,건조,맑음,단일로 - 교량,승합,남,24세,상해없음,승용,남,37세,중상
2015071900100048,2015년 7월 19일 02시,일요일,인천광역시 강화군 화도면,중상사고,0,2,0,1,차량단독 - 전도전복,안전운전불이행,건조,맑음,단일로 - 기타,승용,여,24세,상해없음,,,,
2015071900100067,2015년 7월 19일 03시,일요일,인천광역시 계양구 계산동,경상사고,0,0,1,0,차대차 - 추돌 - 주정차중,안전운전불이행,습기,비,단일로 - 기타,승용,남,29세,상해없음,승용,여,31세,경상
2015071900100083,2015년 7월 19일 04시,일요일,인천광역시 계양구 작전동,경상사고,0,0,1,0,차대차 - 측면직각충돌,신호위반,건조,맑음,교차로 - 교차로안,승용,남,48세,상해없음,승용,여,35세,경상
2015071900100121,2015년 7월 19일 07시,일요일,인천광역시 중구 운서동,경상사고,0,0,2,0,차대차 - 기타,신호위반,건조,맑음,교차로 - 교차로안,승용,여,23세,상해없음,승용,남,47세,경상
2015071900100160,2015년 7월 19일 09시,일요일,인천광역시 강화군 강화읍,중상사고,0,1,5,0,차대차 - 측면직각충돌,신호위반,건조,맑음,교차로 - 교차로안,승용,여,53세,상해없음,승용,남,55세,상해없음
2015071900100225,2015년 7월 19일 12시,일요일,인천광역시 남구 숭의동,경상사고,0,0,1,0,차대차 - 측면직각충돌,안전운전불이행,건조,맑음,교차로 - 교차로안,승용,남,29세,상해없음,이륜,남,20세,경상
2015071900100226,2015년 7월 19일 12시,일요일,인천광역시 남동구 구월동,경상사고,0,0,1,0,차량단독 - 기타,안전운전불이행,건조,맑음,단일로 - 기타,승합,남,41세,상해없음,,,,
2015071900100328,2015년 7월 19일 15시,일요일,인천광역시 서구 당하동,경상사고,0,0,1,0,차대차 - 측면직각충돌,안전운전불이행,건조,맑음,교차로 - 교차로부근,원동기,남,19세,경상,승용,남,38세,상해없음
2015071900100329,2015년 7월 19일 15시,일요일,인천광역시 계양구 계산동,경상사고,0,0,1,0,차대사람 - 기타,안전운전불이행,건조,맑음,단일로 - 기타,승용,여,38세,상해없음,보행자,여,62세,경상
2015071900100400,2015년 7월 19일 17시,일요일,인천광역시 남동구 구월동,경상사고,0,0,1,0,차대사람 - 횡단중,안전운전불이행,건조,흐림,단일로 - 기타,승용,남,62세,상해없음,보행자,여,7세,경상
2015071900100458,2015년 7월 19일 19시,일요일,인천광역시 서구 연희동,경상사고,0,0,1,0,차대차 - 추돌 - 진행중,안전운전불이행,건조,맑음,단일로 - 기타,승용,남,31세,상해없음,이륜,남,21세,경상
2015071900100459,2015년 7월 19일 19시,일요일,인천광역시 계양구 작전동,중상사고,0,1,0,0,차대차 - 측면직각충돌,신호위반,건조,맑음,교차로 - 교차로안,승용,남,25세,상해없음,승용,남,25세,중상
2015071900100460,2015년 7월 19일 19시,일요일,인천광역시 부평구 부평동,경상사고,0,0,1,0,차대사람 - 기타,안전운전불이행,건조,맑음,단일로 - 기타,승합,남,62세,상해없음,보행자,여,22세,경상
2015071900100523,2015년 7월 19일 22시,일요일,인천광역시 부평구 부평동,경상사고,0,0,2,0,차대차 - 기타,안전운전불이행,건조,맑음,단일로 - 기타,기타불명,기타불명,기타불명,기타불명,원동기,남,17세,경상
2015072000100014,2015년 7월 20일 00시,월요일,인천광역시 남구 주안동,경상사고,0,0,2,0,차대차 - 기타,중앙선침범,건조,맑음,단일로 - 기타,승용,남,42세,상해없음,승용,남,53세,상해없음
2015072000100034,2015년 7월 20일 02시,월요일,인천광역시 남동구 장수동,중상사고,0,1,0,0,차대차 - 추돌 - 진행중,안전운전불이행,건조,맑음,단일로 - 기타,이륜,남,25세,중상,화물,남,37세,상해없음
2015072000100057,2015년 7월 20일 05시,월요일,인천광역시 남구 학익동,중상사고,0,1,0,0,차대차 - 측면직각충돌,안전운전불이행,건조,맑음,교차로 - 교차로안,승용,남,73세,상해없음,승용,남,43세,중상
2015072000100137,2015년 7월 20일 08시,월요일,인천광역시 연수구 송도동,중상사고,0,1,0,0,차대차 - 측면직각충돌,중앙선침범,건조,맑음,교차로 - 교차로안,승용,남,46세,상해없음,승용,여,42세,중상
2015072000100169,2015년 7월 20일 09시,월요일,인천광역시 남동구 구월동,경상사고,0,0,1,0,차대사람 - 차도통행중,안전운전불이행,건조,맑음,단일로 - 기타,승용,남,40세,상해없음,보행자,남,33세,경상
2015072000100170,2015년 7월 20일 09시,월요일,인천광역시 연수구 송도동,경상사고,0,0,1,0,차대차 - 기타,기타,건조,맑음,단일로 - 교량,화물,남,67세,상해없음,승용,남,36세,경상
2015072000100242,2015년 7월 20일 11시,월요일,인천광역시 중구 유동,경상사고,0,0,2,0,차대차 - 정면충돌,안전거리미확보,건조,맑음,교차로 - 교차로안,승용,남,41세,상해없음,승용,남,75세,경상
2015072000100243,2015년 7월 20일 11시,월요일,인천광역시 중구 유동,부상신고사고,0,0,0,1,차대차 - 측면직각충돌,신호위반,건조,맑음,교차로 - 교차로안,원동기,남,66세,부상신고,승용,남,75세,상해없음
2015072000100553,2015년 7월 20일 20시,월요일,인천광역시 남동구 만수동,중상사고,0,1,0,0,차대차 - 측면직각충돌,안전운전불이행,건조,맑음,교차로 - 교차로안,승용,남,51세,상해없음,자전거,남,33세,중상
2015072000100597,2015년 7월 20일 21시,월요일,인천광역시 남구 학익동,경상사고,0,0,2,0,차대차 - 추돌 - 주정차중,안전운전불이행,기타,맑음,교차로 - 교차로부근,승용,여,42세,상해없음,승용,여,49세,경상
2015072000100644,2015년 7월 20일 22시,월요일,인천광역시 남동구 남촌동,경상사고,0,0,1,0,차대차 - 측면직각충돌,안전운전불이행,건조,맑음,단일로 - 기타,승용,남,30세,상해없음,승용,여,27세,경상
2015072000100671,2015년 7월 20일 23시,월요일,인천광역시 남동구 구월동,경상사고,0,0,2,0,차대차 - 추돌 - 진행중,안전운전불이행,건조,맑음,단일로 - 기타,승용,남,41세,상해없음,승용,남,48세,경상
2015072100100018,2015년 7월 21일 00시,화요일,인천광역시 부평구 삼산동,경상사고,0,0,2,0,차대차 - 정면충돌,안전운전불이행,건조,맑음,단일로 - 기타,승용,남,44세,상해없음,승용,남,60세,경상
2015072100100038,2015년 7월 21일 01시,화요일,인천광역시 남동구 구월동,중상사고,0,1,0,0,차대사람 - 길가장자리구역통행중,안전운전불이행,건조,맑음,단일로 - 기타,승용,남,48세,상해없음,보행자,남,37세,중상
2015072100100189,2015년 7월 21일 09시,화요일,인천광역시 계양구 상야동,경상사고,0,0,1,0,차대차 - 기타,안전운전불이행,건조,맑음,단일로 - 기타,승용,남,55세,상해없음,화물,남,44세,경상
2015072100100190,2015년 7월 21일 09시,화요일,인천광역시 연수구 연수동,경상사고,0,0,1,0,차대차 - 추돌 - 주정차중,안전운전불이행,건조,맑음,교차로 - 교차로부근,승용,남,55세,상해없음,승용,여,35세,경상
2015072100100221,2015년 7월 21일 10시,화요일,인천광역시 남동구 만수동,경상사고,0,0,1,0,차대사람 - 기타,보행자보호의무위반,건조,맑음,단일로 - 기타,승합,남,54세,상해없음,보행자,여,68세,경상
2015072100100222,2015년 7월 21일 10시,화요일,인천광역시 남동구 논현동,중상사고,0,1,0,0,차대차 - 측면직각충돌,중앙선침범,건조,맑음,단일로 - 기타,승용,여,50세,상해없음,승용,남,57세,중상
2015072100100251,2015년 7월 21일 11시,화요일,인천광역시 남구 주안동,중상사고,0,1,0,0,차대차 - 측면직각충돌,안전운전불이행,건조,맑음,단일로 - 기타,화물,남,52세,상해없음,자전거,남,57세,중상
2015072100100252,2015년 7월 21일 11시,화요일,인천광역시 남동구 논현동,중상사고,0,1,0,0,차대차 - 측면직각충돌,불법유턴,건조,맑음,단일로 - 기타,승용,여,56세,상해없음,승용,여,45세,중상
2015072100100319,2015년 7월 21일 14시,화요일,인천광역시 부평구 일신동,경상사고,0,0,1,0,차대사람 - 기타,안전운전불이행,건조,맑음,단일로 - 기타,승용,여,47세,상해없음,보행자,여,18세,경상
2015072100100393,2015년 7월 21일 16시,화요일,인천광역시 남구 주안동,경상사고,0,0,1,0,차대차 - 기타,안전거리미확보,건조,맑음,단일로 - 기타,승용,여,34세,경상,승용,여,35세,상해없음
2015072100100394,2015년 7월 21일 16시,화요일,인천광역시 남동구 구월동,중상사고,0,1,0,0,차대사람 - 횡단중,안전운전불이행,건조,맑음,단일로 - 기타,승용,기타불명,기타불명,기타불명,보행자,여,55세,중상
2015072100100395,2015년 7월 21일 16시,화요일,인천광역시 서구 가좌동,경상사고,0,0,1,0,차대차 - 측면직각충돌,안전운전불이행,건조,맑음,교차로 - 교차로안,승합,남,38세,상해없음,승용,남,45세,경상
2015072100100424,2015년 7월 21일 17시,화요일,인천광역시 남구 문학동,경상사고,0,0,1,0,차대사람 - 기타,기타,건조,맑음,교차로 - 교차로안,승용,남,37세,상해없음,보행자,남,8세,경상
2015072100100425,2015년 7월 21일 17시,화요일,인천광역시 부평구 십정동,중상사고,0,1,0,0,차대차 - 기타,중앙선침범,건조,맑음,단일로 - 기타,승용,남,46세,상해없음,이륜,남,17세,중상
2015072100100470,2015년 7월 21일 18시,화요일,인천광역시 계양구 효성동,경상사고,0,0,1,0,차대사람 - 기타,안전운전불이행,건조,맑음,교차로 - 교차로안,승용,여,40세,상해없음,보행자,남,7세,경상
2015072100100498,2015년 7월 21일 19시,화요일,인천광역시 부평구 부평동,경상사고,0,0,1,0,차대차 - 측면직각충돌,안전운전불이행,건조,맑음,교차로 - 교차로안,승용,여,59세,상해없음,승용,남,26세,경상
2015072100100499,2015년 7월 21일 19시,화요일,인천광역시 서구 마전동,경상사고,0,0,1,0,차대차 - 기타,안전운전불이행,건조,맑음,교차로 - 교차로부근,승용,남,50세,상해없음,이륜,남,26세,경상
2015072100100526,2015년 7월 21일 20시,화요일,인천광역시 남구 관교동,경상사고,0,0,2,0,차대차 - 측면직각충돌,안전운전불이행,건조,맑음,단일로 - 기타,승용,여,53세,경상,승용,남,40세,경상
2015072100100561,2015년 7월 21일 21시,화요일,인천광역시 서구 경서동,부상신고사고,0,0,0,1,차대차 - 기타,안전운전불이행,건조,맑음,기타 - 기타,자전거,남,52세,상해없음,자전거,여,59세,부상신고
2015072200100018,2015년 7월 22일 00시,수요일,인천광역시 동구 송림동,중상사고,0,1,0,0,차대차 - 기타,안전거리미확보,건조,맑음,단일로 - 기타,승용,남,21세,상해없음,이륜,남,50세,중상
2015072200100019,2015년 7월 22일 00시,수요일,인천광역시 남동구 구월동,경상사고,0,0,2,0,차대차 - 추돌 - 주정차중,안전운전불이행,건조,맑음,단일로 - 기타,승용,남,36세,상해없음,승용,남,53세,경상
2015072200100032,2015년 7월 22일 01시,수요일,인천광역시 서구 마전동,경상사고,0,0,4,0,차대차 - 추돌 - 진행중,안전운전불이행,건조,맑음,단일로 - 기타,승용,남,22세,상해없음,승용,남,62세,경상
2015072200100033,2015년 7월 22일 01시,수요일,인천광역시 서구 석남동,부상신고사고,0,0,0,1,차대사람 - 차도통행중,안전운전불이행,건조,맑음,단일로 - 기타,승용,남,43세,상해없음,보행자,남,20세,부상신고
2015072200100061,2015년 7월 22일 03시,수요일,인천광역시 남구 용현동,중상사고,0,3,1,0,차대차 - 추돌 - 진행중,안전운전불이행,건조,맑음,단일로 - 기타,승용,남,28세,상해없음,승용,남,18세,중상
2015072200100062,2015년 7월 22일 03시,수요일,인천광역시 남동구 간석동,중상사고,0,1,0,0,차대차 - 측면직각충돌,안전거리미확보,건조,맑음,단일로 - 기타,승용,남,52세,상해없음,이륜,남,43세,중상
2015072200100095,2015년 7월 22일 06시,수요일,인천광역시 계양구 작전동,중상사고,0,1,0,0,차대차 - 기타,안전운전불이행,건조,맑음,단일로 - 기타,승용,남,51세,상해없음,승용,남,59세,중상
2015072200100131,2015년 7월 22일 07시,수요일,인천광역시 계양구 작전동,경상사고,0,0,5,0,차대차 - 추돌 - 주정차중,안전운전불이행,건조,맑음,단일로 - 기타,승용,여,36세,상해없음,승용,남,64세,경상
2015072200100165,2015년 7월 22일 08시,수요일,인천광역시 부평구 청천동,중상사고,0,1,2,0,차대차 - 측면직각충돌,신호위반,건조,맑음,교차로 - 교차로안,승용,남,27세,경상,이륜,남,52세,중상
2015072200100166,2015년 7월 22일 08시,수요일,인천광역시 부평구 부개동,경상사고,0,0,1,0,차대차 - 측면직각충돌,교차로운행방법위반,건조,맑음,교차로 - 교차로안,승용,여,40세,상해없음,화물,남,40세,경상
2015072200100197,2015년 7월 22일 09시,수요일,인천광역시 남동구 고잔동,경상사고,0,0,1,0,차대차 - 기타,안전운전불이행,건조,맑음,단일로 - 기타,승합,남,25세,상해없음,화물,남,59세,경상
2015072200100294,2015년 7월 22일 12시,수요일,인천광역시 부평구 갈산동,부상신고사고,0,0,0,2,차대차 - 측면직각충돌,안전운전불이행,건조,맑음,단일로 - 기타,승용,남,63세,상해없음,승용,여,42세,상해없음
2015072200100330,2015년 7월 22일 13시,수요일,인천광역시 부평구 청천동,경상사고,0,0,1,0,차대차 - 추돌 - 진행중,안전운전불이행,건조,맑음,교차로 - 교차로부근,이륜,남,52세,경상,승용,여,46세,상해없음
2015072200100493,2015년 7월 22일 17시,수요일,인천광역시 남구 도화동,경상사고,0,0,1,0,차대차 - 기타,중앙선침범,건조,맑음,단일로 - 기타,화물,남,43세,상해없음,특수,남,42세,경상
2015072200100494,2015년 7월 22일 17시,수요일,인천광역시 남동구 간석동,경상사고,0,0,1,0,차대차 - 측면직각충돌,불법유턴,건조,맑음,교차로 - 교차로부근,승용,여,53세,상해없음,원동기,남,25세,경상
2015072200100495,2015년 7월 22일 17시,수요일,인천광역시 계양구 계산동,경상사고,0,0,4,0,차대차 - 측면직각충돌,안전거리미확보,건조,맑음,교차로 - 교차로부근,승용,여,46세,상해없음,승용,남,50세,경상
2015072200100545,2015년 7월 22일 18시,수요일,인천광역시 서구 가좌동,경상사고,0,0,1,0,차대사람 - 기타,안전운전불이행,건조,맑음,단일로 - 기타,승용,남,60세,상해없음,보행자,여,27세,경상
2015072200100578,2015년 7월 22일 19시,수요일,인천광역시 계양구 박촌동,경상사고,0,0,1,0,차대차 - 기타,안전운전불이행,건조,맑음,단일로 - 기타,승용,남,55세,상해없음,자전거,남,25세,경상
2015072200100579,2015년 7월 22일 19시,수요일,인천광역시 부평구 부평동,경상사고,0,0,1,0,차대차 - 측면직각충돌,중앙선침범,건조,맑음,단일로 - 기타,승용,남,39세,상해없음,이륜,남,20세,경상
2015072200100639,2015년 7월 22일 21시,수요일,인천광역시 서구 마전동,중상사고,0,1,0,0,차대차 - 추돌 - 진행중,안전운전불이행,건조,맑음,단일로 - 기타,승용,남,47세,상해없음,화물,남,35세,중상
2015072200100709,2015년 7월 22일 23시,수요일,인천광역시 부평구 산곡동,경상사고,0,0,1,0,차대차 - 추돌 - 주정차중,안전운전불이행,건조,맑음,교차로 - 교차로부근,승용,남,36세,상해없음,승용,남,52세,경상
2015072200100710,2015년 7월 22일 23시,수요일,인천광역시 남동구 남촌동,중상사고,0,1,0,0,차대사람 - 보도통행중,안전운전불이행,건조,맑음,단일로 - 기타,기타불명,기타불명,기타불명,기타불명,보행자,남,38세,중상
2015072200100711,2015년 7월 22일 23시,수요일,인천광역시 남동구 남촌동,중상사고,0,1,0,0,차량단독 - 기타,안전운전불이행,건조,맑음,단일로 - 기타,승용,남,27세,상해없음,,,,
2015072300100014,2015년 7월 23일 00시,목요일,인천광역시 옹진군 영흥면,중상사고,0,2,1,0,차량단독 - 공작물충돌,중앙선침범,건조,맑음,단일로 - 기타,승용,여,25세,상해없음,,,,
2015072300100015,2015년 7월 23일 00시,목요일,인천광역시 연수구 송도동,중상사고,0,1,2,0,차대차 - 정면충돌,신호위반,건조,맑음,교차로 - 교차로안,승용,남,36세,중상,승용,남,63세,경상
2015072300100054,2015년 7월 23일 03시,목요일,인천광역시 서구 공촌동,사망사고,1,0,0,0,차대사람 - 차도통행중,안전운전불이행,건조,맑음,단일로 - 기타,화물,남,43세,상해없음,보행자,남,46세,사망
2015072300100098,2015년 7월 23일 07시,목요일,인천광역시 부평구 십정동,중상사고,0,1,2,0,차대차 - 추돌 - 진행중,안전운전불이행,건조,맑음,단일로 - 기타,승용,남,22세,상해없음,승용,남,64세,중상
2015072300100203,2015년 7월 23일 10시,목요일,인천광역시 남구 숭의동,경상사고,0,0,3,0,차대차 - 정면충돌,중앙선침범,건조,맑음,단일로 - 기타,승용,남,34세,상해없음,승용,남,72세,경상
2015072300100204,2015년 7월 23일 10시,목요일,인천광역시 남동구 구월동,경상사고,0,0,1,0,차대차 - 추돌 - 주정차중,안전운전불이행,건조,맑음,단일로 - 기타,승용,남,21세,기타불명,승용,남,60세,경상
2015072300100205,2015년 7월 23일 10시,목요일,인천광역시 부평구 갈산동,중상사고,0,1,0,0,차대사람 - 보도통행중,안전운전불이행,건조,맑음,단일로 - 기타,원동기,남,50세,기타불명,보행자,여,82세,중상
2015072300100271,2015년 7월 23일 12시,목요일,인천광역시 남구 용현동,중상사고,0,1,0,0,차대차 - 측면직각충돌,안전운전불이행,건조,맑음,교차로 - 교차로부근,화물,남,48세,상해없음,화물,남,52세,중상
2015072300100314,2015년 7월 23일 13시,목요일,인천광역시 중구 운서동,경상사고,0,0,1,0,차대차 - 기타,안전운전불이행,건조,맑음,단일로 - 기타,화물,남,51세,상해없음,승용,남,29세,경상
2015072300100348,2015년 7월 23일 14시,목요일,인천광역시 남구 학익동,경상사고,0,0,2,0,차대차 - 추돌 - 진행중,안전운전불이행,건조,맑음,단일로 - 기타,승용,여,54세,상해없음,승용,여,34세,경상
2015072300100349,2015년 7월 23일 14시,목요일,인천광역시 남동구 구월동,경상사고,0,0,1,0,차대사람 - 길가장자리구역통행중,안전운전불이행,건조,맑음,단일로 - 기타,농기계,남,51세,상해없음,보행자,여,62세,경상
2015072300100390,2015년 7월 23일 15시,목요일,인천광역시 남구 주안동,경상사고,0,0,3,0,차대차 - 추돌 - 주정차중,안전운전불이행,건조,맑음,교차로 - 교차로부근,승용,남,56세,상해없음,승용,남,30세,경상
2015072300100428,2015년 7월 23일 16시,목요일,인천광역시 남구 숭의동,경상사고,0,0,1,0,차대차 - 측면직각충돌,신호위반,건조,맑음,교차로 - 교차로안,이륜,남,22세,상해없음,승용,남,59세,경상
2015072300100429,2015년 7월 23일 16시,목요일,인천광역시 남구 용현동,경상사고,0,0,1,0,차대사람 - 횡단중,안전운전불이행,건조,맑음,단일로 - 기타,승용,여,53세,상해없음,보행자,남,9세,경상
2015072300100430,2015년 7월 23일 16시,목요일,인천광역시 남동구 서창동,경상사고,0,0,1,0,차대차 - 측면직각충돌,안전운전불이행,습기,비,교차로 - 교차로안,승용,남,28세,상해없음,자전거,남,8세,경상
2015072300100517,2015년 7월 23일 18시,목요일,인천광역시 중구 운서동,경상사고,0,0,1,0,차대차 - 측면직각충돌,안전거리미확보,건조,맑음,단일로 - 기타,화물,기타불명,기타불명,기타불명,승용,남,34세,경상
2015072300100558,2015년 7월 23일 19시,목요일,인천광역시 남구 주안동,경상사고,0,0,1,0,차대차 - 측면직각충돌,안전거리미확보,건조,맑음,교차로 - 교차로부근,승용,남,63세,상해없음,승합,남,55세,경상
2015072300100559,2015년 7월 23일 19시,목요일,인천광역시 계양구 계산동,경상사고,0,0,1,0,차대차 - 측면직각충돌,안전운전불이행,습기,비,단일로 - 기타,승용,남,39세,상해없음,자전거,남,57세,경상
2015072300100560,2015년 7월 23일 19시,목요일,인천광역시 연수구 선학동,중상사고,0,3,1,0,차대차 - 추돌 - 주정차중,안전운전불이행,건조,맑음,단일로 - 기타,승합,남,55세,상해없음,승용,여,38세,중상
2015072300100601,2015년 7월 23일 20시,목요일,인천광역시 중구 운서동,경상사고,0,0,1,0,차대사람 - 횡단중,안전운전불이행,습기,비,교차로 - 교차로부근,승용,남,50세,상해없음,보행자,여,48세,경상
2015072300100602,2015년 7월 23일 20시,목요일,인천광역시 남구 주안동,경상사고,0,0,1,0,차대사람 - 기타,안전운전불이행,건조,흐림,교차로 - 교차로부근,승용,남,71세,상해없음,보행자,여,59세,경상
2015072300100706,2015년 7월 23일 22시,목요일,인천광역시 남구 주안동,중상사고,0,2,1,0,차대차 - 정면충돌,안전운전불이행,습기,비,단일로 - 기타,승용,남,44세,상해없음,승용,남,61세,중상
2015072300100707,2015년 7월 23일 22시,목요일,인천광역시 연수구 동춘동,경상사고,0,0,1,0,차대차 - 기타,안전운전불이행,습기,비,교차로 - 교차로부근,승용,남,49세,상해없음,원동기,남,46세,경상
2015072300100737,2015년 7월 23일 23시,목요일,인천광역시 남동구 간석동,경상사고,0,0,1,0,차대차 - 측면직각충돌,교차로운행방법위반,습기,비,교차로 - 교차로안,승용,남,49세,상해없음,이륜,남,34세,경상
2015072300100738,2015년 7월 23일 23시,목요일,인천광역시 남동구 논현동,경상사고,0,0,1,0,차대차 - 측면직각충돌,안전운전불이행,습기,비,단일로 - 기타,승용,남,36세,상해없음,승용,남,29세,경상
2015072400100036,2015년 7월 24일 00시,금요일,인천광역시 남동구 고잔동,경상사고,0,0,1,0,차대차 - 측면직각충돌,신호위반,건조,맑음,교차로 - 교차로안,승용,남,41세,상해없음,승용,남,47세,경상