사고번호,사고일시,요일,시군구,사고내용,사망자수,중상자수,경상자수,부상신고자수,사고유형,법규위반,노면상태,기상상태,도로형태,가해운전자 차종,가해운전자 성별,가해운전자 연령,가해운전자 상해정도,피해운전자 차종,피해운전자 성별,피해운전자 연령,피해운전자 상해정도
2015072400100037,2015년 7월 24일 00시,금요일,인천광역시 계양구 효성동,중상사고,0,3,0,0,차대차 - 측면직각충돌,안전운전불이행,습기,비,교차로 - 교차로안,승용,여,54세,상해없음,승용,남,49세,상해없음
2015072400100060,2015년 7월 24일 01시,금요일,인천광역시 남동구 논현동,경상사고,0,0,3,0,차대차 - 추돌 - 주정차중,안전운전불이행,습기,비,단일로 - 기타,승용,남,36세,상해없음,승합,남,56세,경상
2015072400100117,2015년 7월 24일 05시,금요일,인천광역시 중구 운남동,부상신고사고,0,0,0,1,차대사람 - 횡단중,신호위반,습기,비,교차로 - 교차로부근,승용,여,68세,상해없음,보행자,남,42세,부상신고
2015072400100118,2015년 7월 24일 05시,금요일,인천광역시 남동구 간석동,중상사고,0,1,0,0,차대사람 - 보도통행중,신호위반,습기,비,교차로 - 교차로안,이륜,남,31세,상해없음,보행자,남,65세,중상
2015072400100157,2015년 7월 24일 07시,금요일,인천광역시 남동구 만수동,중상사고,0,1,0,0,차대차 - 추돌 - 진행중,차로위반,습기,비,교차로 - 교차로부근,승용,남,63세,상해없음,승용,남,35세,중상
2015072400100158,2015년 7월 24일 07시,금요일,인천광역시 강화군 강화읍,중상사고,0,1,3,0,차대차 - 측면직각충돌,신호위반,습기,비,교차로 - 교차로안,승용,남,55세,경상,승용,남,23세,경상
2015072400100196,2015년 7월 24일 08시,금요일,인천광역시 부평구 갈산동,경상사고,0,0,1,0,차대차 - 측면직각충돌,안전거리미확보,습기,비,단일로 - 기타,승용,여,61세,상해없음,승용,남,58세,경상
2015072400100197,2015년 7월 24일 08시,금요일,인천광역시 남동구 간석동,경상사고,0,0,1,0,차대차 - 측면직각충돌,안전운전불이행,습기,비,교차로 - 교차로안,이륜,여,43세,경상,승용,남,66세,상해없음
2015072400100236,2015년 7월 24일 09시,금요일,인천광역시 계양구 작전동,경상사고,0,0,4,0,차대차 - 기타,안전운전불이행,습기,비,교차로 - 교차로안,화물,남,52세,상해없음,승용,남,56세,경상
2015072400100237,2015년 7월 24일 09시,금요일,인천광역시 계양구 귤현동,경상사고,0,0,1,0,차대차 - 기타,기타,습기,비,단일로 - 기타,승용,남,45세,상해없음,화물,남,59세,경상
2015072400100268,2015년 7월 24일 10시,금요일,인천광역시 서구 가정동,경상사고,0,0,2,0,차대차 - 기타,안전운전불이행,습기,비,단일로 - 기타,승용,남,40세,상해없음,승용,여,44세,경상
2015072400100269,2015년 7월 24일 10시,금요일,인천광역시 서구 마전동,경상사고,0,0,1,0,차대사람 - 기타,안전운전불이행,건조,맑음,단일로 - 기타,승용,기타불명,기타불명,기타불명,보행자,남,7세,경상
2015072400100314,2015년 7월 24일 11시,금요일,인천광역시 남동구 간석동,경상사고,0,0,1,0,차대사람 - 보도통행중,안전운전불이행,습기,비,단일로 - 기타,기타불명,기타불명,기타불명,기타불명,보행자,여,69세,경상
2015072400100344,2015년 7월 24일 12시,금요일,인천광역시 남구 문학동,경상사고,0,0,1,0,차대사람 - 기타,안전운전불이행,습기,비,교차로 - 교차로안,승용,남,58세,상해없음,보행자,여,74세,경상
2015072400100345,2015년 7월 24일 12시,금요일,인천광역시 서구 왕길동,경상사고,0,0,1,0,차대차 - 기타,안전운전불이행,습기,비,단일로 - 기타,승용,여,46세,상해없음,화물,남,22세,경상
2015072400100378,2015년 7월 24일 13시,금요일,인천광역시 남동구 간석동,경상사고,0,0,1,0,차대차 - 기타,안전운전불이행,건조,흐림,교차로 - 교차로안,승용,여,62세,상해없음,승용,여,27세,경상
2015072400100414,2015년 7월 24일 14시,금요일,인천광역시 서구 경서동,경상사고,0,0,1,0,차대차 - 추돌 - 주정차중,안전운전불이행,건조,맑음,단일로 - 기타,승용,남,41세,상해없음,승용,남,44세,경상
2015072400100460,2015년 7월 24일 15시,금요일,인천광역시 서구 연희동,경상사고,0,0,1,0,차대사람 - 횡단중,신호위반,건조,맑음,단일로 - 횡단보도상,승용,여,20세,상해없음,보행자,남,12세,경상
2015072400100495,2015년 7월 24일 16시,금요일,인천광역시 서구 마전동,중상사고,0,1,0,0,차대차 - 기타,안전거리미확보,건조,맑음,교차로 - 교차로부근,승용,남,66세,상해없음,이륜,남,21세,중상
2015072400100535,2015년 7월 24일 17시,금요일,인천광역시 남동구 구월동,경상사고,0,0,2,0,차대차 - 측면직각충돌,교차로운행방법위반,습기,맑음,교차로 - 교차로안,승용,남,32세,상해없음,승용,여,43세,경상
2015072400100536,2015년 7월 24일 17시,금요일,인천광역시 연수구 송도동,경상사고,0,0,3,0,차대차 - 추돌 - 주정차중,안전운전불이행,습기,비,교차로 - 교차로부근,승용,남,44세,상해없음,승용,여,55세,상해없음
2015072400100537,2015년 7월 24일 17시,금요일,인천광역시 연수구 송도동,중상사고,0,1,0,0,차대차 - 기타,안전운전불이행,건조,맑음,교차로 - 교차로부근,승용,여,35세,상해없음,원동기,남,52세,중상
2015072400100607,2015년 7월 24일 19시,금요일,인천광역시 계양구 임학동,경상사고,0,0,1,0,차대차 - 추돌 - 진행중,안전운전불이행,건조,맑음,단일로 - 기타,승용,남,48세,상해없음,승용,여,35세,경상
2015072400100608,2015년 7월 24일 19시,금요일,인천광역시 계양구 계산동,경상사고,0,0,1,0,차대사람 - 기타,안전운전불이행,건조,맑음,단일로 - 기타,이륜,남,22세,상해없음,보행자,여,26세,경상
2015072400100609,2015년 7월 24일 19시,금요일,인천광역시 강화군 화도면,중상사고,0,1,1,0,차대차 - 측면직각충돌,안전운전불이행,습기,비,교차로 - 교차로안,승용,남,61세,경상,이륜,남,54세,중상
2015072400100657,2015년 7월 24일 20시,금요일,인천광역시 부평구 십정동,경상사고,0,0,1,0,차대사람 - 길가장자리구역통행중,안전운전불이행,습기,비,단일로 - 기타,승용,남,28세,상해없음,보행자,여,33세,경상
2015072400100658,2015년 7월 24일 20시,금요일,인천광역시 서구 당하동,경상사고,0,0,1,0,차대차 - 측면직각충돌,안전운전불이행,습기,흐림,교차로 - 교차로부근,원동기,남,30세,경상,승용,여,40세,상해없음
2015072400100659,2015년 7월 24일 20시,금요일,인천광역시 연수구 연수동,경상사고,0,0,1,0,차대사람 - 횡단중,보행자보호의무위반,건조,맑음,교차로 - 교차로부근,승용,기타불명,기타불명,기타불명,보행자,여,44세,경상
2015072400100743,2015년 7월 24일 22시,금요일,인천광역시 남구 주안동,경상사고,0,0,1,0,차대차 - 추돌 - 진행중,안전운전불이행,건조,맑음,단일로 - 기타,승용,남,57세,상해없음,승용,남,35세,상해없음
2015072400100777,2015년 7월 24일 23시,금요일,인천광역시 남동구 논현동,중상사고,0,1,0,0,차대차 - 측면직각충돌,신호위반,습기,비,교차로 - 교차로안,승용,여,51세,상해없음,승용,남,34세,중상
2015072500100023,2015년 7월 25일 00시,토요일,인천광역시 남구 주안동,중상사고,0,1,0,0,차대차 - 기타,교차로운행방법위반,습기,비,교차로 - 교차로안,승용,남,29세,상해없음,이륜,남,35세,중상
2015072500100024,2015년 7월 25일 00시,토요일,인천광역시 남구 도화동,경상사고,0,0,2,0,차대차 - 기타,안전운전불이행,습기,비,교차로 - 교차로안,승용,남,50세,경상,승용,남,55세,경상
2015072500100025,2015년 7월 25일 00시,토요일,인천광역시 부평구 갈산동,경상사고,0,0,3,0,차대차 - 기타,신호위반,건조,맑음,교차로 - 교차로안,승용,남,45세,상해없음,승용,남,47세,경상
2015072500100085,2015년 7월 25일 02시,토요일,인천광역시 서구 가정동,중상사고,0,1,0,0,차대차 - 기타,안전운전불이행,건조,맑음,교차로 - 교차로안,승용,기타불명,기타불명,기타불명,승용,남,52세,중상
2015072500100100,2015년 7월 25일 03시,토요일,인천광역시 남구 주안동,중상사고,0,1,0,0,차대사람 - 횡단중,보행자보호의무위반,건조,흐림,교차로 - 교차로부근,승용,남,65세,상해없음,보행자,여,53세,중상
2015072500100101,2015년 7월 25일 03시,토요일,인천광역시 남동구 간석동,경상사고,0,0,1,0,차대사람 - 횡단중,보행자보호의무위반,습기,비,교차로 - 교차로안,화물,남,50세,상해없음,보행자,남,38세,경상
2015072500100126,2015년 7월 25일 04시,토요일,인천광역시 남동구 구월동,경상사고,0,0,1,0,차대차 - 추돌 - 진행중,안전운전불이행,습기,비,교차로 - 교차로부근,승용,남,32세,상해없음,화물,남,58세,경상
2015072500100192,2015년 7월 25일 07시,토요일,인천광역시 서구 가좌동,경상사고,0,0,2,0,차대차 - 측면직각충돌,안전운전불이행,건조,맑음,교차로 - 교차로부근,승용,남,30세,상해없음,승용,남,67세,경상
2015072500100313,2015년 7월 25일 11시,토요일,인천광역시 옹진군 영흥면,경상사고,0,0,4,0,차대차 - 측면직각충돌,안전운전불이행,건조,맑음,교차로 - 교차로부근,승용,남,48세,경상,화물,남,62세,상해없음
2015072500100314,2015년 7월 25일 11시,토요일,인천광역시 부평구 부개동,경상사고,0,0,1,0,차대차 - 측면직각충돌,교차로운행방법위반,건조,맑음,교차로 - 교차로안,승용,여,54세,상해없음,승용,여,50세,경상
2015072500100345,2015년 7월 25일 12시,토요일,인천광역시 서구 가좌동,경상사고,0,0,1,0,차대차 - 기타,안전운전불이행,건조,맑음,단일로 - 기타,승용,남,54세,상해없음,승용,남,43세,경상
2015072500100368,2015년 7월 25일 13시,토요일,인천광역시 부평구 산곡동,경상사고,0,0,1,0,차대차 - 기타,안전운전불이행,습기,비,교차로 - 교차로부근,화물,남,62세,기타불명,원동기,남,20세,경상
2015072500100401,2015년 7월 25일 14시,토요일,인천광역시 부평구 일신동,경상사고,0,0,1,0,차대차 - 기타,차로위반,습기,비,단일로 - 기타,화물,남,55세,상해없음,승용,남,35세,경상
2015072500100431,2015년 7월 25일 15시,토요일,인천광역시 서구 원당동,경상사고,0,0,1,0,차대차 - 기타,안전운전불이행,습기,비,교차로 - 교차로부근,승용,남,73세,상해없음,승용,여,48세,경상
2015072500100464,2015년 7월 25일 16시,토요일,인천광역시 남구 숭의동,중상사고,0,1,3,0,차대차 - 추돌 - 주정차중,안전운전불이행,습기,비,단일로 - 기타,승용,남,54세,상해없음,원동기,남,17세,경상
2015072500100465,2015년 7월 25일 16시,토요일,인천광역시 남동구 구월동,경상사고,0,0,2,0,차대차 - 추돌 - 주정차중,안전거리미확보,습기,비,단일로 - 기타,승용,남,32세,상해없음,승용,남,39세,경상
2015072500100554,2015년 7월 25일 18시,토요일,인천광역시 부평구 청천동,중상사고,0,1,0,0,차대차 - 기타,중앙선침범,습기,비,교차로 - 교차로부근,승용,남,56세,상해없음,이륜,남,52세,중상
2015072500100699,2015년 7월 25일 22시,토요일,인천광역시 남구 주안동,경상사고,0,0,1,0,차대차 - 기타,안전거리미확보,습기,비,단일로 - 기타,승용,남,73세,상해없음,원동기,남,41세,경상
2015072500100700,2015년 7월 25일 22시,토요일,인천광역시 계양구 작전동,경상사고,0,0,1,0,차대차 - 기타,안전운전불이행,습기,비,단일로 - 기타,승용,남,75세,상해없음,승용,남,50세,경상
2015072500100730,2015년 7월 25일 23시,토요일,인천광역시 서구 가정동,경상사고,0,0,2,0,차대차 - 기타,안전운전불이행,건조,맑음,단일로 - 기타,승용,남,30세,상해없음,승용,남,43세,경상
2015072600100016,2015년 7월 26일 00시,일요일,인천광역시 부평구 산곡동,경상사고,0,0,1,0,차대사람 - 길가장자리구역통행중,안전운전불이행,습기,비,단일로 - 기타,승용,남,43세,상해없음,보행자,여,66세,경상
2015072600100017,2015년 7월 26일 00시,일요일,인천광역시 남동구 구월동,경상사고,0,0,1,0,차대사람 - 기타,보행자보호의무위반,건조,맑음,단일로 - 횡단보도상,기타불명,기타불명,기타불명,기타불명,보행자,남,51세,경상
2015072600100053,2015년 7월 26일 02시,일요일,인천광역시 부평구 일신동,중상사고,0,1,0,0,차대차 - 추돌 - 주정차중,안전운전불이행,건조,맑음,단일로 - 기타,승합,남,39세,상해없음,특수,남,37세,상해없음
2015072600100081,2015년 7월 26일 04시,일요일,인천광역시 남동구 남촌동,경상사고,0,0,1,0,차대사람 - 차도통행중,안전운전불이행,습기,비,단일로 - 기타,이륜,남,74세,상해없음,보행자,여,68세,경상
2015072600100095,2015년 7월 26일 05시,일요일,인천광역시 부평구 부평동,사망사고,1,0,0,0,차대사람 - 기타,안전운전불이행,습기,비,단일로 - 기타,승합,남,60세,상해없음,보행자,여,70세,사망
2015072600100096,2015년 7월 26일 05시,일요일,인천광역시 서구 경서동,중상사고,0,1,1,0,차대차 - 기타,중앙선침범,습기,비,단일로 - 기타,승용,남,43세,상해없음,승용,남,65세,경상
2015072600100111,2015년 7월 26일 06시,일요일,인천광역시 남구 주안동,경상사고,0,0,2,0,차대차 - 정면충돌,중앙선침범,습기,비,교차로 - 교차로부근,승용,남,23세,상해없음,승용,남,66세,경상
2015072600100126,2015년 7월 26일 07시,일요일,인천광역시 남구 문학동,경상사고,0,0,1,0,차대차 - 기타,중앙선침범,건조,맑음,단일로 - 기타,승용,남,30세,상해없음,승용,남,58세,경상
2015072600100136,2015년 7월 26일 08시,일요일,인천광역시 중구 신흥동3가,중상사고,0,1,1,0,차대차 - 정면충돌,신호위반,적설,비,교차로 - 교차로안,승용,남,53세,상해없음,승용,여,70세,경상
2015072600100152,2015년 7월 26일 09시,일요일,인천광역시 남동구 만수동,경상사고,0,0,2,0,차대차 - 추돌 - 주정차중,안전거리미확보,습기,흐림,단일로 - 기타,승용,남,28세,상해없음,승용,남,54세,경상
2015072600100222,2015년 7월 26일 12시,일요일,인천광역시 남구 주안동,경상사고,0,0,1,0,차대차 - 추돌 - 진행중,안전운전불이행,건조,맑음,교차로 - 교차로부근,승용,남,54세,상해없음,승용,남,30세,경상
2015072600100280,2015년 7월 26일 14시,일요일,인천광역시 남구 주안동,경상사고,0,0,1,0,차대차 - 추돌 - 진행중,안전운전불이행,건조,맑음,단일로 - 기타,승용,여,46세,상해없음,승용,남,46세,경상
2015072600100317,2015년 7월 26일 15시,일요일,인천광역시 남구 주안동,경상사고,0,0,1,0,차대사람 - 기타,안전운전불이행,건조,맑음,단일로 - 기타,자전거,남,76세,상해없음,보행자,여,22세,경상
2015072600100365,2015년 7월 26일 17시,일요일,인천광역시 부평구 십정동,경상사고,0,0,2,0,차대차 - 기타,안전거리미확보,건조,맑음,교차로 - 교차로안,승용,여,23세,상해없음,승합,남,46세,상해없음
2015072600100394,2015년 7월 26일 18시,일요일,인천광역시 중구 항동7가,경상사고,0,0,3,0,차대차 - 추돌 - 진행중,안전거리미확보,습기,맑음,단일로 - 기타,승용,남,48세,상해없음,승용,여,33세,경상
2015072600100395,2015년 7월 26일 18시,일요일,인천광역시 계양구 병방동,경상사고,0,0,1,0,차대사람 - 길가장자리구역통행중,안전운전불이행,건조,흐림,교차로 - 교차로부근,승용,남,39세,상해없음,보행자,남,58세,경상
2015072600100424,2015년 7월 26일 19시,일요일,인천광역시 서구 오류동,경상사고,0,0,2,0,차대차 - 추돌 - 주정차중,안전운전불이행,건조,맑음,교차로 - 교차로부근,승용,남,67세,상해없음,승용,남,52세,경상
2015072600100449,2015년 7월 26일 20시,일요일,인천광역시 남구 학익동,중상사고,0,1,3,1,차대차 - 정면충돌,중앙선침범,건조,맑음,단일로 - 기타,승용,남,64세,부상신고,승용,여,24세,경상
2015072600100495,2015년 7월 26일 22시,일요일,인천광역시 부평구 산곡동,중상사고,0,1,0,0,차대차 - 측면직각충돌,신호위반,건조,맑음,교차로 - 교차로안,승용,남,68세,상해없음,이륜,남,27세,중상
2015072600100514,2015년 7월 26일 23시,일요일,인천광역시 남구 도화동,중상사고,0,1,0,0,차대사람 - 횡단중,안전운전불이행,건조,맑음,교차로 - 교차로부근,승용,남,47세,상해없음,보행자,남,29세,중상
2015072700100085,2015년 7월 27일 07시,월요일,인천광역시 남구 문학동,경상사고,0,0,1,0,차대차 - 측면직각충돌,중앙선침범,건조,맑음,단일로 - 기타,승용,여,53세,상해없음,화물,남,51세,경상
2015072700100115,2015년 7월 27일 08시,월요일,인천광역시 서구 가정동,중상사고,0,1,1,0,차대차 - 측면직각충돌,신호위반,건조,맑음,교차로 - 교차로안,승용,남,69세,상해없음,승용,남,62세,중상
2015072700100116,2015년 7월 27일 08시,월요일,인천광역시 강화군 길상면,중상사고,0,1,0,0,차대차 - 측면직각충돌,신호위반,건조,맑음,교차로 - 교차로안,승용,여,59세,상해없음,승용,여,70세,중상
2015072700100117,2015년 7월 27일 08시,월요일,인천광역시 부평구 청천동,경상사고,0,0,3,0,차대차 - 추돌 - 진행중,안전운전불이행,건조,흐림,단일로 - 기타,승용,남,31세,상해없음,승용,여,57세,경상
2015072700100234,2015년 7월 27일 11시,월요일,인천광역시 중구 운서동,경상사고,0,0,1,0,차대차 - 측면직각충돌,안전운전불이행,건조,맑음,기타 - 기타,화물,남,22세,상해없음,승용,여,33세,경상
2015072700100260,2015년 7월 27일 12시,월요일,인천광역시 남구 학익동,경상사고,0,0,1,0,차대차 - 측면직각충돌,신호위반,건조,맑음,교차로 - 교차로안,승용,여,55세,상해없음,승용,여,44세,경상
2015072700100277,2015년 7월 27일 13시,월요일,인천광역시 남구 숭의동,경상사고,0,0,1,0,차대사람 - 횡단중,안전운전불이행,건조,맑음,단일로 - 기타,승용,여,53세,상해없음,보행자,남,17세,경상
2015072700100310,2015년 7월 27일 14시,월요일,인천광역시 계양구 작전동,경상사고,0,0,1,0,차대차 - 추돌 - 주정차중,안전운전불이행,건조,맑음,단일로 - 기타,승용,남,48세,상해없음,승용,남,34세,경상
2015072700100345,2015년 7월 27일 15시,월요일,인천광역시 부평구 십정동,중상사고,0,1,2,0,차대차 - 정면충돌,중앙선침범,건조,맑음,단일로 - 기타,승용,남,36세,상해없음,화물,남,45세,경상
2015072700100393,2015년 7월 27일 16시,월요일,인천광역시 남구 주안동,경상사고,0,0,1,0,차대차 - 기타,기타,건조,맑음,단일로 - 기타,승용,여,53세,상해없음,자전거,남,10세,경상
2015072700100394,2015년 7월 27일 16시,월요일,인천광역시 계양구 효성동,부상신고사고,0,0,0,1,차대차 - 측면직각충돌,교차로운행방법위반,건조,맑음,교차로 - 교차로안,승용,남,37세,상해없음,원동기,남,19세,부상신고
2015072700100436,2015년 7월 27일 17시,월요일,인천광역시 남구 용현동,경상사고,0,0,1,0,차량단독 - 기타,안전운전불이행,건조,맑음,단일로 - 기타,승합,남,51세,상해없음,,,,
2015072700100476,2015년 7월 27일 18시,월요일,인천광역시 부평구 청천동,중상사고,0,2,2,0,차대차 - 측면직각충돌,교차로운행방법위반,건조,맑음,교차로 - 교차로부근,승용,여,32세,경상,승용,여,46세,중상
2015072700100477,2015년 7월 27일 18시,월요일,인천광역시 연수구 송도동,경상사고,0,0,2,1,차대차 - 기타,신호위반,건조,맑음,교차로 - 교차로안,승용,여,42세,상해없음,승용,남,41세,경상
2015072700100478,2015년 7월 27일 18시,월요일,인천광역시 부평구 부개동,경상사고,0,0,2,0,차대차 - 측면직각충돌,교차로운행방법위반,건조,맑음,교차로 - 교차로안,원동기,남,16세,상해없음,승용,남,52세,경상
2015072700100510,2015년 7월 27일 19시,월요일,인천광역시 부평구 산곡동,경상사고,0,0,1,0,차대차 - 기타,중앙선침범,건조,맑음,단일로 - 기타,기타불명,기타불명,기타불명,기타불명,화물,남,63세,상해없음
2015072700100577,2015년 7월 27일 21시,월요일,인천광역시 서구 경서동,사망사고,1,0,0,0,차대사람 - 횡단중,안전운전불이행,건조,맑음,교차로 - 교차로안,승용,남,47세,기타불명,보행자,남,49세,사망
2015072700100605,2015년 7월 27일 22시,월요일,인천광역시 남동구 구월동,경상사고,0,0,1,0,차대사람 - 차도통행중,안전운전불이행,건조,맑음,교차로 - 교차로안,승용,남,32세,상해없음,보행자,남,30세,경상
2015072700100636,2015년 7월 27일 23시,월요일,인천광역시 부평구 산곡동,중상사고,0,2,0,0,차대사람 - 횡단중,안전운전불이행,건조,맑음,교차로 - 교차로부근,이륜,남,21세,상해없음,보행자,남,53세,중상
2015072700100637,2015년 7월 27일 23시,월요일,인천광역시 부평구 청천동,경상사고,0,0,2,0,차대차 - 기타,안전운전불이행,건조,맑음,단일로 - 기타,승용,남,21세,상해없음,승용,남,27세,경상
2015072700100638,2015년 7월 27일 23시,월요일,인천광역시 계양구 계산동,경상사고,0,0,3,0,차대차 - 추돌 - 진행중,안전운전불이행,건조,맑음,단일로 - 기타,승용,여,49세,상해없음,승용,여,47세,경상
2015072700100639,2015년 7월 27일 23시,월요일,인천광역시 계양구 작전동,경상사고,0,0,1,0,차대사람 - 횡단중,신호위반,건조,맑음,단일로 - 기타,이륜,남,21세,상해없음,보행자,남,34세,경상
2015072700100640,2015년 7월 27일 23시,월요일,인천광역시 연수구 연수동,경상사고,0,0,1,0,차대차 - 추돌 - 주정차중,안전운전불이행,건조,맑음,단일로 - 기타,승용,남,58세,상해없음,승용,남,26세,경상
2015072800100029,2015년 7월 28일 01시,화요일,인천광역시 서구 신현동,경상사고,0,0,2,0,차대차 - 기타,신호위반,건조,맑음,교차로 - 교차로안,승용,남,37세,상해없음,승용,남,51세,경상
2015072800100030,2015년 7월 28일 01시,화요일,인천광역시 계양구 계산동,경상사고,0,0,1,0,차대차 - 추돌 - 진행중,안전운전불이행,건조,맑음,교차로 - 교차로부근,이륜,남,17세,경상,이륜,남,51세,상해없음
2015072800100041,2015년 7월 28일 02시,화요일,인천광역시 부평구 부평동,경상사고,0,0,1,0,차대사람 - 길가장자리구역통행중,신호위반,건조,맑음,단일로 - 기타,화물,남,22세,상해없음,보행자,여,19세,경상
2015072800100053,2015년 7월 28일 03시,화요일,인천광역시 중구 남북동,부상신고사고,0,0,0,1,차량단독 - 전도전복,안전운전불이행,건조,맑음,교차로 - 교차로안,승용,여,18세,부상신고,,,,
2015072800100054,2015년 7월 28일 03시,화요일,인천광역시 남동구 구월동,중상사고,0,1,0,0,차대사람 - 횡단중,신호위반,건조,맑음,교차로 - 교차로부근,이륜,남,35세,상해없음,보행자,여,33세,중상
2015072800100055,2015년 7월 28일 03시,화요일,인천광역시 연수구 동춘동,중상사고,0,3,2,0,차대차 - 추돌 - 주정차중,안전운전불이행,건조,맑음,교차로 - 교차로부근,승용,여,55세,중상,승용,남,28세,중상
2015072800100079,2015년 7월 28일 05시,화요일,인천광역시 부평구 부평동,중상사고,0,1,0,0,차대차 - 측면직각충돌,안전거리미확보,건조,맑음,단일로 - 기타,승용,남,73세,상해없음,이륜,남,69세,중상
2015072800100098,2015년 7월 28일 06시,화요일,인천광역시 남구 관교동,경상사고,0,0,1,0,차대차 - 기타,안전운전불이행,건조,맑음,교차로 - 교차로부근,승용,남,60세,상해없음,자전거,남,47세,경상
2015072800100099,2015년 7월 28일 06시,화요일,인천광역시 남동구 남촌동,중상사고,0,1,0,0,차대차 - 측면직각충돌,안전거리미확보,건조,맑음,단일로 - 기타,화물,남,45세,상해없음,이륜,남,28세,중상
2015072800100172,2015년 7월 28일 09시,화요일,인천광역시 부평구 부평동,경상사고,0,0,1,0,차대차 - 추돌 - 주정차중,안전운전불이행,건조,맑음,단일로 - 기타,승용,여,51세,상해없음,화물,남,29세,경상
2015072800100173,2015년 7월 28일 09시,화요일,인천광역시 남동구 구월동,경상사고,0,0,1,0,차대사람 - 보도통행중,안전운전불이행,건조,맑음,단일로 - 기타,승용,여,60세,상해없음,보행자,여,24세,경상
2015072800100174,2015년 7월 28일 09시,화요일,인천광역시 부평구 부평동,경상사고,0,0,1,0,차대차 - 추돌 - 진행중,안전운전불이행,건조,맑음,교차로 - 교차로부근,승용,남,27세,상해없음,승용,여,71세,경상
2015072800100268,2015년 7월 28일 12시,화요일,인천광역시 연수구 송도동,경상사고,0,0,1,0,차대차 - 측면직각충돌,신호위반,건조,맑음,교차로 - 교차로안,원동기,남,47세,상해없음,자전거,남,22세,경상
2015072800100307,2015년 7월 28일 13시,화요일,인천광역시 동구 송림동,경상사고,0,0,1,0,차대차 - 추돌 - 진행중,안전운전불이행,건조,맑음,단일로 - 기타,화물,남,68세,상해없음,승용,남,34세,경상
2015072800100308,2015년 7월 28일 13시,화요일,인천광역시 남구 주안동,중상사고,0,1,0,0,차대차 - 측면직각충돌,안전운전불이행,건조,맑음,기타 - 기타,승용,여,49세,상해없음,이륜,남,63세,중상
2015072800100309,2015년 7월 28일 13시,화요일,인천광역시 남동구 서창동,경상사고,0,0,1,0,차대차 - 측면직각충돌,안전운전불이행,건조,맑음,단일로 - 기타,이륜,여,22세,경상,승용,남,53세,상해없음
2015072800100310,2015년 7월 28일 13시,화요일,인천광역시 계양구 계산동,사망사고,1,0,0,0,차대사람 - 기타,안전운전불이행,건조,맑음,단일로 - 기타,자전거,남,57세,상해없음,보행자,남,78세,사망
2015072800100351,2015년 7월 28일 14시,화요일,인천광역시 남구 학익동,경상사고,0,0,3,0,차대차 - 정면충돌,중앙선침범,건조,맑음,단일로 - 기타,승용,남,70세,상해없음,승용,남,53세,경상
2015072800100352,2015년 7월 28일 14시,화요일,인천광역시 남구 문학동,중상사고,0,1,0,0,차대사람 - 길가장자리구역통행중,기타,건조,맑음,단일로 - 기타,자전거,여,52세,상해없음,보행자,여,55세,중상
2015072800100353,2015년 7월 28일 14시,화요일,인천광역시 서구 연희동,경상사고,0,0,1,0,차대차 - 측면직각충돌,안전운전불이행,건조,맑음,교차로 - 교차로부근,건설기계,남,44세,상해없음,승용,남,35세,상해없음
2015072800100354,2015년 7월 28일 14시,화요일,인천광역시 부평구 구산동,경상사고,0,0,1,0,차대차 - 측면직각충돌,안전운전불이행,건조,맑음,단일로 - 기타,승용,남,33세,상해없음,승용,남,29세,경상
2015072800100384,2015년 7월 28일 15시,화요일,인천광역시 연수구 옥련동,경상사고,0,0,2,0,차대차 - 기타,안전운전불이행,건조,맑음,교차로 - 교차로부근,승용,남,43세,상해없음,승용,여,42세,경상
2015072800100491,2015년 7월 28일 18시,화요일,인천광역시 서구 가좌동,경상사고,0,0,1,0,차대차 - 측면직각충돌,안전운전불이행,건조,맑음,단일로 - 기타,승용,남,56세,상해없음,자전거,남,60세,경상
2015072800100524,2015년 7월 28일 19시,화요일,인천광역시 남구 용현동,경상사고,0,0,1,0,차대차 - 측면직각충돌,안전운전불이행,건조,맑음,단일로 - 횡단보도상,승용,남,75세,상해없음,화물,남,54세,경상
2015072800100525,2015년 7월 28일 19시,화요일,인천광역시 서구 경서동,경상사고,0,0,1,0,차대차 - 측면직각충돌,안전운전불이행,건조,맑음,교차로 - 교차로안,승용,남,59세,상해없음,승용,남,28세,경상
2015072800100563,2015년 7월 28일 20시,화요일,인천광역시 동구 송현동,중상사고,0,1,2,1,차대차 - 측면직각충돌,신호위반,건조,맑음,교차로 - 교차로안,승용,남,52세,경상,승용,남,54세,경상
2015072800100564,2015년 7월 28일 20시,화요일,인천광역시 강화군 화도면,경상사고,0,0,1,0,차대차 - 기타,중앙선침범,건조,맑음,단일로 - 기타,승용,남,60세,상해없음,승용,남,55세,경상
2015072800100594,2015년 7월 28일 21시,화요일,인천광역시 계양구 작전동,경상사고,0,0,1,0,차대차 - 추돌 - 진행중,안전운전불이행,건조,맑음,교차로 - 교차로부근,승용,남,33세,상해없음,승용,남,25세,경상