사고번호,사고일시,요일,시군구,사고내용,사망자수,중상자수,경상자수,부상신고자수,사고유형,법규위반,노면상태,기상상태,도로형태,가해운전자 차종,가해운전자 성별,가해운전자 연령,가해운전자 상해정도,피해운전자 차종,피해운전자 성별,피해운전자 연령,피해운전자 상해정도
2015081300100413,2015년 8월 13일 16시,목요일,인천광역시 계양구 작전동,중상사고,0,1,0,0,차대차 - 기타,안전운전불이행,건조,맑음,단일로 - 기타,승합,남,41세,상해없음,이륜,기타불명,기타불명,기타불명
2015081300100414,2015년 8월 13일 16시,목요일,인천광역시 부평구 부개동,경상사고,0,0,2,0,차대차 - 추돌 - 주정차중,안전운전불이행,건조,맑음,단일로 - 기타,승용,남,28세,상해없음,승용,남,56세,경상
2015081300100454,2015년 8월 13일 17시,목요일,인천광역시 중구 항동1가,경상사고,0,0,1,0,차대차 - 측면직각충돌,안전운전불이행,건조,맑음,단일로 - 기타,승합,남,63세,상해없음,승용,남,22세,경상
2015081300100455,2015년 8월 13일 17시,목요일,인천광역시 남동구 구월동,경상사고,0,0,1,0,차대사람 - 횡단중,안전운전불이행,건조,맑음,단일로 - 기타,승용,남,34세,상해없음,보행자,남,26세,경상
2015081300100511,2015년 8월 13일 18시,목요일,인천광역시 중구 북성동1가,부상신고사고,0,0,0,1,차대차 - 기타,중앙선침범,건조,맑음,단일로 - 횡단보도부근,자전거,남,8세,부상신고,원동기,남,46세,상해없음
2015081300100512,2015년 8월 13일 18시,목요일,인천광역시 중구 율목동,경상사고,0,0,2,0,차대차 - 기타,신호위반,건조,맑음,교차로 - 교차로안,승용,남,34세,상해없음,승용,남,67세,경상
2015081300100513,2015년 8월 13일 18시,목요일,인천광역시 중구 북성동1가,경상사고,0,0,1,0,차대사람 - 기타,안전운전불이행,건조,맑음,단일로 - 기타,승용,남,50세,상해없음,보행자,남,41세,경상
2015081300100514,2015년 8월 13일 18시,목요일,인천광역시 옹진군 영흥면,경상사고,0,0,1,0,차대사람 - 기타,안전운전불이행,건조,맑음,교차로 - 교차로안,승용,여,53세,상해없음,보행자,여,61세,경상
2015081300100593,2015년 8월 13일 20시,목요일,인천광역시 부평구 부평동,경상사고,0,0,3,0,차대차 - 추돌 - 진행중,안전거리미확보,건조,맑음,교차로 - 교차로부근,승용,남,61세,상해없음,승용,남,25세,경상
2015081300100594,2015년 8월 13일 20시,목요일,인천광역시 남동구 논현동,경상사고,0,0,3,0,차대차 - 측면직각충돌,신호위반,건조,맑음,단일로 - 기타,화물,남,31세,경상,승용,남,57세,경상
2015081300100595,2015년 8월 13일 20시,목요일,인천광역시 강화군 내가면,경상사고,0,0,1,0,차대차 - 측면직각충돌,안전운전불이행,건조,맑음,교차로 - 교차로안,화물,남,59세,상해없음,승용,남,73세,경상
2015081300100634,2015년 8월 13일 21시,목요일,인천광역시 남구 주안동,경상사고,0,0,2,0,차대차 - 측면직각충돌,안전거리미확보,건조,맑음,교차로 - 교차로부근,승용,남,33세,상해없음,승용,남,34세,경상
2015081300100662,2015년 8월 13일 22시,목요일,인천광역시 남구 숭의동,중상사고,0,1,0,0,차대사람 - 차도통행중,안전운전불이행,습기,비,단일로 - 기타,승합,남,59세,상해없음,보행자,남,55세,중상
2015081300100663,2015년 8월 13일 22시,목요일,인천광역시 남동구 구월동,경상사고,0,0,1,0,차대차 - 측면직각충돌,차로위반,건조,맑음,교차로 - 교차로안,승용,남,25세,상해없음,승합,남,52세,경상
2015081300100664,2015년 8월 13일 22시,목요일,인천광역시 남동구 간석동,중상사고,0,1,0,0,차대사람 - 횡단중,안전운전불이행,습기,비,단일로 - 기타,승용,남,58세,상해없음,보행자,남,54세,중상
2015081300100700,2015년 8월 13일 23시,목요일,인천광역시 서구 연희동,중상사고,0,1,3,0,차대차 - 추돌 - 주정차중,안전운전불이행,습기,흐림,교차로 - 교차로부근,승용,남,42세,상해없음,승용,남,74세,경상
2015081300100701,2015년 8월 13일 23시,목요일,인천광역시 계양구 작전동,경상사고,0,0,3,0,차대차 - 측면직각충돌,신호위반,습기,흐림,교차로 - 교차로안,승용,남,66세,상해없음,승용,여,59세,경상
2015081400100022,2015년 8월 14일 00시,금요일,인천광역시 부평구 청천동,경상사고,0,0,1,0,차대차 - 추돌 - 주정차중,안전운전불이행,건조,맑음,단일로 - 기타,승용,남,37세,상해없음,승용,남,64세,경상
2015081400100023,2015년 8월 14일 00시,금요일,인천광역시 서구 공촌동,중상사고,0,1,2,0,차대차 - 기타,안전운전불이행,습기,맑음,교차로 - 교차로부근,승용,남,30세,경상,승용,여,23세,중상
2015081400100043,2015년 8월 14일 01시,금요일,인천광역시 남동구 간석동,중상사고,0,1,1,0,차대차 - 정면충돌,신호위반,건조,맑음,교차로 - 교차로안,승용,남,48세,상해없음,승용,남,57세,중상
2015081400100077,2015년 8월 14일 03시,금요일,인천광역시 서구 석남동,경상사고,0,0,1,0,차대차 - 기타,안전운전불이행,건조,맑음,단일로 - 기타,승용,남,54세,경상,승용,남,38세,상해없음
2015081400100078,2015년 8월 14일 03시,금요일,인천광역시 부평구 삼산동,중상사고,0,1,0,0,차대차 - 추돌 - 진행중,안전운전불이행,건조,맑음,단일로 - 기타,화물,남,74세,상해없음,자전거,남,74세,중상
2015081400100129,2015년 8월 14일 07시,금요일,인천광역시 부평구 청천동,경상사고,0,0,1,0,차대차 - 기타,안전운전불이행,건조,맑음,단일로 - 기타,승용,남,24세,상해없음,승합,남,60세,경상
2015081400100153,2015년 8월 14일 08시,금요일,인천광역시 서구 석남동,경상사고,0,0,1,0,차대차 - 기타,안전운전불이행,건조,흐림,교차로 - 교차로안,화물,남,66세,상해없음,승용,남,25세,경상
2015081400100215,2015년 8월 14일 10시,금요일,인천광역시 강화군 길상면,경상사고,0,0,1,0,차대차 - 추돌 - 주정차중,안전운전불이행,건조,흐림,단일로 - 기타,화물,남,46세,상해없음,승용,남,60세,상해없음
2015081400100285,2015년 8월 14일 12시,금요일,인천광역시 남동구 구월동,경상사고,0,0,1,2,차대차 - 측면직각충돌,신호위반,건조,맑음,교차로 - 교차로안,승용,여,60세,상해없음,승용,여,32세,경상
2015081400100286,2015년 8월 14일 12시,금요일,인천광역시 연수구 연수동,중상사고,0,1,0,0,차대사람 - 횡단중,신호위반,건조,맑음,단일로 - 횡단보도상,기타불명,기타불명,기타불명,기타불명,보행자,남,12세,중상
2015081400100366,2015년 8월 14일 14시,금요일,인천광역시 남동구 간석동,경상사고,0,0,1,0,차대차 - 추돌 - 진행중,안전운전불이행,건조,맑음,교차로 - 교차로부근,승용,남,28세,상해없음,승용,남,23세,상해없음
2015081400100409,2015년 8월 14일 15시,금요일,인천광역시 중구 을왕동,경상사고,0,0,1,0,차대사람 - 보도통행중,안전운전불이행,건조,맑음,단일로 - 기타,승용,남,62세,상해없음,보행자,여,30세,경상
2015081400100410,2015년 8월 14일 15시,금요일,인천광역시 남구 학익동,경상사고,0,0,1,0,차대차 - 측면직각충돌,안전운전불이행,건조,맑음,단일로 - 기타,승용,남,69세,상해없음,승용,남,58세,경상
2015081400100522,2015년 8월 14일 18시,금요일,인천광역시 서구 가정동,경상사고,0,0,1,0,차대차 - 추돌 - 진행중,안전거리미확보,건조,맑음,단일로 - 기타,승용,남,43세,상해없음,승용,남,29세,상해없음
2015081400100560,2015년 8월 14일 19시,금요일,인천광역시 부평구 산곡동,경상사고,0,0,1,0,차대차 - 측면직각충돌,교차로운행방법위반,건조,맑음,교차로 - 교차로안,승용,남,52세,상해없음,승합,남,60세,경상
2015081400100561,2015년 8월 14일 19시,금요일,인천광역시 서구 당하동,경상사고,0,0,1,0,차대차 - 기타,신호위반,건조,맑음,기타 - 기타,이륜,남,28세,경상,승용,남,73세,상해없음
2015081400100602,2015년 8월 14일 20시,금요일,인천광역시 남동구 서창동,경상사고,0,0,2,0,차대차 - 측면직각충돌,안전운전불이행,건조,맑음,교차로 - 교차로안,승용,남,59세,상해없음,승합,남,38세,상해없음
2015081500100026,2015년 8월 15일 00시,토요일,인천광역시 중구 북성동1가,경상사고,0,0,1,0,차대사람 - 기타,안전운전불이행,건조,맑음,교차로 - 교차로안,승용,남,51세,상해없음,보행자,남,54세,경상
2015081500100069,2015년 8월 15일 03시,토요일,인천광역시 부평구 십정동,경상사고,0,0,1,0,차대차 - 추돌 - 주정차중,안전거리미확보,건조,맑음,교차로 - 교차로부근,승용,여,43세,상해없음,승용,남,55세,상해없음
2015081500100070,2015년 8월 15일 03시,토요일,인천광역시 남동구 수산동,경상사고,0,0,1,0,차대차 - 추돌 - 진행중,안전운전불이행,건조,맑음,단일로 - 기타,승용,남,26세,상해없음,건설기계,남,28세,경상
2015081500100143,2015년 8월 15일 08시,토요일,인천광역시 남동구 구월동,경상사고,0,0,1,0,차대차 - 측면직각충돌,안전운전불이행,건조,맑음,단일로 - 기타,승용,남,54세,상해없음,승용,남,62세,상해없음
2015081500100194,2015년 8월 15일 10시,토요일,인천광역시 남구 주안동,중상사고,0,2,0,1,차대사람 - 횡단중,안전운전불이행,건조,맑음,교차로 - 교차로안,이륜,남,23세,중상,보행자,여,32세,중상
2015081500100195,2015년 8월 15일 10시,토요일,인천광역시 계양구 병방동,경상사고,0,0,1,0,차대사람 - 기타,안전운전불이행,건조,맑음,기타 - 기타,화물,남,48세,상해없음,보행자,여,54세,경상
2015081500100243,2015년 8월 15일 12시,토요일,인천광역시 강화군 화도면,경상사고,0,0,4,0,차대차 - 추돌 - 주정차중,안전운전불이행,건조,맑음,단일로 - 기타,승용,남,31세,상해없음,승용,남,46세,상해없음
2015081500100276,2015년 8월 15일 13시,토요일,인천광역시 남구 용현동,경상사고,0,0,1,0,차대차 - 기타,안전운전불이행,건조,맑음,교차로 - 교차로부근,이륜,남,15세,상해없음,승용,여,34세,경상
2015081500100277,2015년 8월 15일 13시,토요일,인천광역시 남동구 만수동,경상사고,0,0,1,0,차대차 - 추돌 - 주정차중,기타,건조,맑음,단일로 - 기타,승용,남,56세,상해없음,이륜,남,31세,경상
2015081500100278,2015년 8월 15일 13시,토요일,인천광역시 강화군 송해면,경상사고,0,0,2,0,차대차 - 측면직각충돌,안전운전불이행,건조,맑음,교차로 - 교차로안,승용,여,52세,경상,화물,여,63세,경상
2015081500100301,2015년 8월 15일 14시,토요일,인천광역시 계양구 작전동,중상사고,0,1,0,0,차대사람 - 횡단중,안전운전불이행,건조,맑음,교차로 - 교차로안,화물,남,42세,상해없음,보행자,남,76세,중상
2015081500100354,2015년 8월 15일 16시,토요일,인천광역시 중구 운서동,경상사고,0,0,3,0,차대차 - 측면직각충돌,신호위반,건조,맑음,교차로 - 교차로부근,승용,남,21세,상해없음,건설기계,남,48세,경상
2015081500100417,2015년 8월 15일 18시,토요일,인천광역시 연수구 송도동,경상사고,0,0,1,0,차대차 - 기타,안전운전불이행,건조,맑음,단일로 - 기타,기타불명,기타불명,기타불명,기타불명,자전거,남,49세,경상
2015081500100457,2015년 8월 15일 19시,토요일,인천광역시 서구 연희동,중상사고,0,1,0,0,차대차 - 측면직각충돌,교차로운행방법위반,건조,맑음,교차로 - 교차로안,승용,남,59세,상해없음,이륜,남,17세,중상
2015081500100528,2015년 8월 15일 21시,토요일,인천광역시 중구 북성동1가,경상사고,0,0,3,0,차대차 - 정면충돌,안전운전불이행,건조,맑음,교차로 - 교차로부근,승용,남,34세,상해없음,승용,남,34세,경상
2015081500100529,2015년 8월 15일 21시,토요일,인천광역시 중구 남북동,경상사고,0,0,1,0,차대차 - 기타,중앙선침범,건조,맑음,단일로 - 기타,승용,남,21세,상해없음,승용,여,25세,경상
2015081500100530,2015년 8월 15일 21시,토요일,인천광역시 남동구 논현동,경상사고,0,0,1,0,차대차 - 측면직각충돌,안전운전불이행,건조,맑음,단일로 - 기타,승용,남,29세,상해없음,승용,남,34세,상해없음
2015081500100531,2015년 8월 15일 21시,토요일,인천광역시 부평구 삼산동,경상사고,0,0,4,0,차대차 - 정면충돌,신호위반,건조,맑음,단일로 - 기타,승용,남,40세,상해없음,승용,남,18세,경상
2015081500100554,2015년 8월 15일 22시,토요일,인천광역시 계양구 병방동,경상사고,0,0,1,1,차대차 - 측면직각충돌,안전거리미확보,건조,맑음,교차로 - 교차로부근,승용,남,46세,상해없음,승용,남,34세,경상
2015081600100021,2015년 8월 16일 00시,일요일,인천광역시 남구 관교동,중상사고,0,1,0,0,차대차 - 기타,안전거리미확보,건조,맑음,단일로 - 기타,승용,남,59세,상해없음,자전거,남,18세,중상
2015081600100046,2015년 8월 16일 02시,일요일,인천광역시 남동구 만수동,경상사고,0,0,1,0,차대사람 - 보도통행중,안전운전불이행,건조,맑음,단일로 - 기타,승용,남,77세,상해없음,보행자,남,56세,경상
2015081600100055,2015년 8월 16일 03시,일요일,인천광역시 중구 을왕동,중상사고,0,2,1,0,차대차 - 정면충돌,중앙선침범,건조,맑음,단일로 - 기타,승용,여,27세,경상,승용,남,37세,중상
2015081600100102,2015년 8월 16일 07시,일요일,인천광역시 남동구 간석동,중상사고,0,1,0,0,차대차 - 측면직각충돌,신호위반,건조,맑음,교차로 - 교차로안,승용,남,77세,상해없음,화물,남,52세,중상
2015081600100132,2015년 8월 16일 09시,일요일,인천광역시 남구 숭의동,경상사고,0,0,1,0,차대차 - 측면직각충돌,안전운전불이행,기타,맑음,교차로 - 교차로부근,승용,여,56세,상해없음,승용,남,59세,경상
2015081600100160,2015년 8월 16일 10시,일요일,인천광역시 연수구 옥련동,경상사고,0,0,3,0,차대차 - 측면직각충돌,차로위반,건조,맑음,단일로 - 기타,승용,남,58세,상해없음,승용,남,63세,경상
2015081600100200,2015년 8월 16일 12시,일요일,인천광역시 남구 주안동,중상사고,0,2,1,0,차대차 - 측면직각충돌,안전운전불이행,건조,맑음,교차로 - 교차로안,승용,남,26세,상해없음,승용,남,25세,중상
2015081600100201,2015년 8월 16일 12시,일요일,인천광역시 부평구 청천동,중상사고,0,1,0,0,차대차 - 측면직각충돌,안전운전불이행,건조,맑음,기타 - 기타,원동기,남,41세,기타불명,승용,남,45세,상해없음
2015081600100202,2015년 8월 16일 12시,일요일,인천광역시 서구 석남동,경상사고,0,0,1,0,차대사람 - 횡단중,안전운전불이행,건조,맑음,단일로 - 횡단보도상,이륜,남,17세,상해없음,보행자,남,60세,경상
2015081600100308,2015년 8월 16일 15시,일요일,인천광역시 중구 운서동,중상사고,0,1,4,0,차대차 - 추돌 - 진행중,안전운전불이행,건조,맑음,단일로 - 기타,승용,여,50세,상해없음,승용,여,40세,중상
2015081600100342,2015년 8월 16일 16시,일요일,인천광역시 서구 가좌동,경상사고,0,0,1,0,차대차 - 추돌 - 진행중,중앙선침범,건조,맑음,단일로 - 기타,승용,여,51세,상해없음,승용,남,23세,경상
2015081600100375,2015년 8월 16일 17시,일요일,인천광역시 연수구 옥련동,경상사고,0,0,1,0,차대차 - 측면직각충돌,안전운전불이행,습기,비,단일로 - 기타,승합,남,30세,상해없음,승합,남,46세,상해없음
2015081600100376,2015년 8월 16일 17시,일요일,인천광역시 연수구 선학동,중상사고,0,1,0,0,차대차 - 기타,안전운전불이행,건조,맑음,교차로 - 교차로안,승합,남,43세,상해없음,자전거,여,55세,중상
2015081600100419,2015년 8월 16일 18시,일요일,인천광역시 남구 용현동,경상사고,0,0,3,0,차대차 - 추돌 - 주정차중,안전운전불이행,습기,비,교차로 - 교차로부근,승용,남,30세,상해없음,승용,남,50세,경상
2015081600100455,2015년 8월 16일 19시,일요일,인천광역시 부평구 부평동,중상사고,0,1,0,0,차대사람 - 횡단중,보행자보호의무위반,습기,비,단일로 - 기타,이륜,남,19세,상해없음,보행자,여,50세,중상
2015081600100456,2015년 8월 16일 19시,일요일,인천광역시 서구 마전동,경상사고,0,0,2,0,차대차 - 측면직각충돌,안전운전불이행,건조,맑음,교차로 - 교차로부근,원동기,남,18세,기타불명,승용,여,35세,경상
2015081600100457,2015년 8월 16일 19시,일요일,인천광역시 부평구 부개동,중상사고,0,1,0,0,차대차 - 정면충돌,중앙선침범,습기,비,교차로 - 교차로부근,승용,남,38세,상해없음,원동기,남,25세,중상
2015081600100500,2015년 8월 16일 20시,일요일,인천광역시 동구 송림동,중상사고,0,1,0,0,차대차 - 측면직각충돌,안전운전불이행,습기,비,교차로 - 교차로안,승용,남,32세,기타불명,승용,남,44세,중상
2015081600100501,2015년 8월 16일 20시,일요일,인천광역시 남구 도화동,중상사고,0,1,0,0,차대사람 - 기타,보행자보호의무위반,습기,비,단일로 - 기타,승용,여,36세,상해없음,보행자,남,28세,중상
2015081600100502,2015년 8월 16일 20시,일요일,인천광역시 부평구 부개동,중상사고,0,1,0,0,차대사람 - 기타,안전운전불이행,습기,비,단일로 - 기타,이륜,남,57세,상해없음,보행자,여,68세,중상
2015081600100534,2015년 8월 16일 21시,일요일,인천광역시 서구 신현동,경상사고,0,0,1,0,차대사람 - 횡단중,안전운전불이행,건조,맑음,단일로 - 기타,승용,남,47세,상해없음,보행자,여,45세,경상
2015081600100535,2015년 8월 16일 21시,일요일,인천광역시 계양구 계산동,경상사고,0,0,1,0,차대차 - 기타,안전거리미확보,습기,비,교차로 - 교차로부근,화물,남,44세,상해없음,이륜,남,34세,경상
2015081700100084,2015년 8월 17일 07시,월요일,인천광역시 서구 경서동,중상사고,0,1,0,0,차대사람 - 횡단중,신호위반,건조,맑음,교차로 - 교차로부근,승용,여,42세,상해없음,보행자,남,42세,중상
2015081700100187,2015년 8월 17일 10시,월요일,인천광역시 남동구 수산동,경상사고,0,0,2,0,차대차 - 측면직각충돌,신호위반,건조,맑음,교차로 - 교차로안,이륜,남,26세,경상,승용,남,55세,경상
2015081700100188,2015년 8월 17일 10시,월요일,인천광역시 남동구 구월동,경상사고,0,0,1,0,차대차 - 기타,안전운전불이행,건조,맑음,단일로 - 터널,이륜,기타불명,기타불명,기타불명,자전거,남,39세,경상
2015081700100233,2015년 8월 17일 11시,월요일,인천광역시 남구 학익동,경상사고,0,0,1,0,차대차 - 기타,안전운전불이행,건조,맑음,단일로 - 기타,승용,여,54세,상해없음,승용,남,31세,경상
2015081700100234,2015년 8월 17일 11시,월요일,인천광역시 계양구 동양동,경상사고,0,0,1,0,차대차 - 기타,안전운전불이행,건조,맑음,단일로 - 기타,자전거,남,11세,경상,승용,남,62세,기타불명
2015081700100266,2015년 8월 17일 12시,월요일,인천광역시 남동구 구월동,중상사고,0,2,0,0,차대차 - 측면직각충돌,신호위반,건조,맑음,교차로 - 교차로안,승용,남,36세,상해없음,승용,남,62세,중상
2015081700100304,2015년 8월 17일 13시,월요일,인천광역시 서구 가좌동,중상사고,0,1,1,0,차대차 - 기타,안전운전불이행,건조,맑음,교차로 - 교차로안,이륜,남,29세,중상,화물,남,53세,경상
2015081700100385,2015년 8월 17일 15시,월요일,인천광역시 남구 문학동,중상사고,0,2,0,0,차대차 - 추돌 - 주정차중,안전거리미확보,건조,맑음,단일로 - 기타,승용,남,54세,상해없음,승용,여,46세,중상
2015081700100386,2015년 8월 17일 15시,월요일,인천광역시 부평구 일신동,경상사고,0,0,1,0,차대차 - 추돌 - 진행중,교차로운행방법위반,건조,맑음,교차로 - 교차로안,화물,남,54세,상해없음,승용,여,59세,경상
2015081700100486,2015년 8월 17일 17시,월요일,인천광역시 동구 송림동,중상사고,0,1,1,0,차대차 - 추돌 - 진행중,안전거리미확보,건조,맑음,단일로 - 기타,이륜,남,31세,중상,승용,여,54세,경상
2015081700100487,2015년 8월 17일 17시,월요일,인천광역시 부평구 십정동,경상사고,0,0,1,0,차대차 - 추돌 - 진행중,안전거리미확보,건조,맑음,교차로 - 교차로부근,승용,남,48세,상해없음,승용,남,52세,경상
2015081700100489,2015년 8월 17일 17시,월요일,인천광역시 계양구 서운동,중상사고,0,1,0,0,차대차 - 추돌 - 진행중,안전운전불이행,건조,맑음,단일로 - 교량,승용,남,52세,상해없음,승용,남,47세,중상
2015081700100538,2015년 8월 17일 18시,월요일,인천광역시 서구 심곡동,경상사고,0,0,1,0,차대차 - 추돌 - 주정차중,안전운전불이행,건조,맑음,교차로 - 교차로부근,승용,남,24세,상해없음,승용,남,40세,경상
2015081700100585,2015년 8월 17일 19시,월요일,인천광역시 남동구 남촌동,중상사고,0,1,0,0,차대차 - 측면직각충돌,안전운전불이행,건조,맑음,교차로 - 교차로안,자전거,여,24세,중상,승합,남,47세,상해없음
2015081700100659,2015년 8월 17일 21시,월요일,인천광역시 동구 송림동,중상사고,0,1,0,0,차대사람 - 횡단중,신호위반,건조,맑음,단일로 - 횡단보도상,승용,남,51세,상해없음,보행자,여,14세,중상
2015081700100660,2015년 8월 17일 21시,월요일,인천광역시 남동구 논현동,중상사고,0,1,0,0,차대차 - 추돌 - 진행중,안전운전불이행,건조,맑음,교차로 - 교차로부근,승용,남,38세,상해없음,자전거,남,11세,중상
2015081700100714,2015년 8월 17일 23시,월요일,인천광역시 남구 주안동,경상사고,0,0,1,0,차대사람 - 기타,보행자보호의무위반,건조,맑음,교차로 - 교차로안,승용,남,62세,상해없음,보행자,남,49세,경상
2015081700100715,2015년 8월 17일 23시,월요일,인천광역시 부평구 산곡동,경상사고,0,0,1,0,차대사람 - 횡단중,안전운전불이행,건조,맑음,단일로 - 기타,승용,남,45세,상해없음,보행자,남,41세,경상
2015081800100063,2015년 8월 18일 05시,화요일,인천광역시 서구 연희동,중상사고,0,1,0,0,차대사람 - 기타,안전운전불이행,건조,맑음,기타 - 기타,승용,남,46세,상해없음,보행자,남,42세,중상
2015081800100064,2015년 8월 18일 05시,화요일,인천광역시 계양구 작전동,중상사고,0,1,0,0,차대차 - 측면직각충돌,안전운전불이행,건조,맑음,교차로 - 교차로안,승용,남,62세,상해없음,자전거,남,55세,중상
2015081800100074,2015년 8월 18일 06시,화요일,인천광역시 남동구 구월동,경상사고,0,0,1,0,차대차 - 측면직각충돌,교차로운행방법위반,건조,맑음,교차로 - 교차로안,승용,남,37세,상해없음,승용,남,32세,경상
2015081800100146,2015년 8월 18일 08시,화요일,인천광역시 남동구 구월동,중상사고,0,1,0,0,차대사람 - 횡단중,기타,건조,맑음,단일로 - 횡단보도상,원동기,남,34세,상해없음,보행자,여,74세,중상
2015081800100147,2015년 8월 18일 08시,화요일,인천광역시 남동구 남촌동,경상사고,0,0,1,0,차대차 - 측면직각충돌,안전운전불이행,건조,맑음,단일로 - 기타,승용,남,58세,상해없음,자전거,남,38세,경상
2015081800100148,2015년 8월 18일 08시,화요일,인천광역시 서구 가좌동,경상사고,0,0,1,0,차대사람 - 차도통행중,보행자보호의무위반,건조,맑음,단일로 - 기타,승용,남,52세,상해없음,보행자,여,22세,경상
2015081800100187,2015년 8월 18일 09시,화요일,인천광역시 중구 운서동,경상사고,0,0,1,0,차대차 - 기타,안전운전불이행,건조,맑음,단일로 - 기타,승용,남,34세,상해없음,자전거,남,7세,경상
2015081800100188,2015년 8월 18일 09시,화요일,인천광역시 강화군 선원면,중상사고,0,2,1,0,차대차 - 정면충돌,안전운전불이행,건조,맑음,교차로 - 교차로안,승합,여,49세,경상,승용,남,33세,중상
2015081800100189,2015년 8월 18일 09시,화요일,인천광역시 부평구 삼산동,경상사고,0,0,1,0,차대차 - 추돌 - 진행중,기타,건조,맑음,단일로 - 기타,자전거,남,19세,경상,기타불명,기타불명,기타불명,기타불명
2015081800100220,2015년 8월 18일 10시,화요일,인천광역시 남동구 구월동,경상사고,0,0,1,0,차대사람 - 보도통행중,보행자보호의무위반,건조,맑음,교차로 - 교차로부근,승합,남,44세,상해없음,보행자,남,56세,경상
2015081800100221,2015년 8월 18일 10시,화요일,인천광역시 계양구 계산동,중상사고,0,1,0,0,차대사람 - 길가장자리구역통행중,안전운전불이행,건조,맑음,교차로 - 교차로부근,화물,남,55세,상해없음,보행자,남,10세,중상
2015081800100249,2015년 8월 18일 11시,화요일,인천광역시 남동구 간석동,경상사고,0,0,1,0,차대사람 - 길가장자리구역통행중,안전운전불이행,건조,맑음,단일로 - 기타,화물,남,46세,상해없음,보행자,남,36세,경상
2015081800100252,2015년 8월 18일 11시,화요일,인천광역시 부평구 갈산동,중상사고,0,1,0,0,차대사람 - 횡단중,안전운전불이행,건조,맑음,교차로 - 교차로안,화물,남,43세,상해없음,보행자,여,77세,중상
2015081800100292,2015년 8월 18일 12시,화요일,인천광역시 남동구 장수동,중상사고,0,1,0,0,차대차 - 측면직각충돌,안전운전불이행,건조,맑음,교차로 - 교차로부근,자전거,남,59세,중상,승용,여,46세,상해없음
2015081800100326,2015년 8월 18일 13시,화요일,인천광역시 서구 왕길동,중상사고,0,1,1,0,차대차 - 측면직각충돌,안전운전불이행,건조,맑음,단일로 - 기타,화물,남,54세,경상,건설기계,남,54세,중상
2015081800100327,2015년 8월 18일 13시,화요일,인천광역시 연수구 옥련동,경상사고,0,0,1,0,차대차 - 추돌 - 진행중,기타,건조,맑음,단일로 - 기타,기타불명,남,39세,기타불명,자전거,남,68세,경상
2015081800100354,2015년 8월 18일 14시,화요일,인천광역시 서구 석남동,경상사고,0,0,1,0,차대차 - 측면직각충돌,안전운전불이행,건조,맑음,단일로 - 기타,승용,남,60세,상해없음,승용,남,36세,경상
2015081800100355,2015년 8월 18일 14시,화요일,인천광역시 계양구 계산동,경상사고,0,0,1,0,차대차 - 측면직각충돌,신호위반,건조,맑음,교차로 - 교차로부근,승용,남,72세,기타불명,승용,남,56세,경상
2015081800100466,2015년 8월 18일 17시,화요일,인천광역시 부평구 부평동,경상사고,0,0,1,0,차대차 - 추돌 - 진행중,안전운전불이행,건조,맑음,단일로 - 기타,승용,남,60세,상해없음,승용,여,39세,경상
2015081800100467,2015년 8월 18일 17시,화요일,인천광역시 남동구 간석동,경상사고,0,0,1,0,차대차 - 측면직각충돌,안전운전불이행,건조,맑음,교차로 - 교차로안,승용,남,70세,상해없음,이륜,남,20세,경상
2015081800100503,2015년 8월 18일 18시,화요일,인천광역시 남구 용현동,경상사고,0,0,1,0,차대차 - 기타,교차로운행방법위반,건조,맑음,교차로 - 교차로안,화물,남,52세,상해없음,승용,남,53세,경상
2015081800100593,2015년 8월 18일 21시,화요일,인천광역시 남동구 구월동,중상사고,0,1,0,0,차대차 - 측면직각충돌,안전운전불이행,건조,맑음,교차로 - 교차로안,승용,여,47세,기타불명,자전거,남,29세,중상
2015081800100620,2015년 8월 18일 22시,화요일,인천광역시 계양구 계산동,중상사고,0,1,0,0,차대차 - 기타,신호위반,건조,맑음,교차로 - 교차로부근,승용,남,26세,상해없음,승용,여,50세,중상
2015081800100641,2015년 8월 18일 23시,화요일,인천광역시 남동구 논현동,부상신고사고,0,0,0,1,차대차 - 기타,불법유턴,건조,맑음,교차로 - 교차로안,자전거,남,61세,부상신고,승용,남,55세,상해없음
2015081800100642,2015년 8월 18일 23시,화요일,인천광역시 남동구 만수동,중상사고,0,2,1,0,차대차 - 정면충돌,중앙선침범,건조,맑음,미분류 - 미분류,승용,남,23세,경상,승용,남,47세,중상
2015081900100018,2015년 8월 19일 00시,수요일,인천광역시 부평구 갈산동,중상사고,0,1,1,0,차대차 - 추돌 - 진행중,안전운전불이행,건조,맑음,단일로 - 횡단보도부근,승용,남,38세,상해없음,승용,남,39세,경상
2015081900100030,2015년 8월 19일 01시,수요일,인천광역시 중구 중산동,경상사고,0,0,3,0,차대차 - 추돌 - 진행중,안전운전불이행,건조,맑음,단일로 - 기타,승용,남,40세,상해없음,승용,남,20세,경상
2015081900100058,2015년 8월 19일 04시,수요일,인천광역시 서구 연희동,경상사고,0,0,1,0,차대차 - 기타,중앙선침범,건조,맑음,단일로 - 기타,승용,남,34세,상해없음,승용,남,40세,경상