사고번호,사고일시,요일,시군구,사고내용,사망자수,중상자수,경상자수,부상신고자수,사고유형,법규위반,노면상태,기상상태,도로형태,가해운전자 차종,가해운전자 성별,가해운전자 연령,가해운전자 상해정도,피해운전자 차종,피해운전자 성별,피해운전자 연령,피해운전자 상해정도
2015081900100067,2015년 8월 19일 05시,수요일,인천광역시 동구 송현동,경상사고,0,0,1,0,차대차 - 측면직각충돌,안전운전불이행,건조,맑음,교차로 - 교차로안,화물,남,57세,상해없음,승용,남,37세,경상
2015081900100068,2015년 8월 19일 05시,수요일,인천광역시 서구 검암동,경상사고,0,0,2,0,차대차 - 기타,안전운전불이행,습기,비,단일로 - 기타,승용,남,45세,상해없음,승합,남,36세,경상
2015081900100085,2015년 8월 19일 06시,수요일,인천광역시 연수구 옥련동,사망사고,1,0,0,0,차대차 - 측면직각충돌,신호위반,건조,맑음,교차로 - 교차로안,화물,남,45세,상해없음,원동기,남,74세,사망
2015081900100140,2015년 8월 19일 08시,수요일,인천광역시 중구 운남동,경상사고,0,0,1,0,차대차 - 정면충돌,안전운전불이행,건조,맑음,단일로 - 기타,승용,남,35세,상해없음,승용,남,44세,경상
2015081900100141,2015년 8월 19일 08시,수요일,인천광역시 남동구 남촌동,경상사고,0,0,1,0,차대사람 - 기타,안전운전불이행,건조,맑음,단일로 - 기타,자전거,남,31세,상해없음,보행자,남,67세,경상
2015081900100199,2015년 8월 19일 10시,수요일,인천광역시 남동구 장수동,경상사고,0,0,1,0,차대차 - 측면직각충돌,안전거리미확보,건조,맑음,단일로 - 기타,화물,남,42세,상해없음,승용,남,43세,경상
2015081900100200,2015년 8월 19일 10시,수요일,인천광역시 서구 가좌동,경상사고,0,0,1,0,차대차 - 추돌 - 진행중,안전운전불이행,건조,맑음,단일로 - 기타,승용,남,56세,상해없음,승용,남,50세,상해없음
2015081900100402,2015년 8월 19일 16시,수요일,인천광역시 남구 용현동,경상사고,0,0,1,0,차대차 - 측면직각충돌,안전운전불이행,건조,맑음,교차로 - 교차로안,승용,여,47세,상해없음,이륜,남,47세,경상
2015081900100439,2015년 8월 19일 17시,수요일,인천광역시 남구 관교동,부상신고사고,0,0,0,1,차대차 - 기타,안전운전불이행,건조,맑음,교차로 - 교차로안,이륜,남,55세,부상신고,승합,남,63세,상해없음
2015081900100440,2015년 8월 19일 17시,수요일,인천광역시 서구 마전동,부상신고사고,0,0,0,1,차대사람 - 횡단중,안전운전불이행,건조,맑음,교차로 - 교차로안,승용,기타불명,기타불명,기타불명,보행자,남,16세,부상신고
2015081900100527,2015년 8월 19일 19시,수요일,인천광역시 남동구 서창동,경상사고,0,0,1,0,차대차 - 측면직각충돌,안전거리미확보,건조,맑음,교차로 - 교차로부근,승용,남,50세,상해없음,승용,여,48세,경상
2015081900100561,2015년 8월 19일 20시,수요일,인천광역시 남구 문학동,경상사고,0,0,3,0,차대차 - 기타,안전운전불이행,건조,맑음,단일로 - 기타,승용,남,38세,상해없음,화물,남,47세,경상
2015082000100014,2015년 8월 20일 00시,목요일,인천광역시 계양구 작전동,경상사고,0,0,1,0,차대차 - 측면직각충돌,안전운전불이행,건조,맑음,교차로 - 교차로부근,기타불명,기타불명,기타불명,기타불명,승용,여,49세,경상
2015082000100063,2015년 8월 20일 05시,목요일,인천광역시 남구 주안동,중상사고,0,1,0,0,차대사람 - 횡단중,안전운전불이행,건조,맑음,단일로 - 기타,승용,남,71세,상해없음,보행자,남,55세,중상
2015082000100064,2015년 8월 20일 05시,목요일,인천광역시 남동구 구월동,부상신고사고,0,0,0,1,차대차 - 기타,중앙선침범,건조,맑음,단일로 - 기타,승용,남,46세,상해없음,농기계,남,37세,부상신고
2015082000100065,2015년 8월 20일 05시,목요일,인천광역시 서구 당하동,경상사고,0,0,1,0,차대차 - 측면직각충돌,신호위반,건조,맑음,교차로 - 교차로안,승용,여,54세,상해없음,승합,남,49세,경상
2015082000100066,2015년 8월 20일 05시,목요일,인천광역시 연수구 옥련동,중상사고,0,1,0,0,차대차 - 측면직각충돌,안전운전불이행,건조,맑음,단일로 - 횡단보도상,승용,남,72세,상해없음,자전거,남,65세,중상
2015082000100106,2015년 8월 20일 07시,목요일,인천광역시 남구 도화동,경상사고,0,0,2,0,차대차 - 기타,교차로운행방법위반,건조,맑음,교차로 - 교차로안,승용,여,56세,경상,건설기계,남,55세,경상
2015082000100107,2015년 8월 20일 07시,목요일,인천광역시 서구 왕길동,경상사고,0,0,1,0,차대차 - 측면직각충돌,신호위반,건조,맑음,교차로 - 교차로안,승용,남,59세,상해없음,승용,남,50세,상해없음
2015082000100108,2015년 8월 20일 07시,목요일,인천광역시 서구 왕길동,경상사고,0,0,1,0,차대차 - 추돌 - 진행중,안전운전불이행,건조,맑음,교차로 - 교차로안,승용,여,51세,상해없음,승용,남,32세,경상
2015082000100109,2015년 8월 20일 07시,목요일,인천광역시 계양구 임학동,경상사고,0,0,2,0,차대차 - 측면직각충돌,신호위반,건조,맑음,교차로 - 교차로안,화물,남,66세,상해없음,승합,남,47세,경상
2015082000100210,2015년 8월 20일 10시,목요일,인천광역시 부평구 산곡동,경상사고,0,0,1,0,차대차 - 측면직각충돌,안전운전불이행,건조,맑음,단일로 - 기타,승용,여,44세,상해없음,자전거,남,78세,경상
2015082000100211,2015년 8월 20일 10시,목요일,인천광역시 계양구 목상동,경상사고,0,0,1,0,차대사람 - 횡단중,안전운전불이행,건조,맑음,단일로 - 기타,기타불명,기타불명,기타불명,기타불명,보행자,여,57세,경상
2015082000100238,2015년 8월 20일 11시,목요일,인천광역시 계양구 계산동,경상사고,0,0,1,0,차대차 - 추돌 - 주정차중,안전운전불이행,습기,흐림,단일로 - 기타,화물,남,39세,상해없음,승용,여,56세,상해없음
2015082000100239,2015년 8월 20일 11시,목요일,인천광역시 연수구 옥련동,경상사고,0,0,1,0,차대차 - 기타,안전운전불이행,건조,맑음,단일로 - 기타,승용,남,29세,상해없음,화물,남,27세,경상
2015082000100269,2015년 8월 20일 12시,목요일,인천광역시 중구 운서동,중상사고,0,1,1,0,차대차 - 측면직각충돌,신호위반,건조,맑음,교차로 - 교차로안,승용,남,63세,경상,승용,여,54세,중상
2015082000100305,2015년 8월 20일 13시,목요일,인천광역시 남구 주안동,중상사고,0,1,0,0,차대차 - 측면직각충돌,신호위반,건조,맑음,교차로 - 교차로안,승용,여,63세,상해없음,승용,여,56세,중상
2015082000100378,2015년 8월 20일 15시,목요일,인천광역시 강화군 강화읍,부상신고사고,0,0,0,1,차대차 - 추돌 - 진행중,안전운전불이행,습기,흐림,단일로 - 기타,원동기,남,79세,부상신고,승용,남,80세,상해없음
2015082000100417,2015년 8월 20일 16시,목요일,인천광역시 남구 주안동,중상사고,0,1,1,0,차대차 - 측면직각충돌,안전운전불이행,건조,맑음,단일로 - 기타,승용,남,21세,상해없음,승용,여,61세,중상
2015082000100418,2015년 8월 20일 16시,목요일,인천광역시 서구 당하동,경상사고,0,0,1,0,차대사람 - 기타,안전운전불이행,건조,맑음,단일로 - 기타,승용,여,40세,상해없음,보행자,여,65세,경상
2015082000100453,2015년 8월 20일 17시,목요일,인천광역시 남구 숭의동,경상사고,0,0,1,0,차대차 - 기타,안전운전불이행,기타,맑음,단일로 - 기타,승용,남,60세,상해없음,승용,남,40세,경상
2015082000100454,2015년 8월 20일 17시,목요일,인천광역시 남구 문학동,경상사고,0,0,1,0,차대차 - 측면직각충돌,안전운전불이행,건조,맑음,단일로 - 기타,승용,여,23세,경상,승용,남,57세,상해없음
2015082000100494,2015년 8월 20일 18시,목요일,인천광역시 남구 용현동,중상사고,0,4,4,0,차대차 - 기타,신호위반,건조,흐림,교차로 - 교차로안,화물,남,72세,상해없음,승용,여,58세,중상
2015082000100495,2015년 8월 20일 18시,목요일,인천광역시 서구 심곡동,경상사고,0,0,2,0,차대차 - 추돌 - 진행중,안전운전불이행,건조,맑음,단일로 - 기타,화물,남,58세,상해없음,승용,여,66세,경상
2015082000100522,2015년 8월 20일 19시,목요일,인천광역시 부평구 부평동,중상사고,0,1,2,0,차대차 - 측면직각충돌,안전운전불이행,건조,맑음,교차로 - 교차로안,승용,여,45세,상해없음,승용,남,57세,중상
2015082000100566,2015년 8월 20일 20시,목요일,인천광역시 부평구 삼산동,중상사고,0,1,1,0,차대차 - 정면충돌,신호위반,건조,흐림,교차로 - 교차로안,승합,여,59세,기타불명,승용,남,64세,경상
2015082000100658,2015년 8월 20일 23시,목요일,인천광역시 남동구 만수동,중상사고,0,1,0,0,차대사람 - 기타,과속,건조,맑음,단일로 - 기타,승용,남,61세,상해없음,보행자,여,45세,중상
2015082100100022,2015년 8월 21일 00시,금요일,인천광역시 남동구 만수동,중상사고,0,1,1,0,차대차 - 추돌 - 주정차중,안전운전불이행,건조,맑음,단일로 - 기타,승용,남,41세,상해없음,승용,여,52세,중상
2015082100100023,2015년 8월 21일 00시,금요일,인천광역시 연수구 청학동,경상사고,0,0,1,0,차대차 - 기타,안전운전불이행,건조,맑음,단일로 - 기타,승용,남,46세,상해없음,자전거,남,41세,경상
2015082100100043,2015년 8월 21일 01시,금요일,인천광역시 계양구 임학동,중상사고,0,1,0,0,차대차 - 추돌 - 주정차중,안전운전불이행,건조,흐림,교차로 - 교차로부근,승용,남,36세,상해없음,이륜,남,21세,중상
2015082100100120,2015년 8월 21일 06시,금요일,인천광역시 계양구 계산동,경상사고,0,0,1,0,차대차 - 기타,교차로운행방법위반,건조,맑음,교차로 - 교차로안,승용,남,62세,상해없음,이륜,남,58세,경상
2015082100100177,2015년 8월 21일 08시,금요일,인천광역시 남동구 구월동,경상사고,0,0,1,0,차대차 - 추돌 - 주정차중,안전거리미확보,건조,맑음,단일로 - 기타,화물,남,59세,상해없음,승용,남,42세,경상
2015082100100178,2015년 8월 21일 08시,금요일,인천광역시 남동구 논현동,경상사고,0,0,1,0,차대사람 - 횡단중,보행자보호의무위반,습기,비,단일로 - 횡단보도상,화물,남,51세,상해없음,보행자,남,42세,경상
2015082100100179,2015년 8월 21일 08시,금요일,인천광역시 서구 가좌동,경상사고,0,0,4,0,차량단독 - 기타,안전운전불이행,건조,맑음,단일로 - 기타,승용,남,52세,기타불명,,,,
2015082100100180,2015년 8월 21일 08시,금요일,인천광역시 서구 석남동,경상사고,0,0,1,0,차대사람 - 횡단중,안전운전불이행,습기,비,단일로 - 기타,승용,기타불명,기타불명,기타불명,보행자,여,16세,경상
2015082100100214,2015년 8월 21일 09시,금요일,인천광역시 남동구 만수동,경상사고,0,0,1,0,차대차 - 측면직각충돌,차로위반,건조,맑음,단일로 - 기타,승용,남,42세,상해없음,승용,남,29세,경상
2015082100100215,2015년 8월 21일 09시,금요일,인천광역시 부평구 갈산동,경상사고,0,0,1,0,차대차 - 측면직각충돌,교차로운행방법위반,습기,비,교차로 - 교차로안,승용,남,37세,상해없음,자전거,여,43세,경상
2015082100100243,2015년 8월 21일 10시,금요일,인천광역시 남구 주안동,경상사고,0,0,1,0,차대차 - 기타,안전운전불이행,건조,맑음,단일로 - 기타,기타불명,기타불명,기타불명,기타불명,승합,남,65세,상해없음
2015082100100244,2015년 8월 21일 10시,금요일,인천광역시 서구 가정동,경상사고,0,0,1,0,차대차 - 측면직각충돌,중앙선침범,습기,비,단일로 - 기타,승용,남,46세,상해없음,승용,남,38세,경상
2015082100100274,2015년 8월 21일 11시,금요일,인천광역시 강화군 강화읍,중상사고,0,1,0,0,차대사람 - 보도통행중,기타,건조,맑음,단일로 - 기타,승용,남,67세,상해없음,보행자,여,63세,중상
2015082100100275,2015년 8월 21일 11시,금요일,인천광역시 연수구 동춘동,중상사고,0,1,0,0,차대사람 - 차도통행중,안전운전불이행,건조,맑음,교차로 - 교차로부근,승용,여,35세,상해없음,보행자,여,54세,중상
2015082100100276,2015년 8월 21일 11시,금요일,인천광역시 부평구 부평동,중상사고,0,1,0,0,차대차 - 측면직각충돌,중앙선침범,건조,흐림,단일로 - 기타,화물,남,24세,상해없음,이륜,남,42세,중상
2015082100100298,2015년 8월 21일 12시,금요일,인천광역시 부평구 청천동,중상사고,0,1,0,0,차대차 - 기타,안전운전불이행,건조,맑음,교차로 - 교차로안,승용,남,29세,상해없음,자전거,남,66세,중상
2015082100100355,2015년 8월 21일 14시,금요일,인천광역시 남동구 간석동,경상사고,0,0,1,0,차대차 - 측면직각충돌,안전거리미확보,건조,맑음,단일로 - 기타,승용,남,69세,상해없음,승용,남,43세,경상
2015082100100393,2015년 8월 21일 15시,금요일,인천광역시 남구 용현동,경상사고,0,0,1,0,차대차 - 기타,안전거리미확보,건조,맑음,교차로 - 교차로부근,화물,남,56세,상해없음,승합,남,54세,상해없음
2015082100100433,2015년 8월 21일 16시,금요일,인천광역시 남구 주안동,경상사고,0,0,1,0,차대차 - 측면직각충돌,안전운전불이행,건조,맑음,단일로 - 횡단보도상,승용,남,47세,상해없음,자전거,남,11세,경상
2015082100100434,2015년 8월 21일 16시,금요일,인천광역시 서구 가정동,경상사고,0,0,1,0,차대차 - 기타,교차로운행방법위반,건조,맑음,교차로 - 교차로안,건설기계,남,34세,상해없음,승용,여,32세,경상
2015082100100435,2015년 8월 21일 16시,금요일,인천광역시 서구 왕길동,경상사고,0,0,1,0,차대차 - 기타,안전운전불이행,건조,맑음,단일로 - 기타,승용,남,39세,상해없음,승용,여,54세,경상
2015082100100474,2015년 8월 21일 17시,금요일,인천광역시 계양구 장기동,중상사고,0,1,0,0,차대사람 - 횡단중,안전운전불이행,건조,맑음,단일로 - 기타,승용,여,57세,상해없음,보행자,남,12세,중상
2015082100100513,2015년 8월 21일 18시,금요일,인천광역시 서구 검암동,경상사고,0,0,1,0,차대사람 - 횡단중,신호위반,건조,맑음,단일로 - 횡단보도상,승용,남,54세,상해없음,보행자,남,17세,경상
2015082100100547,2015년 8월 21일 19시,금요일,인천광역시 중구 운서동,중상사고,0,3,1,0,차대차 - 측면직각충돌,안전운전불이행,건조,맑음,교차로 - 교차로안,승용,남,51세,상해없음,승용,남,40세,경상
2015082100100548,2015년 8월 21일 19시,금요일,인천광역시 남동구 도림동,경상사고,0,0,1,1,차대차 - 추돌 - 진행중,신호위반,건조,맑음,교차로 - 교차로안,승용,남,34세,상해없음,승용,남,33세,경상
2015082100100549,2015년 8월 21일 19시,금요일,인천광역시 서구 연희동,부상신고사고,0,0,0,1,차대차 - 측면직각충돌,안전운전불이행,건조,맑음,교차로 - 교차로부근,원동기,남,20세,부상신고,승용,남,38세,상해없음
2015082100100591,2015년 8월 21일 20시,금요일,인천광역시 서구 가좌동,중상사고,0,1,0,0,차대차 - 기타,안전운전불이행,건조,맑음,단일로 - 기타,승용,남,60세,상해없음,승용,여,41세,중상
2015082100100630,2015년 8월 21일 21시,금요일,인천광역시 계양구 임학동,중상사고,0,2,0,0,차대사람 - 횡단중,안전운전불이행,건조,맑음,단일로 - 기타,이륜,남,20세,중상,보행자,여,42세,중상
2015082100100631,2015년 8월 21일 21시,금요일,인천광역시 부평구 부평동,중상사고,0,1,0,0,차대차 - 정면충돌,중앙선침범,건조,맑음,교차로 - 교차로안,원동기,남,18세,상해없음,원동기,남,19세,중상
2015082100100666,2015년 8월 21일 22시,금요일,인천광역시 남구 도화동,경상사고,0,0,2,0,차대차 - 정면충돌,중앙선침범,건조,맑음,미분류 - 미분류,승용,남,78세,상해없음,승용,여,53세,경상
2015082100100667,2015년 8월 21일 22시,금요일,인천광역시 서구 검암동,중상사고,0,1,1,0,차대차 - 추돌 - 진행중,안전거리미확보,건조,맑음,교차로 - 교차로안,승용,남,51세,상해없음,승용,여,48세,중상
2015082200100039,2015년 8월 22일 01시,토요일,인천광역시 남구 주안동,중상사고,0,1,0,0,차대사람 - 기타,안전운전불이행,건조,맑음,교차로 - 교차로부근,승용,남,20세,상해없음,보행자,남,26세,중상
2015082200100040,2015년 8월 22일 01시,토요일,인천광역시 남동구 만수동,경상사고,0,0,2,0,차대차 - 측면직각충돌,신호위반,건조,맑음,교차로 - 교차로안,승용,남,35세,상해없음,승용,남,19세,경상
2015082200100041,2015년 8월 22일 01시,토요일,인천광역시 계양구 서운동,경상사고,0,0,3,0,차대차 - 기타,안전운전불이행,건조,맑음,단일로 - 기타,승용,남,53세,상해없음,승용,남,23세,상해없음
2015082200100055,2015년 8월 22일 02시,토요일,인천광역시 남구 용현동,중상사고,0,1,0,0,차대사람 - 횡단중,안전운전불이행,건조,맑음,단일로 - 기타,승용,남,56세,상해없음,보행자,남,57세,중상
2015082200100056,2015년 8월 22일 02시,토요일,인천광역시 서구 원창동,사망사고,1,0,1,0,차대차 - 추돌 - 주정차중,안전운전불이행,건조,맑음,단일로 - 횡단보도부근,화물,남,45세,사망,화물,남,56세,경상
2015082200100057,2015년 8월 22일 02시,토요일,인천광역시 서구 심곡동,경상사고,0,0,1,0,차대사람 - 기타,안전운전불이행,건조,맑음,교차로 - 교차로안,승합,남,59세,상해없음,보행자,남,36세,경상
2015082200100081,2015년 8월 22일 04시,토요일,인천광역시 부평구 부평동,경상사고,0,0,2,0,차대차 - 추돌 - 주정차중,안전거리미확보,건조,맑음,단일로 - 기타,승용,여,43세,상해없음,승용,남,45세,경상
2015082200100156,2015년 8월 22일 08시,토요일,인천광역시 남구 숭의동,경상사고,0,0,1,0,차대차 - 측면직각충돌,안전운전불이행,건조,맑음,기타 - 기타,승용,남,61세,상해없음,승용,여,49세,경상
2015082200100157,2015년 8월 22일 08시,토요일,인천광역시 연수구 송도동,경상사고,0,0,1,0,차대사람 - 기타,기타,건조,맑음,단일로 - 기타,승합,남,52세,상해없음,보행자,남,13세,경상
2015082200100184,2015년 8월 22일 09시,토요일,인천광역시 서구 석남동,중상사고,0,1,0,0,차대차 - 측면직각충돌,불법유턴,건조,맑음,단일로 - 기타,승용,여,57세,상해없음,승용,여,53세,중상
2015082200100185,2015년 8월 22일 09시,토요일,인천광역시 계양구 동양동,중상사고,0,1,0,0,차대차 - 측면직각충돌,안전운전불이행,건조,맑음,단일로 - 기타,화물,남,61세,상해없음,자전거,남,65세,중상
2015082200100214,2015년 8월 22일 10시,토요일,인천광역시 서구 가정동,경상사고,0,0,2,0,차대차 - 추돌 - 진행중,안전운전불이행,건조,맑음,단일로 - 기타,승용,남,53세,상해없음,승용,남,63세,경상
2015082200100245,2015년 8월 22일 11시,토요일,인천광역시 부평구 갈산동,중상사고,0,1,0,0,차대사람 - 기타,안전운전불이행,건조,맑음,교차로 - 교차로안,화물,남,31세,상해없음,보행자,여,72세,중상
2015082200100280,2015년 8월 22일 12시,토요일,인천광역시 서구 가좌동,중상사고,0,1,3,0,차대차 - 측면직각충돌,중앙선침범,건조,맑음,단일로 - 기타,승용,남,50세,상해없음,승용,남,55세,중상
2015082200100314,2015년 8월 22일 13시,토요일,인천광역시 계양구 서운동,경상사고,0,0,1,0,차대사람 - 기타,안전운전불이행,건조,맑음,기타 - 기타,승용,남,58세,상해없음,보행자,남,36세,경상
2015082200100351,2015년 8월 22일 14시,토요일,인천광역시 남동구 만수동,경상사고,0,0,1,0,차대차 - 측면직각충돌,신호위반,건조,맑음,교차로 - 교차로안,화물,남,45세,상해없음,승용,남,56세,경상
2015082200100389,2015년 8월 22일 15시,토요일,인천광역시 남구 주안동,경상사고,0,0,1,0,차대사람 - 횡단중,신호위반,건조,맑음,단일로 - 횡단보도상,건설기계,남,48세,상해없음,보행자,남,21세,경상
2015082200100390,2015년 8월 22일 15시,토요일,인천광역시 부평구 부평동,경상사고,0,0,1,0,차대차 - 기타,안전운전불이행,건조,맑음,단일로 - 기타,승용,여,61세,상해없음,자전거,남,9세,경상
2015082200100425,2015년 8월 22일 16시,토요일,인천광역시 남구 관교동,중상사고,0,1,0,0,차대사람 - 횡단중,안전운전불이행,건조,맑음,교차로 - 교차로부근,승합,남,37세,상해없음,보행자,남,72세,중상
2015082200100426,2015년 8월 22일 16시,토요일,인천광역시 서구 가좌동,경상사고,0,0,1,0,차대차 - 추돌 - 진행중,안전운전불이행,건조,맑음,교차로 - 교차로부근,승용,남,24세,상해없음,승용,남,35세,상해없음
2015082200100427,2015년 8월 22일 16시,토요일,인천광역시 연수구 옥련동,중상사고,0,1,0,0,차대사람 - 차도통행중,안전운전불이행,건조,맑음,단일로 - 기타,승용,여,32세,상해없음,보행자,여,65세,중상
2015082200100461,2015년 8월 22일 17시,토요일,인천광역시 남동구 간석동,경상사고,0,0,1,0,차대차 - 측면직각충돌,교차로운행방법위반,건조,맑음,교차로 - 교차로안,승용,남,76세,상해없음,승용,남,43세,경상
2015082200100493,2015년 8월 22일 18시,토요일,인천광역시 남동구 고잔동,경상사고,0,0,1,0,차대차 - 측면직각충돌,중앙선침범,건조,맑음,단일로 - 기타,승용,남,35세,상해없음,승용,남,32세,경상
2015082200100525,2015년 8월 22일 19시,토요일,인천광역시 남동구 구월동,경상사고,0,0,1,0,차대차 - 추돌 - 주정차중,안전운전불이행,건조,맑음,단일로 - 기타,화물,남,54세,상해없음,승용,여,47세,경상
2015082200100591,2015년 8월 22일 21시,토요일,인천광역시 남구 주안동,경상사고,0,0,1,0,차대차 - 기타,안전운전불이행,건조,맑음,교차로 - 교차로안,승용,남,51세,상해없음,원동기,남,26세,경상
2015082200100592,2015년 8월 22일 21시,토요일,인천광역시 남동구 장수동,경상사고,0,0,1,0,차대차 - 정면충돌,중앙선침범,건조,맑음,교차로 - 교차로안,승용,남,59세,상해없음,승용,남,27세,경상
2015082200100615,2015년 8월 22일 22시,토요일,인천광역시 남동구 만수동,경상사고,0,0,1,0,차대사람 - 횡단중,안전운전불이행,건조,맑음,교차로 - 교차로안,화물,남,45세,상해없음,보행자,여,49세,경상
2015082200100645,2015년 8월 22일 23시,토요일,인천광역시 부평구 청천동,중상사고,0,2,0,0,차대차 - 측면직각충돌,안전운전불이행,건조,맑음,교차로 - 교차로안,승용,남,35세,상해없음,승용,남,31세,중상
2015082300100022,2015년 8월 23일 00시,일요일,인천광역시 중구 북성동1가,중상사고,0,2,0,1,차대차 - 추돌 - 주정차중,과속,건조,맑음,단일로 - 기타,승용,남,33세,부상신고,승용,남,44세,중상
2015082300100023,2015년 8월 23일 00시,일요일,인천광역시 남동구 남촌동,중상사고,0,1,1,0,차대차 - 측면직각충돌,신호위반,건조,맑음,교차로 - 교차로안,승용,남,50세,상해없음,승용,남,43세,중상
2015082300100056,2015년 8월 23일 02시,일요일,인천광역시 서구 가정동,중상사고,0,1,1,0,차대차 - 기타,안전운전불이행,건조,맑음,교차로 - 교차로부근,이륜,남,16세,상해없음,이륜,남,19세,중상
2015082300100077,2015년 8월 23일 04시,일요일,인천광역시 계양구 작전동,중상사고,0,1,1,0,차대사람 - 기타,안전운전불이행,건조,맑음,단일로 - 횡단보도상,승용,남,59세,상해없음,보행자,남,19세,중상
2015082300100092,2015년 8월 23일 05시,일요일,인천광역시 남동구 만수동,경상사고,0,0,2,0,차대차 - 측면직각충돌,중앙선침범,건조,맑음,교차로 - 교차로안,자전거,남,67세,경상,이륜,남,21세,경상
2015082300100104,2015년 8월 23일 06시,일요일,인천광역시 동구 송현동,중상사고,0,1,0,0,차대차 - 기타,안전운전불이행,건조,맑음,단일로 - 기타,자전거,남,73세,중상,화물,남,64세,상해없음
2015082300100105,2015년 8월 23일 06시,일요일,인천광역시 서구 왕길동,사망사고,1,0,0,0,차대차 - 기타,과속,건조,맑음,교차로 - 교차로안,승용,남,69세,상해없음,자전거,남,73세,사망
2015082300100143,2015년 8월 23일 09시,일요일,인천광역시 남동구 장수동,경상사고,0,0,2,0,차대차 - 측면직각충돌,안전거리미확보,건조,맑음,단일로 - 기타,승용,여,46세,상해없음,승용,여,53세,경상
2015082300100144,2015년 8월 23일 09시,일요일,인천광역시 서구 가정동,중상사고,0,1,1,0,차대차 - 추돌 - 진행중,안전운전불이행,건조,맑음,단일로 - 기타,승용,기타불명,33세,기타불명,승용,남,71세,중상
2015082300100183,2015년 8월 23일 11시,일요일,인천광역시 서구 검암동,중상사고,0,2,0,0,차대차 - 측면직각충돌,신호위반,건조,맑음,교차로 - 교차로안,승용,여,45세,상해없음,승용,남,30세,중상
2015082300100184,2015년 8월 23일 11시,일요일,인천광역시 연수구 동춘동,경상사고,0,0,4,0,차대차 - 추돌 - 주정차중,안전운전불이행,건조,맑음,교차로 - 교차로부근,승용,남,26세,상해없음,승용,남,39세,경상
2015082300100303,2015년 8월 23일 15시,일요일,인천광역시 남구 관교동,경상사고,0,0,2,0,차대차 - 기타,안전운전불이행,건조,맑음,단일로 - 기타,승용,남,43세,상해없음,승용,남,30세,경상
2015082300100304,2015년 8월 23일 15시,일요일,인천광역시 남동구 구월동,중상사고,0,1,0,0,차대사람 - 횡단중,안전운전불이행,건조,맑음,단일로 - 기타,원동기,남,29세,상해없음,보행자,남,53세,중상
2015082300100305,2015년 8월 23일 15시,일요일,인천광역시 서구 마전동,경상사고,0,0,1,0,차량단독 - 전도전복,안전운전불이행,건조,맑음,단일로 - 기타,원동기,남,23세,경상,,,,
2015082300100337,2015년 8월 23일 16시,일요일,인천광역시 서구 검암동,경상사고,0,0,1,0,차대차 - 측면직각충돌,안전운전불이행,건조,맑음,기타 - 기타,자전거,남,43세,상해없음,자전거,남,29세,경상
2015082300100338,2015년 8월 23일 16시,일요일,인천광역시 서구 경서동,경상사고,0,0,1,0,차대차 - 측면직각충돌,신호위반,건조,맑음,교차로 - 교차로안,승용,여,32세,상해없음,승용,남,54세,경상
2015082300100380,2015년 8월 23일 17시,일요일,인천광역시 남동구 구월동,중상사고,0,1,0,0,차대사람 - 기타,안전운전불이행,건조,맑음,단일로 - 기타,이륜,남,23세,상해없음,보행자,여,69세,중상
2015082300100381,2015년 8월 23일 17시,일요일,인천광역시 계양구 계산동,중상사고,0,1,0,0,차대차 - 측면직각충돌,안전운전불이행,건조,맑음,단일로 - 기타,승용,남,27세,상해없음,이륜,남,35세,중상
2015082300100441,2015년 8월 23일 19시,일요일,인천광역시 남구 주안동,중상사고,0,1,1,0,차대차 - 측면직각충돌,신호위반,건조,맑음,교차로 - 교차로안,승합,남,50세,경상,이륜,남,32세,중상
2015082300100442,2015년 8월 23일 19시,일요일,인천광역시 남동구 만수동,경상사고,0,0,1,0,차대사람 - 보도통행중,안전운전불이행,건조,맑음,단일로 - 기타,기타불명,기타불명,기타불명,기타불명,보행자,여,18세,경상
2015082300100443,2015년 8월 23일 19시,일요일,인천광역시 계양구 병방동,중상사고,0,1,0,0,차대사람 - 횡단중,중앙선침범,건조,맑음,단일로 - 횡단보도부근,승용,여,52세,상해없음,보행자,남,14세,중상
2015082300100480,2015년 8월 23일 20시,일요일,인천광역시 부평구 부평동,부상신고사고,0,0,0,1,차대사람 - 기타,안전운전불이행,건조,맑음,교차로 - 교차로부근,승용,남,36세,상해없음,보행자,여,62세,부상신고
2015082300100509,2015년 8월 23일 21시,일요일,인천광역시 옹진군 영흥면,중상사고,0,1,0,0,차량단독 - 공작물충돌,안전운전불이행,건조,맑음,단일로 - 기타,승용,남,31세,중상,,,,
2015082300100510,2015년 8월 23일 21시,일요일,인천광역시 강화군 강화읍,경상사고,0,0,2,0,차대차 - 추돌 - 주정차중,안전운전불이행,건조,맑음,단일로 - 기타,승용,남,34세,상해없음,승용,남,45세,경상
2015082300100538,2015년 8월 23일 22시,일요일,인천광역시 서구 오류동,중상사고,0,1,0,0,차대차 - 측면직각충돌,안전운전불이행,건조,맑음,교차로 - 교차로안,승용,남,29세,상해없음,승용,남,45세,중상
2015082300100554,2015년 8월 23일 23시,일요일,인천광역시 계양구 계산동,경상사고,0,0,1,0,차대사람 - 기타,안전운전불이행,건조,맑음,단일로 - 기타,승용,남,34세,상해없음,보행자,여,56세,경상