사고번호,사고일시,요일,시군구,사고내용,사망자수,중상자수,경상자수,부상신고자수,사고유형,법규위반,노면상태,기상상태,도로형태,가해운전자 차종,가해운전자 성별,가해운전자 연령,가해운전자 상해정도,피해운전자 차종,피해운전자 성별,피해운전자 연령,피해운전자 상해정도
2015082400100016,2015년 8월 24일 00시,월요일,인천광역시 남구 주안동,부상신고사고,0,0,0,1,차대차 - 측면직각충돌,안전운전불이행,건조,맑음,단일로 - 기타,승용,남,52세,부상신고,승용,남,49세,상해없음
2015082400100025,2015년 8월 24일 01시,월요일,인천광역시 부평구 청천동,중상사고,0,1,0,0,차대차 - 기타,신호위반,건조,맑음,교차로 - 교차로안,이륜,남,14세,중상,승용,남,36세,상해없음
2015082400100032,2015년 8월 24일 02시,월요일,인천광역시 중구 운서동,중상사고,0,2,0,0,차대차 - 추돌 - 주정차중,안전운전불이행,건조,맑음,단일로 - 기타,승용,남,47세,중상,특수,남,25세,상해없음
2015082400100087,2015년 8월 24일 07시,월요일,인천광역시 남동구 남촌동,중상사고,0,1,0,0,차대차 - 기타,안전운전불이행,건조,맑음,교차로 - 교차로부근,승용,남,47세,상해없음,자전거,남,37세,중상
2015082400100128,2015년 8월 24일 08시,월요일,인천광역시 남구 학익동,경상사고,0,0,1,0,차대차 - 기타,안전운전불이행,건조,맑음,단일로 - 기타,화물,남,46세,상해없음,승용,남,55세,경상
2015082400100129,2015년 8월 24일 08시,월요일,인천광역시 남동구 논현동,경상사고,0,0,3,0,차대차 - 정면충돌,신호위반,건조,맑음,교차로 - 교차로안,승용,여,42세,상해없음,승용,남,66세,경상
2015082400100130,2015년 8월 24일 08시,월요일,인천광역시 남동구 간석동,경상사고,0,0,1,0,차대차 - 추돌 - 주정차중,안전운전불이행,건조,맑음,단일로 - 기타,승용,남,20세,상해없음,승용,남,62세,경상
2015082400100131,2015년 8월 24일 08시,월요일,인천광역시 서구 불로동,경상사고,0,0,1,0,차대차 - 정면충돌,중앙선침범,건조,맑음,단일로 - 기타,승용,여,54세,상해없음,승용,여,52세,경상
2015082400100132,2015년 8월 24일 08시,월요일,인천광역시 서구 가정동,경상사고,0,0,2,0,차대차 - 추돌 - 진행중,안전운전불이행,건조,맑음,단일로 - 기타,승용,남,52세,상해없음,승용,여,68세,경상
2015082400100133,2015년 8월 24일 08시,월요일,인천광역시 서구 석남동,경상사고,0,0,1,0,차대사람 - 길가장자리구역통행중,안전운전불이행,건조,맑음,단일로 - 기타,승용,여,47세,기타불명,보행자,여,18세,경상
2015082400100163,2015년 8월 24일 09시,월요일,인천광역시 동구 송현동,경상사고,0,0,1,0,차대사람 - 기타,안전운전불이행,건조,맑음,단일로 - 기타,화물,남,54세,상해없음,보행자,남,48세,경상
2015082400100190,2015년 8월 24일 10시,월요일,인천광역시 중구 신흥동3가,경상사고,0,0,1,0,차대차 - 추돌 - 주정차중,안전운전불이행,건조,맑음,교차로 - 교차로부근,특수,남,49세,상해없음,승용,남,69세,경상
2015082400100191,2015년 8월 24일 10시,월요일,인천광역시 부평구 부평동,중상사고,0,1,0,0,차대차 - 기타,안전운전불이행,건조,맑음,교차로 - 교차로부근,승합,여,50세,상해없음,자전거,남,86세,중상
2015082400100192,2015년 8월 24일 10시,월요일,인천광역시 남동구 구월동,중상사고,0,1,0,0,차대사람 - 횡단중,안전운전불이행,건조,맑음,교차로 - 교차로안,승용,여,35세,상해없음,보행자,여,44세,중상
2015082400100193,2015년 8월 24일 10시,월요일,인천광역시 계양구 방축동,경상사고,0,0,2,0,차대차 - 기타,안전운전불이행,습기,비,단일로 - 기타,승합,남,50세,상해없음,승합,남,45세,경상
2015082400100221,2015년 8월 24일 11시,월요일,인천광역시 남동구 구월동,경상사고,0,0,1,0,차대사람 - 기타,안전운전불이행,건조,맑음,단일로 - 기타,승용,남,52세,상해없음,보행자,남,33세,경상
2015082400100254,2015년 8월 24일 12시,월요일,인천광역시 남동구 만수동,경상사고,0,0,4,0,차대차 - 추돌 - 진행중,안전운전불이행,건조,맑음,단일로 - 기타,건설기계,남,65세,상해없음,승용,남,41세,경상
2015082400100282,2015년 8월 24일 13시,월요일,인천광역시 계양구 장기동,중상사고,0,3,14,1,차대차 - 추돌 - 주정차중,안전운전불이행,건조,맑음,단일로 - 기타,승합,남,47세,상해없음,승합,남,41세,경상
2015082400100313,2015년 8월 24일 14시,월요일,인천광역시 연수구 옥련동,중상사고,0,1,0,0,차대차 - 기타,기타,건조,맑음,단일로 - 기타,기타불명,기타불명,기타불명,기타불명,자전거,여,14세,중상
2015082400100314,2015년 8월 24일 14시,월요일,인천광역시 남동구 논현동,경상사고,0,0,1,0,차대차 - 추돌 - 진행중,안전운전불이행,건조,맑음,단일로 - 기타,화물,남,54세,상해없음,승용,여,57세,경상
2015082400100355,2015년 8월 24일 15시,월요일,인천광역시 부평구 십정동,중상사고,0,1,1,0,차대차 - 측면직각충돌,안전거리미확보,건조,맑음,단일로 - 기타,승용,남,55세,상해없음,원동기,남,16세,중상
2015082400100468,2015년 8월 24일 18시,월요일,인천광역시 남동구 간석동,중상사고,0,1,0,0,차대사람 - 보도통행중,안전운전불이행,건조,맑음,단일로 - 기타,승용,남,20세,상해없음,보행자,여,60세,중상
2015082400100469,2015년 8월 24일 18시,월요일,인천광역시 서구 마전동,경상사고,0,0,1,0,차대차 - 기타,신호위반,건조,맑음,교차로 - 교차로부근,승합,남,47세,상해없음,자전거,남,13세,경상
2015082400100470,2015년 8월 24일 18시,월요일,인천광역시 서구 연희동,경상사고,0,0,2,0,차대사람 - 기타,안전운전불이행,건조,맑음,단일로 - 기타,화물,남,54세,상해없음,보행자,여,19세,경상
2015082400100507,2015년 8월 24일 19시,월요일,인천광역시 연수구 송도동,경상사고,0,0,1,0,차대차 - 측면직각충돌,신호위반,건조,맑음,교차로 - 교차로안,승용,남,24세,상해없음,승용,남,42세,경상
2015082400100546,2015년 8월 24일 20시,월요일,인천광역시 남구 주안동,경상사고,0,0,1,2,차대차 - 기타,안전운전불이행,건조,맑음,단일로 - 기타,승용,여,55세,상해없음,승용,여,38세,경상
2015082400100571,2015년 8월 24일 21시,월요일,인천광역시 남동구 논현동,경상사고,0,0,1,0,차대차 - 측면직각충돌,안전운전불이행,건조,맑음,단일로 - 기타,승용,남,45세,상해없음,자전거,남,25세,경상
2015082500100043,2015년 8월 25일 01시,화요일,인천광역시 서구 불로동,경상사고,0,0,1,0,차대사람 - 보도통행중,안전운전불이행,건조,맑음,단일로 - 기타,승용,기타불명,기타불명,기타불명,보행자,남,50세,경상
2015082500100060,2015년 8월 25일 03시,화요일,인천광역시 남동구 도림동,경상사고,0,0,1,0,차대차 - 추돌 - 주정차중,안전운전불이행,건조,맑음,단일로 - 기타,승용,남,27세,상해없음,승용,남,37세,경상
2015082500100075,2015년 8월 25일 05시,화요일,인천광역시 연수구 송도동,사망사고,1,0,0,0,차량단독 - 공작물충돌,안전운전불이행,습기,비,단일로 - 기타,이륜,여,20세,사망,,,,
2015082500100112,2015년 8월 25일 07시,화요일,인천광역시 남구 도화동,경상사고,0,0,1,0,차대차 - 추돌 - 주정차중,안전운전불이행,적설,비,단일로 - 기타,승용,남,54세,상해없음,승용,남,67세,경상
2015082500100113,2015년 8월 25일 07시,화요일,인천광역시 부평구 십정동,경상사고,0,0,3,0,차대차 - 측면직각충돌,안전운전불이행,습기,비,교차로 - 교차로안,승용,남,48세,상해없음,승용,남,56세,경상
2015082500100114,2015년 8월 25일 07시,화요일,인천광역시 연수구 청학동,경상사고,0,0,1,0,차대차 - 추돌 - 진행중,안전운전불이행,습기,비,단일로 - 기타,승용,여,48세,상해없음,승용,여,57세,경상
2015082500100180,2015년 8월 25일 09시,화요일,인천광역시 남동구 남촌동,중상사고,0,1,0,0,차대사람 - 기타,안전운전불이행,습기,비,단일로 - 기타,승용,여,42세,상해없음,보행자,여,21세,중상
2015082500100181,2015년 8월 25일 09시,화요일,인천광역시 남동구 구월동,경상사고,0,0,1,1,차대차 - 측면직각충돌,신호위반,건조,맑음,교차로 - 교차로안,승용,남,63세,상해없음,승용,남,68세,경상
2015082500100182,2015년 8월 25일 09시,화요일,인천광역시 연수구 동춘동,중상사고,0,1,0,0,차대사람 - 횡단중,중앙선침범,건조,맑음,단일로 - 기타,승용,남,64세,상해없음,보행자,여,59세,중상
2015082500100221,2015년 8월 25일 10시,화요일,인천광역시 서구 백석동,경상사고,0,0,1,0,차대차 - 기타,신호위반,습기,흐림,단일로 - 기타,승용,여,53세,상해없음,승용,남,59세,경상
2015082500100222,2015년 8월 25일 10시,화요일,인천광역시 서구 연희동,경상사고,0,0,2,0,차대차 - 측면직각충돌,신호위반,습기,비,교차로 - 교차로안,승용,여,57세,경상,승용,남,45세,상해없음
2015082500100244,2015년 8월 25일 11시,화요일,인천광역시 계양구 계산동,중상사고,0,2,0,0,차대차 - 추돌 - 주정차중,안전운전불이행,건조,맑음,단일로 - 기타,화물,남,64세,상해없음,승용,남,36세,중상
2015082500100311,2015년 8월 25일 13시,화요일,인천광역시 남동구 구월동,중상사고,0,3,1,1,차대차 - 측면직각충돌,교차로운행방법위반,건조,맑음,단일로 - 기타,승용,여,30세,상해없음,승용,남,32세,부상신고
2015082500100343,2015년 8월 25일 14시,화요일,인천광역시 중구 신흥동2가,경상사고,0,0,1,0,차대사람 - 횡단중,안전운전불이행,건조,맑음,교차로 - 교차로부근,화물,남,40세,상해없음,보행자,여,63세,경상
2015082500100344,2015년 8월 25일 14시,화요일,인천광역시 남구 용현동,경상사고,0,0,2,0,차대차 - 기타,안전운전불이행,건조,맑음,교차로 - 교차로안,승용,여,62세,상해없음,승용,여,27세,경상
2015082500100383,2015년 8월 25일 15시,화요일,인천광역시 남구 학익동,경상사고,0,0,1,0,차대차 - 기타,안전운전불이행,기타,맑음,단일로 - 기타,승용,여,46세,상해없음,승용,남,35세,경상
2015082500100384,2015년 8월 25일 15시,화요일,인천광역시 부평구 삼산동,경상사고,0,0,2,0,차대차 - 추돌 - 주정차중,안전운전불이행,습기,비,교차로 - 교차로부근,승용,남,54세,상해없음,승용,여,48세,경상
2015082500100423,2015년 8월 25일 16시,화요일,인천광역시 동구 송현동,사망사고,1,0,0,0,차대차 - 기타,안전운전불이행,건조,맑음,교차로 - 교차로안,화물,남,41세,상해없음,자전거,남,60세,사망
2015082500100507,2015년 8월 25일 18시,화요일,인천광역시 부평구 청천동,부상신고사고,0,0,0,1,차대사람 - 기타,안전운전불이행,건조,맑음,단일로 - 기타,기타불명,기타불명,기타불명,기타불명,보행자,여,7세,부상신고
2015082500100508,2015년 8월 25일 18시,화요일,인천광역시 서구 왕길동,경상사고,0,0,1,0,차대차 - 정면충돌,중앙선침범,건조,맑음,교차로 - 교차로부근,승용,여,25세,기타불명,승용,남,39세,경상
2015082500100509,2015년 8월 25일 18시,화요일,인천광역시 서구 가정동,경상사고,0,0,3,0,차대차 - 측면직각충돌,안전거리미확보,건조,맑음,단일로 - 기타,승용,여,52세,경상,화물,남,30세,경상
2015082500100557,2015년 8월 25일 19시,화요일,인천광역시 남동구 구월동,경상사고,0,0,1,0,차대사람 - 보도통행중,보행자보호의무위반,습기,비,단일로 - 기타,화물,남,48세,상해없음,보행자,여,27세,경상
2015082500100558,2015년 8월 25일 19시,화요일,인천광역시 계양구 작전동,중상사고,0,1,0,0,차대사람 - 기타,안전운전불이행,건조,맑음,단일로 - 기타,화물,남,53세,상해없음,보행자,남,62세,중상
2015082500100559,2015년 8월 25일 19시,화요일,인천광역시 계양구 작전동,경상사고,0,0,2,0,차대차 - 측면직각충돌,안전거리미확보,습기,흐림,교차로 - 교차로부근,승합,남,56세,상해없음,승용,남,22세,경상
2015082500100606,2015년 8월 25일 20시,화요일,인천광역시 남동구 만수동,경상사고,0,0,1,0,차대사람 - 횡단중,안전운전불이행,습기,흐림,교차로 - 교차로안,승용,남,37세,상해없음,보행자,남,54세,경상
2015082500100607,2015년 8월 25일 20시,화요일,인천광역시 남동구 도림동,경상사고,0,0,1,0,차량단독 - 기타,안전운전불이행,건조,흐림,단일로 - 기타,승합,남,46세,상해없음,,,,
2015082500100608,2015년 8월 25일 20시,화요일,인천광역시 남동구 만수동,경상사고,0,0,1,0,차대사람 - 횡단중,안전운전불이행,건조,맑음,단일로 - 기타,승용,여,43세,상해없음,보행자,남,44세,경상
2015082500100645,2015년 8월 25일 21시,화요일,인천광역시 남동구 구월동,중상사고,0,1,0,0,차대차 - 추돌 - 주정차중,안전운전불이행,습기,흐림,단일로 - 기타,승용,남,26세,상해없음,승용,여,50세,중상
2015082500100646,2015년 8월 25일 21시,화요일,인천광역시 서구 가정동,경상사고,0,0,1,0,차대차 - 추돌 - 진행중,안전운전불이행,습기,흐림,교차로 - 교차로부근,승용,남,31세,상해없음,승용,여,46세,경상
2015082600100034,2015년 8월 26일 01시,수요일,인천광역시 서구 경서동,부상신고사고,0,0,0,1,차대차 - 추돌 - 주정차중,안전운전불이행,건조,맑음,단일로 - 기타,승용,남,36세,부상신고,승용,남,41세,상해없음
2015082600100035,2015년 8월 26일 01시,수요일,인천광역시 서구 원당동,중상사고,0,1,1,0,차량단독 - 전도전복,안전운전불이행,건조,맑음,단일로 - 기타,승용,여,37세,경상,,,,
2015082600100055,2015년 8월 26일 03시,수요일,인천광역시 남구 도화동,사망사고,1,0,0,0,차대차 - 추돌 - 주정차중,안전운전불이행,건조,맑음,교차로 - 교차로부근,승용,남,37세,사망,특수,남,63세,기타불명
2015082600100056,2015년 8월 26일 03시,수요일,인천광역시 계양구 작전동,중상사고,0,1,1,0,차대차 - 추돌 - 주정차중,안전운전불이행,건조,맑음,교차로 - 교차로부근,승용,남,30세,상해없음,승용,남,52세,중상
2015082600100060,2015년 8월 26일 04시,수요일,인천광역시 남구 학익동,중상사고,0,1,0,0,차대차 - 측면직각충돌,신호위반,건조,맑음,교차로 - 교차로안,승합,남,42세,상해없음,승용,남,21세,중상
2015082600100102,2015년 8월 26일 07시,수요일,인천광역시 서구 오류동,중상사고,0,1,0,0,차대차 - 측면직각충돌,신호위반,건조,맑음,교차로 - 교차로안,승용,남,58세,중상,특수,남,47세,상해없음
2015082600100141,2015년 8월 26일 08시,수요일,인천광역시 부평구 부평동,경상사고,0,0,1,0,차량단독 - 기타,안전운전불이행,건조,맑음,교차로 - 교차로안,승합,남,70세,상해없음,,,,
2015082600100142,2015년 8월 26일 08시,수요일,인천광역시 서구 검암동,중상사고,0,1,0,0,차대차 - 기타,안전운전불이행,건조,맑음,교차로 - 교차로안,승용,남,36세,상해없음,자전거,남,75세,중상
2015082600100143,2015년 8월 26일 08시,수요일,인천광역시 연수구 송도동,중상사고,0,1,1,0,차대차 - 기타,안전운전불이행,건조,맑음,교차로 - 교차로안,승용,여,63세,경상,승용,여,47세,중상
2015082600100182,2015년 8월 26일 09시,수요일,인천광역시 서구 경서동,중상사고,0,1,0,0,차대차 - 측면직각충돌,안전운전불이행,건조,맑음,단일로 - 횡단보도상,승용,남,23세,상해없음,자전거,여,23세,중상
2015082600100216,2015년 8월 26일 10시,수요일,인천광역시 남동구 만수동,경상사고,0,0,1,0,차대차 - 정면충돌,안전운전불이행,건조,맑음,단일로 - 기타,승용,남,22세,상해없음,화물,남,50세,경상
2015082600100309,2015년 8월 26일 13시,수요일,인천광역시 계양구 병방동,부상신고사고,0,0,0,1,차대차 - 측면직각충돌,기타,건조,맑음,단일로 - 기타,승용,여,46세,상해없음,승용,남,55세,상해없음
2015082600100347,2015년 8월 26일 14시,수요일,인천광역시 남구 도화동,경상사고,0,0,1,0,차대차 - 기타,안전거리미확보,건조,맑음,단일로 - 기타,화물,남,54세,상해없음,승용,여,46세,경상
2015082600100348,2015년 8월 26일 14시,수요일,인천광역시 서구 백석동,중상사고,0,3,0,0,차대차 - 측면직각충돌,중앙선침범,건조,맑음,기타 - 기타,특수,남,50세,상해없음,승용,남,70세,중상
2015082600100420,2015년 8월 26일 16시,수요일,인천광역시 부평구 산곡동,중상사고,0,1,0,0,차대사람 - 횡단중,보행자보호의무위반,건조,맑음,교차로 - 교차로부근,승용,여,58세,상해없음,보행자,여,44세,중상
2015082600100421,2015년 8월 26일 16시,수요일,인천광역시 남동구 논현동,경상사고,0,0,1,0,차대차 - 측면직각충돌,교차로운행방법위반,건조,맑음,교차로 - 교차로안,승용,남,47세,상해없음,승용,남,26세,경상
2015082600100464,2015년 8월 26일 17시,수요일,인천광역시 중구 사동,경상사고,0,0,1,0,차대사람 - 횡단중,보행자보호의무위반,건조,맑음,교차로 - 교차로안,승용,남,56세,기타불명,보행자,여,8세,경상
2015082600100465,2015년 8월 26일 17시,수요일,인천광역시 연수구 옥련동,중상사고,0,1,0,0,차대차 - 측면직각충돌,안전운전불이행,건조,맑음,단일로 - 횡단보도상,승용,여,57세,상해없음,자전거,남,9세,중상
2015082600100513,2015년 8월 26일 18시,수요일,인천광역시 중구 운서동,경상사고,0,0,1,0,차대차 - 측면직각충돌,안전운전불이행,건조,맑음,단일로 - 기타,승용,남,46세,상해없음,승용,남,57세,경상
2015082600100556,2015년 8월 26일 19시,수요일,인천광역시 중구 신흥동2가,경상사고,0,0,2,0,차대차 - 측면직각충돌,안전거리미확보,건조,맑음,교차로 - 교차로부근,승용,남,31세,경상,화물,기타불명,기타불명,기타불명
2015082600100557,2015년 8월 26일 19시,수요일,인천광역시 서구 마전동,중상사고,0,1,0,0,차대사람 - 횡단중,보행자보호의무위반,건조,맑음,교차로 - 교차로안,승용,여,33세,상해없음,보행자,남,6세,중상
2015082600100589,2015년 8월 26일 20시,수요일,인천광역시 남동구 논현동,경상사고,0,0,2,0,차대차 - 정면충돌,중앙선침범,건조,맑음,단일로 - 기타,승용,남,57세,상해없음,승용,남,36세,경상
2015082600100663,2015년 8월 26일 22시,수요일,인천광역시 남동구 구월동,경상사고,0,0,1,0,차대차 - 측면직각충돌,신호위반,건조,맑음,단일로 - 기타,승용,남,33세,상해없음,승용,남,57세,경상
2015082600100664,2015년 8월 26일 22시,수요일,인천광역시 연수구 송도동,경상사고,0,0,1,0,차대차 - 기타,기타,건조,맑음,교차로 - 교차로안,기타불명,기타불명,기타불명,기타불명,승용,남,23세,상해없음
2015082600100687,2015년 8월 26일 23시,수요일,인천광역시 부평구 십정동,중상사고,0,1,0,0,차량단독 - 기타,안전운전불이행,건조,맑음,교차로 - 교차로안,승합,남,55세,상해없음,,,,
2015082600100688,2015년 8월 26일 23시,수요일,인천광역시 남동구 장수동,중상사고,0,1,0,0,차대사람 - 횡단중,안전운전불이행,습기,비,단일로 - 기타,화물,남,52세,상해없음,보행자,남,60세,중상
2015082600100689,2015년 8월 26일 23시,수요일,인천광역시 남동구 만수동,경상사고,0,0,1,0,차대차 - 측면직각충돌,안전운전불이행,건조,흐림,단일로 - 기타,승용,여,19세,상해없음,승용,남,29세,경상
2015082700100034,2015년 8월 27일 01시,목요일,인천광역시 연수구 옥련동,중상사고,0,1,1,0,차대차 - 측면직각충돌,신호위반,건조,맑음,교차로 - 교차로안,승용,남,58세,상해없음,승용,남,59세,경상
2015082700100051,2015년 8월 27일 02시,목요일,인천광역시 중구 북성동1가,중상사고,0,1,2,0,차대차 - 측면직각충돌,교차로운행방법위반,건조,맑음,교차로 - 교차로안,이륜,남,20세,경상,승용,여,35세,경상
2015082700100121,2015년 8월 27일 07시,목요일,인천광역시 부평구 갈산동,경상사고,0,0,1,0,차대차 - 측면직각충돌,안전운전불이행,건조,맑음,교차로 - 교차로안,화물,남,46세,상해없음,자전거,남,16세,경상
2015082700100178,2015년 8월 27일 09시,목요일,인천광역시 부평구 삼산동,경상사고,0,0,3,0,차대차 - 측면직각충돌,안전거리미확보,건조,맑음,교차로 - 교차로부근,승용,여,32세,상해없음,화물,남,46세,경상
2015082700100237,2015년 8월 27일 11시,목요일,인천광역시 연수구 송도동,중상사고,0,1,0,0,차대차 - 추돌 - 진행중,안전운전불이행,건조,맑음,단일로 - 기타,건설기계,남,49세,상해없음,승용,여,42세,중상
2015082700100254,2015년 8월 27일 12시,목요일,인천광역시 부평구 청천동,경상사고,0,0,1,0,차대차 - 기타,안전운전불이행,건조,맑음,교차로 - 교차로부근,승용,남,31세,상해없음,자전거,남,66세,경상
2015082700100323,2015년 8월 27일 14시,목요일,인천광역시 남구 문학동,경상사고,0,0,1,0,차대차 - 추돌 - 주정차중,안전운전불이행,건조,맑음,교차로 - 교차로부근,승용,여,45세,상해없음,승용,남,34세,경상
2015082700100324,2015년 8월 27일 14시,목요일,인천광역시 서구 석남동,경상사고,0,0,1,0,차대차 - 추돌 - 진행중,안전운전불이행,건조,맑음,단일로 - 기타,승용,기타불명,35세,기타불명,승용,남,37세,경상
2015082700100359,2015년 8월 27일 15시,목요일,인천광역시 서구 경서동,경상사고,0,0,1,0,차대차 - 측면직각충돌,중앙선침범,건조,맑음,단일로 - 기타,승용,남,51세,기타불명,승용,남,45세,경상
2015082700100396,2015년 8월 27일 16시,목요일,인천광역시 중구 중산동,경상사고,0,0,1,0,차대차 - 측면직각충돌,안전운전불이행,건조,맑음,교차로 - 교차로부근,승용,여,65세,상해없음,승용,남,45세,경상
2015082700100397,2015년 8월 27일 16시,목요일,인천광역시 부평구 산곡동,경상사고,0,0,1,0,차대사람 - 기타,안전운전불이행,건조,맑음,교차로 - 교차로부근,승용,남,56세,상해없음,보행자,여,57세,경상
2015082700100398,2015년 8월 27일 16시,목요일,인천광역시 남동구 만수동,경상사고,0,0,1,0,차대사람 - 기타,안전운전불이행,건조,맑음,단일로 - 기타,승용,남,22세,상해없음,보행자,남,9세,경상
2015082700100399,2015년 8월 27일 16시,목요일,인천광역시 서구 가좌동,중상사고,0,1,0,0,차대차 - 측면직각충돌,안전거리미확보,건조,맑음,단일로 - 기타,승용,남,56세,상해없음,승용,여,52세,중상
2015082700100400,2015년 8월 27일 16시,목요일,인천광역시 서구 가정동,경상사고,0,0,1,0,차대차 - 측면직각충돌,안전운전불이행,건조,맑음,단일로 - 기타,승용,남,63세,상해없음,승용,남,33세,경상
2015082700100401,2015년 8월 27일 16시,목요일,인천광역시 계양구 작전동,중상사고,0,1,0,0,차대사람 - 기타,안전운전불이행,건조,맑음,단일로 - 기타,화물,남,43세,상해없음,보행자,여,74세,중상
2015082700100447,2015년 8월 27일 17시,목요일,인천광역시 남구 관교동,중상사고,0,1,1,0,차대차 - 추돌 - 진행중,안전운전불이행,건조,맑음,교차로 - 교차로부근,화물,남,72세,상해없음,승용,남,65세,중상
2015082700100448,2015년 8월 27일 17시,목요일,인천광역시 남동구 간석동,경상사고,0,0,2,0,차대차 - 기타,안전운전불이행,건조,맑음,단일로 - 기타,승용,남,20세,상해없음,승용,여,25세,경상
2015082700100506,2015년 8월 27일 18시,목요일,인천광역시 남동구 간석동,중상사고,0,1,0,0,차대차 - 측면직각충돌,안전운전불이행,건조,맑음,단일로 - 기타,이륜,남,46세,중상,승용,남,71세,상해없음
2015082700100507,2015년 8월 27일 18시,목요일,인천광역시 부평구 갈산동,경상사고,0,0,1,0,차대사람 - 횡단중,보행자보호의무위반,건조,맑음,교차로 - 교차로안,기타불명,기타불명,기타불명,기타불명,보행자,남,17세,경상
2015082700100542,2015년 8월 27일 19시,목요일,인천광역시 남동구 만수동,중상사고,0,2,2,0,차대차 - 측면직각충돌,신호위반,건조,맑음,교차로 - 교차로안,승용,남,24세,상해없음,승용,남,37세,중상
2015082700100576,2015년 8월 27일 20시,목요일,인천광역시 남구 주안동,경상사고,0,0,1,0,차대차 - 기타,안전거리미확보,건조,맑음,단일로 - 기타,승용,남,22세,상해없음,승합,남,41세,상해없음
2015082700100577,2015년 8월 27일 20시,목요일,인천광역시 남구 도화동,중상사고,0,1,0,0,차대차 - 추돌 - 진행중,안전운전불이행,건조,기타,교차로 - 교차로안,승용,남,54세,상해없음,자전거,남,19세,중상
2015082700100638,2015년 8월 27일 22시,목요일,인천광역시 남동구 논현동,중상사고,0,2,0,0,차대차 - 기타,안전운전불이행,건조,맑음,단일로 - 기타,자전거,남,23세,중상,자전거,남,13세,중상
2015082700100639,2015년 8월 27일 22시,목요일,인천광역시 연수구 연수동,경상사고,0,0,2,0,차대차 - 기타,안전운전불이행,건조,맑음,교차로 - 교차로안,승용,남,56세,상해없음,자전거,남,14세,경상
2015082700100659,2015년 8월 27일 23시,목요일,인천광역시 남구 학익동,경상사고,0,0,1,0,차대차 - 기타,안전운전불이행,건조,맑음,교차로 - 교차로부근,승용,남,40세,상해없음,승용,여,29세,경상
2015082700100660,2015년 8월 27일 23시,목요일,인천광역시 남구 주안동,중상사고,0,1,0,0,차대차 - 추돌 - 주정차중,안전운전불이행,건조,맑음,교차로 - 교차로부근,자전거,남,17세,중상,승용,남,36세,상해없음
2015082700100661,2015년 8월 27일 23시,목요일,인천광역시 부평구 산곡동,경상사고,0,0,1,0,차대차 - 추돌 - 진행중,안전거리미확보,건조,맑음,교차로 - 교차로안,승용,남,43세,상해없음,승용,남,56세,경상
2015082700100662,2015년 8월 27일 23시,목요일,인천광역시 서구 검암동,경상사고,0,0,2,0,차대차 - 측면직각충돌,안전운전불이행,건조,맑음,단일로 - 기타,승용,남,55세,상해없음,승용,여,38세,경상
2015082800100016,2015년 8월 28일 00시,금요일,인천광역시 남동구 만수동,경상사고,0,0,1,0,차대사람 - 기타,안전운전불이행,건조,맑음,단일로 - 기타,승용,남,17세,상해없음,보행자,남,18세,경상
2015082800100017,2015년 8월 28일 00시,금요일,인천광역시 부평구 부평동,중상사고,0,1,1,0,차대사람 - 횡단중,안전운전불이행,건조,맑음,단일로 - 기타,승용,남,65세,상해없음,보행자,남,23세,중상
2015082800100027,2015년 8월 28일 01시,금요일,인천광역시 부평구 갈산동,경상사고,0,0,1,0,차대차 - 측면직각충돌,안전운전불이행,건조,맑음,단일로 - 기타,화물,남,52세,상해없음,이륜,남,58세,경상
2015082800100042,2015년 8월 28일 02시,금요일,인천광역시 남구 문학동,경상사고,0,0,2,0,차대차 - 기타,직진우회전진행방해,건조,맑음,교차로 - 교차로안,승합,남,31세,경상,승용,남,40세,경상
2015082800100066,2015년 8월 28일 05시,금요일,인천광역시 부평구 부평동,경상사고,0,0,1,0,차대차 - 추돌 - 진행중,안전운전불이행,건조,맑음,단일로 - 기타,승용,남,41세,상해없음,화물,남,42세,경상
2015082800100067,2015년 8월 28일 05시,금요일,인천광역시 계양구 작전동,부상신고사고,0,0,0,1,차대사람 - 횡단중,안전운전불이행,건조,맑음,단일로 - 기타,원동기,남,33세,상해없음,보행자,남,18세,부상신고
2015082800100099,2015년 8월 28일 07시,금요일,인천광역시 남구 숭의동,경상사고,0,0,1,0,차대사람 - 횡단중,안전운전불이행,건조,맑음,교차로 - 교차로부근,승용,남,63세,상해없음,보행자,여,68세,경상
2015082800100142,2015년 8월 28일 08시,금요일,인천광역시 남구 학익동,경상사고,0,0,1,0,차대사람 - 기타,안전운전불이행,건조,맑음,단일로 - 기타,승용,남,46세,상해없음,보행자,여,16세,경상
2015082800100143,2015년 8월 28일 08시,금요일,인천광역시 연수구 옥련동,중상사고,0,1,0,0,차대차 - 기타,신호위반,건조,맑음,교차로 - 교차로안,승용,남,63세,상해없음,승용,남,86세,중상
2015082800100176,2015년 8월 28일 09시,금요일,인천광역시 남구 주안동,경상사고,0,0,1,0,차대사람 - 차도통행중,안전운전불이행,건조,맑음,단일로 - 기타,승합,남,64세,상해없음,보행자,여,75세,경상
2015082800100236,2015년 8월 28일 11시,금요일,인천광역시 부평구 부평동,경상사고,0,0,1,0,차대차 - 측면직각충돌,안전운전불이행,건조,맑음,기타 - 기타,승용,남,21세,상해없음,승용,여,24세,경상