사고번호,사고일시,요일,시군구,사고내용,사망자수,중상자수,경상자수,부상신고자수,사고유형,법규위반,노면상태,기상상태,도로형태,가해운전자 차종,가해운전자 성별,가해운전자 연령,가해운전자 상해정도,피해운전자 차종,피해운전자 성별,피해운전자 연령,피해운전자 상해정도
2015090700100656,2015년 9월 7일 20시,월요일,인천광역시 부평구 갈산동,중상사고,0,1,1,0,차대차 - 측면직각충돌,안전운전불이행,건조,맑음,단일로 - 기타,승용,남,45세,상해없음,자전거,여,12세,중상
2015090800100034,2015년 9월 8일 01시,화요일,인천광역시 남구 관교동,경상사고,0,0,1,0,차대차 - 측면직각충돌,안전운전불이행,건조,맑음,교차로 - 교차로안,승용,남,44세,경상,승용,남,23세,상해없음
2015090800100087,2015년 9월 8일 06시,화요일,인천광역시 남동구 논현동,중상사고,0,1,0,0,차대차 - 추돌 - 주정차중,안전운전불이행,건조,맑음,단일로 - 기타,이륜,남,39세,중상,화물,남,41세,상해없음
2015090800100119,2015년 9월 8일 07시,화요일,인천광역시 옹진군 백령면,부상신고사고,0,0,0,1,차대차 - 기타,안전운전불이행,건조,맑음,단일로 - 기타,화물,기타불명,기타불명,기타불명,자전거,남,22세,부상신고
2015090800100169,2015년 9월 8일 08시,화요일,인천광역시 중구 전동,경상사고,0,0,5,0,차대차 - 정면충돌,신호위반,건조,맑음,교차로 - 교차로안,승용,여,70세,경상,승용,남,45세,경상
2015090800100170,2015년 9월 8일 08시,화요일,인천광역시 남구 도화동,경상사고,0,0,1,0,차대차 - 측면직각충돌,안전거리미확보,건조,맑음,단일로 - 기타,화물,남,44세,상해없음,승용,여,52세,경상
2015090800100171,2015년 9월 8일 08시,화요일,인천광역시 남구 용현동,부상신고사고,0,0,0,1,차대차 - 측면직각충돌,안전운전불이행,건조,맑음,단일로 - 기타,자전거,여,21세,부상신고,승용,기타불명,기타불명,기타불명
2015090800100172,2015년 9월 8일 08시,화요일,인천광역시 남구 숭의동,부상신고사고,0,0,0,1,차대차 - 측면직각충돌,안전운전불이행,건조,맑음,교차로 - 교차로부근,이륜,남,47세,부상신고,승용,남,42세,상해없음
2015090800100173,2015년 9월 8일 08시,화요일,인천광역시 남동구 구월동,경상사고,0,0,1,0,차대사람 - 차도통행중,안전운전불이행,건조,맑음,단일로 - 기타,승용,여,63세,상해없음,보행자,남,18세,경상
2015090800100174,2015년 9월 8일 08시,화요일,인천광역시 강화군 송해면,중상사고,0,2,1,0,차대차 - 정면충돌,안전운전불이행,건조,맑음,교차로 - 교차로안,승용,남,60세,경상,승용,여,65세,중상
2015090800100175,2015년 9월 8일 08시,화요일,인천광역시 강화군 강화읍,중상사고,0,1,0,0,차대사람 - 길가장자리구역통행중,안전운전불이행,건조,맑음,단일로 - 기타,승용,남,32세,상해없음,보행자,여,87세,중상
2015090800100225,2015년 9월 8일 09시,화요일,인천광역시 부평구 산곡동,경상사고,0,0,2,0,차대차 - 기타,안전거리미확보,건조,맑음,단일로 - 기타,화물,남,49세,상해없음,승용,남,72세,경상
2015090800100261,2015년 9월 8일 10시,화요일,인천광역시 부평구 청천동,부상신고사고,0,0,0,1,차대사람 - 기타,보행자보호의무위반,건조,맑음,단일로 - 기타,기타불명,기타불명,기타불명,기타불명,보행자,여,55세,부상신고
2015090800100295,2015년 9월 8일 11시,화요일,인천광역시 중구 운서동,중상사고,0,1,0,0,차대차 - 추돌 - 진행중,안전운전불이행,건조,맑음,교차로 - 교차로부근,승합,남,74세,상해없음,자전거,여,38세,중상
2015090800100348,2015년 9월 8일 13시,화요일,인천광역시 서구 경서동,경상사고,0,0,1,0,차대차 - 측면직각충돌,신호위반,건조,맑음,교차로 - 교차로안,승용,남,54세,상해없음,건설기계,남,58세,경상
2015090800100391,2015년 9월 8일 14시,화요일,인천광역시 부평구 부평동,경상사고,0,0,1,0,차대차 - 측면직각충돌,안전거리미확보,건조,맑음,교차로 - 교차로부근,승용,기타불명,기타불명,기타불명,승용,남,64세,경상
2015090800100392,2015년 9월 8일 14시,화요일,인천광역시 남동구 구월동,경상사고,0,0,1,0,차대차 - 기타,안전운전불이행,건조,맑음,단일로 - 기타,승용,여,37세,상해없음,승용,여,46세,경상
2015090800100393,2015년 9월 8일 14시,화요일,인천광역시 서구 금곡동,경상사고,0,0,1,0,차대사람 - 길가장자리구역통행중,기타,건조,맑음,단일로 - 기타,승합,남,35세,상해없음,보행자,여,62세,경상
2015090800100437,2015년 9월 8일 15시,화요일,인천광역시 서구 당하동,경상사고,0,0,1,0,차대차 - 측면직각충돌,불법유턴,건조,맑음,교차로 - 교차로부근,승용,남,43세,상해없음,화물,남,46세,경상
2015090800100438,2015년 9월 8일 15시,화요일,인천광역시 계양구 계산동,중상사고,0,1,0,0,차대사람 - 보도통행중,보행자보호의무위반,건조,맑음,단일로 - 기타,승용,여,57세,상해없음,보행자,남,85세,중상
2015090800100484,2015년 9월 8일 16시,화요일,인천광역시 남구 용현동,경상사고,0,0,1,0,차대차 - 측면직각충돌,안전운전불이행,건조,맑음,교차로 - 교차로안,승용,남,34세,상해없음,승용,여,34세,경상
2015090800100485,2015년 9월 8일 16시,화요일,인천광역시 남동구 구월동,중상사고,0,1,2,0,차대차 - 측면직각충돌,안전운전불이행,건조,맑음,단일로 - 기타,승용,남,26세,상해없음,승용,남,23세,경상
2015090800100536,2015년 9월 8일 17시,화요일,인천광역시 남동구 구월동,경상사고,0,0,2,0,차대사람 - 기타,안전운전불이행,건조,맑음,단일로 - 기타,승합,남,62세,상해없음,보행자,여,46세,경상
2015090800100636,2015년 9월 8일 19시,화요일,인천광역시 남동구 간석동,경상사고,0,0,4,0,차대차 - 측면직각충돌,안전운전불이행,건조,맑음,교차로 - 교차로안,승용,남,21세,상해없음,화물,남,58세,경상
2015090800100637,2015년 9월 8일 19시,화요일,인천광역시 서구 가좌동,중상사고,0,1,0,0,차대사람 - 차도통행중,안전운전불이행,건조,맑음,교차로 - 교차로부근,승용,남,53세,상해없음,보행자,여,72세,중상
2015090800100638,2015년 9월 8일 19시,화요일,인천광역시 부평구 부개동,경상사고,0,0,1,0,차대사람 - 길가장자리구역통행중,안전운전불이행,건조,맑음,교차로 - 교차로안,승용,여,41세,상해없음,보행자,남,49세,경상
2015090800100710,2015년 9월 8일 21시,화요일,인천광역시 서구 오류동,중상사고,0,1,2,0,차대차 - 측면직각충돌,불법유턴,건조,맑음,교차로 - 교차로안,승용,여,29세,중상,승합,남,49세,경상
2015090800100711,2015년 9월 8일 21시,화요일,인천광역시 계양구 작전동,중상사고,0,2,0,0,차대차 - 측면직각충돌,신호위반,건조,맑음,교차로 - 교차로안,승용,여,60세,상해없음,승용,남,49세,중상
2015090800100712,2015년 9월 8일 21시,화요일,인천광역시 부평구 일신동,경상사고,0,0,1,0,차대차 - 측면직각충돌,중앙선침범,건조,맑음,단일로 - 기타,이륜,남,19세,경상,승용,남,35세,상해없음
2015090800100776,2015년 9월 8일 23시,화요일,인천광역시 남동구 논현동,경상사고,0,0,1,0,차대차 - 추돌 - 주정차중,안전운전불이행,건조,맑음,단일로 - 기타,기타불명,기타불명,기타불명,기타불명,승용,남,40세,경상
2015090900100025,2015년 9월 9일 01시,수요일,인천광역시 남동구 남촌동,중상사고,0,1,0,0,차량단독 - 공작물충돌,안전운전불이행,건조,맑음,교차로 - 교차로부근,승용,여,28세,상해없음,,,,
2015090900100079,2015년 9월 9일 06시,수요일,인천광역시 남동구 구월동,경상사고,0,0,1,0,차대차 - 추돌 - 주정차중,안전운전불이행,건조,맑음,교차로 - 교차로부근,승용,남,27세,상해없음,승합,남,58세,경상
2015090900100125,2015년 9월 9일 07시,수요일,인천광역시 계양구 서운동,경상사고,0,0,1,0,차대차 - 측면직각충돌,신호위반,건조,맑음,단일로 - 횡단보도상,승용,남,42세,상해없음,자전거,남,29세,경상
2015090900100178,2015년 9월 9일 08시,수요일,인천광역시 남구 용현동,부상신고사고,0,0,0,1,차대사람 - 기타,안전운전불이행,건조,맑음,단일로 - 기타,승용,여,32세,상해없음,보행자,여,8세,부상신고
2015090900100179,2015년 9월 9일 08시,수요일,인천광역시 남동구 구월동,경상사고,0,0,1,0,차대사람 - 보도통행중,안전운전불이행,건조,맑음,단일로 - 기타,화물,남,40세,상해없음,보행자,여,39세,경상
2015090900100180,2015년 9월 9일 08시,수요일,인천광역시 계양구 박촌동,중상사고,0,1,0,0,차대사람 - 길가장자리구역통행중,안전운전불이행,건조,맑음,단일로 - 기타,건설기계,남,56세,상해없음,보행자,여,51세,중상
2015090900100181,2015년 9월 9일 08시,수요일,인천광역시 연수구 연수동,중상사고,0,1,1,0,차대차 - 추돌 - 진행중,안전운전불이행,건조,맑음,단일로 - 기타,승용,남,49세,상해없음,승용,여,50세,중상
2015090900100218,2015년 9월 9일 09시,수요일,인천광역시 부평구 십정동,경상사고,0,0,2,0,차대차 - 측면직각충돌,안전운전불이행,건조,맑음,교차로 - 교차로안,화물,남,45세,경상,승용,남,22세,경상
2015090900100247,2015년 9월 9일 10시,수요일,인천광역시 남구 주안동,중상사고,0,1,0,0,차량단독 - 기타,안전운전불이행,건조,맑음,단일로 - 기타,승합,남,56세,상해없음,,,,
2015090900100273,2015년 9월 9일 11시,수요일,인천광역시 부평구 청천동,경상사고,0,0,2,0,차대차 - 측면직각충돌,중앙선침범,건조,맑음,교차로 - 교차로안,승용,남,52세,상해없음,승용,남,25세,경상
2015090900100274,2015년 9월 9일 11시,수요일,인천광역시 연수구 송도동,경상사고,0,0,2,0,차대차 - 기타,신호위반,건조,맑음,단일로 - 기타,승용,남,67세,상해없음,승용,여,44세,경상
2015090900100309,2015년 9월 9일 12시,수요일,인천광역시 부평구 산곡동,중상사고,0,1,0,0,차대사람 - 횡단중,안전운전불이행,건조,맑음,단일로 - 기타,승합,남,36세,상해없음,보행자,여,89세,중상
2015090900100344,2015년 9월 9일 13시,수요일,인천광역시 남동구 만수동,부상신고사고,0,0,0,1,차대차 - 측면직각충돌,안전운전불이행,건조,맑음,단일로 - 기타,화물,남,38세,상해없음,이륜,남,58세,부상신고
2015090900100345,2015년 9월 9일 13시,수요일,인천광역시 연수구 송도동,경상사고,0,0,1,0,차대차 - 기타,안전운전불이행,건조,맑음,교차로 - 교차로부근,승용,여,40세,상해없음,자전거,여,29세,경상
2015090900100423,2015년 9월 9일 15시,수요일,인천광역시 남구 도화동,경상사고,0,0,1,0,차대차 - 정면충돌,안전운전불이행,건조,맑음,교차로 - 교차로부근,이륜,여,50세,상해없음,승용,남,26세,경상
2015090900100424,2015년 9월 9일 15시,수요일,인천광역시 남구 주안동,경상사고,0,0,1,0,차대사람 - 횡단중,안전운전불이행,건조,맑음,단일로 - 기타,승용,남,69세,상해없음,보행자,여,64세,경상
2015090900100425,2015년 9월 9일 15시,수요일,인천광역시 서구 가좌동,경상사고,0,0,1,0,차대차 - 측면직각충돌,안전운전불이행,건조,맑음,단일로 - 기타,건설기계,남,53세,상해없음,화물,남,44세,경상
2015090900100553,2015년 9월 9일 17시,수요일,인천광역시 부평구 부평동,경상사고,0,0,1,0,차대차 - 기타,차로위반,건조,맑음,단일로 - 기타,승용,남,69세,기타불명,승용,여,58세,경상
2015090900100555,2015년 9월 9일 17시,수요일,인천광역시 강화군 강화읍,중상사고,0,1,1,0,차대차 - 측면직각충돌,안전운전불이행,건조,맑음,교차로 - 교차로안,승용,여,62세,경상,승용,남,66세,중상
2015090900100618,2015년 9월 9일 18시,수요일,인천광역시 강화군 양도면,중상사고,0,1,0,0,차량단독 - 공작물충돌,안전운전불이행,건조,맑음,교차로 - 교차로안,자전거,남,68세,중상,,,,
2015090900100670,2015년 9월 9일 19시,수요일,인천광역시 남동구 구월동,경상사고,0,0,1,0,차대차 - 측면직각충돌,안전운전불이행,건조,맑음,교차로 - 교차로안,승용,남,39세,상해없음,승합,남,62세,경상
2015090900100671,2015년 9월 9일 19시,수요일,인천광역시 서구 마전동,경상사고,0,0,1,0,차대차 - 기타,신호위반,건조,맑음,교차로 - 교차로안,승용,남,45세,상해없음,원동기,남,17세,경상
2015090900100706,2015년 9월 9일 20시,수요일,인천광역시 남동구 고잔동,중상사고,0,1,0,0,차대사람 - 횡단중,안전운전불이행,건조,맑음,교차로 - 교차로안,승용,남,59세,상해없음,보행자,여,51세,중상
2015090900100707,2015년 9월 9일 20시,수요일,인천광역시 계양구 효성동,중상사고,0,1,0,1,차대차 - 정면충돌,신호위반,건조,맑음,교차로 - 교차로안,승용,여,51세,상해없음,이륜,남,17세,중상
2015090900100768,2015년 9월 9일 22시,수요일,인천광역시 부평구 십정동,중상사고,0,1,0,0,차대차 - 기타,안전운전불이행,건조,맑음,단일로 - 기타,승용,남,25세,상해없음,원동기,남,26세,중상
2015090900100769,2015년 9월 9일 22시,수요일,인천광역시 강화군 강화읍,중상사고,0,1,0,0,차대차 - 추돌 - 진행중,안전운전불이행,건조,맑음,교차로 - 교차로안,승용,남,35세,상해없음,이륜,남,18세,중상
2015091000100019,2015년 9월 10일 00시,목요일,인천광역시 부평구 청천동,중상사고,0,1,1,0,차대차 - 정면충돌,중앙선침범,건조,맑음,교차로 - 교차로부근,승용,남,52세,상해없음,승용,남,48세,중상
2015091000100051,2015년 9월 10일 04시,목요일,인천광역시 부평구 부개동,경상사고,0,0,2,0,차대차 - 기타,안전운전불이행,건조,맑음,교차로 - 교차로부근,승용,남,25세,상해없음,승용,남,53세,경상
2015091000100084,2015년 9월 10일 06시,목요일,인천광역시 계양구 귤현동,부상신고사고,0,0,0,2,차대차 - 추돌 - 주정차중,안전운전불이행,건조,맑음,교차로 - 교차로부근,승용,남,30세,상해없음,승합,남,60세,부상신고
2015091000100132,2015년 9월 10일 07시,목요일,인천광역시 남구 도화동,경상사고,0,0,1,0,차대차 - 측면직각충돌,안전운전불이행,건조,맑음,교차로 - 교차로부근,화물,남,70세,상해없음,원동기,남,17세,경상
2015091000100133,2015년 9월 10일 07시,목요일,인천광역시 부평구 부평동,경상사고,0,0,1,0,차대차 - 기타,신호위반,건조,맑음,교차로 - 교차로안,승합,남,32세,상해없음,원동기,남,31세,경상
2015091000100134,2015년 9월 10일 07시,목요일,인천광역시 부평구 청천동,중상사고,0,1,0,0,차대차 - 측면직각충돌,안전거리미확보,건조,맑음,교차로 - 교차로부근,화물,남,57세,상해없음,자전거,남,32세,중상
2015091000100135,2015년 9월 10일 07시,목요일,인천광역시 남동구 서창동,경상사고,0,0,1,0,차대차 - 측면직각충돌,안전운전불이행,건조,맑음,교차로 - 교차로안,자전거,여,22세,경상,승용,여,33세,상해없음
2015091000100136,2015년 9월 10일 07시,목요일,인천광역시 남동구 구월동,경상사고,0,0,1,0,차대차 - 추돌 - 주정차중,안전운전불이행,건조,맑음,교차로 - 교차로부근,승용,남,52세,상해없음,승용,남,31세,경상
2015091000100137,2015년 9월 10일 07시,목요일,인천광역시 서구 왕길동,경상사고,0,0,1,0,차대차 - 추돌 - 주정차중,신호위반,건조,맑음,교차로 - 교차로안,승합,남,35세,상해없음,승용,남,31세,경상
2015091000100193,2015년 9월 10일 08시,목요일,인천광역시 남동구 간석동,부상신고사고,0,0,0,1,차대사람 - 횡단중,안전운전불이행,건조,맑음,단일로 - 횡단보도상,승용,남,49세,상해없음,보행자,여,10세,부상신고
2015091000100230,2015년 9월 10일 09시,목요일,인천광역시 중구 경동,경상사고,0,0,1,0,차대차 - 기타,안전운전불이행,건조,맑음,단일로 - 기타,승용,여,64세,상해없음,승용,남,27세,경상
2015091000100231,2015년 9월 10일 09시,목요일,인천광역시 남동구 논현동,중상사고,0,1,0,0,차대차 - 기타,안전운전불이행,건조,맑음,단일로 - 기타,승용,남,52세,상해없음,자전거,여,52세,중상
2015091000100271,2015년 9월 10일 10시,목요일,인천광역시 남동구 간석동,경상사고,0,0,1,0,차대차 - 추돌 - 진행중,안전운전불이행,건조,맑음,단일로 - 기타,화물,남,59세,상해없음,승용,여,45세,경상
2015091000100311,2015년 9월 10일 11시,목요일,인천광역시 연수구 연수동,중상사고,0,1,0,0,차대사람 - 기타,기타,건조,맑음,단일로 - 기타,승합,남,52세,상해없음,보행자,여,60세,중상
2015091000100339,2015년 9월 10일 12시,목요일,인천광역시 강화군 강화읍,경상사고,0,0,2,0,차대차 - 측면직각충돌,안전운전불이행,건조,맑음,단일로 - 기타,승용,여,49세,상해없음,승용,남,73세,경상
2015091000100536,2015년 9월 10일 17시,목요일,인천광역시 부평구 산곡동,경상사고,0,0,1,0,차대사람 - 기타,안전운전불이행,건조,맑음,단일로 - 기타,기타불명,기타불명,기타불명,기타불명,보행자,남,16세,경상
2015091000100579,2015년 9월 10일 18시,목요일,인천광역시 서구 가좌동,경상사고,0,0,1,0,차대차 - 추돌 - 진행중,안전운전불이행,건조,맑음,단일로 - 기타,승용,남,55세,상해없음,승용,남,57세,상해없음
2015091000100620,2015년 9월 10일 19시,목요일,인천광역시 남동구 간석동,중상사고,0,2,1,0,차대차 - 추돌 - 주정차중,안전운전불이행,건조,맑음,단일로 - 기타,승용,남,30세,상해없음,승용,남,67세,중상
2015091000100667,2015년 9월 10일 20시,목요일,인천광역시 서구 마전동,경상사고,0,0,1,0,차대차 - 추돌 - 주정차중,안전운전불이행,건조,맑음,교차로 - 교차로부근,승용,여,43세,상해없음,승용,남,62세,경상
2015091000100690,2015년 9월 10일 21시,목요일,인천광역시 남구 용현동,중상사고,0,1,0,0,차대사람 - 횡단중,안전운전불이행,건조,맑음,단일로 - 기타,승용,남,62세,상해없음,보행자,남,55세,중상
2015091000100724,2015년 9월 10일 22시,목요일,인천광역시 남동구 간석동,경상사고,0,0,1,0,차대사람 - 길가장자리구역통행중,안전운전불이행,건조,흐림,단일로 - 기타,기타불명,기타불명,기타불명,기타불명,보행자,남,22세,경상
2015091000100725,2015년 9월 10일 22시,목요일,인천광역시 서구 석남동,경상사고,0,0,1,0,차대차 - 추돌 - 진행중,안전운전불이행,건조,맑음,단일로 - 기타,승용,남,31세,상해없음,승합,남,58세,경상
2015091000100726,2015년 9월 10일 22시,목요일,인천광역시 연수구 옥련동,경상사고,0,0,1,0,차대차 - 기타,교차로운행방법위반,건조,맑음,교차로 - 교차로안,승용,기타불명,기타불명,기타불명,승용,여,39세,경상
2015091000100753,2015년 9월 10일 23시,목요일,인천광역시 서구 가좌동,중상사고,0,1,0,0,차대차 - 기타,안전운전불이행,건조,맑음,단일로 - 기타,승용,남,27세,중상,특수,기타불명,기타불명,기타불명
2015091100100009,2015년 9월 11일 00시,금요일,인천광역시 동구 송림동,경상사고,0,0,3,0,차대차 - 추돌 - 주정차중,안전운전불이행,건조,맑음,교차로 - 교차로부근,승용,남,39세,경상,승용,남,52세,경상
2015091100100010,2015년 9월 11일 00시,금요일,인천광역시 계양구 방축동,중상사고,0,1,0,0,차대차 - 추돌 - 주정차중,안전운전불이행,건조,맑음,단일로 - 기타,이륜,남,30세,중상,승합,남,60세,기타불명
2015091100100041,2015년 9월 11일 02시,금요일,인천광역시 남동구 고잔동,경상사고,0,0,1,0,차대차 - 추돌 - 진행중,안전운전불이행,건조,맑음,단일로 - 기타,승용,남,24세,상해없음,화물,남,41세,경상
2015091100100042,2015년 9월 11일 02시,금요일,인천광역시 계양구 동양동,경상사고,0,0,1,0,차대차 - 추돌 - 진행중,안전운전불이행,건조,맑음,단일로 - 기타,승용,남,18세,기타불명,승용,남,35세,경상
2015091100100056,2015년 9월 11일 03시,금요일,인천광역시 서구 가정동,중상사고,0,1,4,1,차대차 - 측면직각충돌,신호위반,건조,맑음,교차로 - 교차로안,승합,남,61세,상해없음,화물,남,35세,경상
2015091100100120,2015년 9월 11일 07시,금요일,인천광역시 중구 운남동,중상사고,0,1,0,0,차대사람 - 길가장자리구역통행중,안전운전불이행,건조,맑음,교차로 - 교차로안,화물,남,54세,상해없음,보행자,남,62세,중상
2015091100100121,2015년 9월 11일 07시,금요일,인천광역시 남동구 만수동,경상사고,0,0,2,0,차대차 - 추돌 - 진행중,안전운전불이행,건조,맑음,단일로 - 기타,승용,남,45세,상해없음,승용,여,37세,경상
2015091100100122,2015년 9월 11일 07시,금요일,인천광역시 남동구 만수동,경상사고,0,0,1,0,차대차 - 측면직각충돌,안전운전불이행,건조,맑음,교차로 - 교차로부근,승용,여,34세,상해없음,승용,남,33세,경상
2015091100100166,2015년 9월 11일 08시,금요일,인천광역시 연수구 동춘동,경상사고,0,0,1,0,차대차 - 기타,신호위반,건조,맑음,교차로 - 교차로안,승용,남,54세,상해없음,승용,여,42세,경상
2015091100100210,2015년 9월 11일 09시,금요일,인천광역시 남동구 구월동,경상사고,0,0,1,0,차대차 - 측면직각충돌,안전운전불이행,습기,흐림,단일로 - 기타,승용,남,56세,상해없음,승용,남,30세,경상
2015091100100297,2015년 9월 11일 12시,금요일,인천광역시 중구 답동,중상사고,0,1,0,0,차대사람 - 횡단중,보행자보호의무위반,건조,맑음,교차로 - 교차로부근,승용,남,40세,상해없음,보행자,여,49세,중상
2015091100100333,2015년 9월 11일 13시,금요일,인천광역시 중구 답동,중상사고,0,1,0,0,차대사람 - 기타,안전운전불이행,습기,맑음,교차로 - 교차로부근,승합,남,47세,상해없음,보행자,남,73세,중상
2015091100100364,2015년 9월 11일 14시,금요일,인천광역시 남동구 만수동,중상사고,0,1,0,0,차대차 - 측면직각충돌,안전운전불이행,건조,맑음,단일로 - 기타,승용,여,55세,상해없음,자전거,여,50세,중상
2015091100100402,2015년 9월 11일 15시,금요일,인천광역시 남구 학익동,경상사고,0,0,1,0,차대사람 - 횡단중,신호위반,건조,맑음,단일로 - 횡단보도부근,승합,남,58세,상해없음,보행자,남,60세,경상
2015091100100440,2015년 9월 11일 16시,금요일,인천광역시 부평구 삼산동,중상사고,0,1,0,0,차대차 - 추돌 - 진행중,안전운전불이행,건조,맑음,단일로 - 기타,승용,남,48세,상해없음,이륜,남,30세,중상
2015091100100441,2015년 9월 11일 16시,금요일,인천광역시 부평구 부평동,부상신고사고,0,0,0,1,차대사람 - 기타,안전운전불이행,건조,맑음,교차로 - 교차로부근,승용,기타불명,기타불명,기타불명,보행자,남,48세,부상신고
2015091100100483,2015년 9월 11일 17시,금요일,인천광역시 남구 주안동,경상사고,0,0,1,0,차대차 - 정면충돌,중앙선침범,건조,맑음,단일로 - 기타,건설기계,남,47세,상해없음,승용,남,64세,경상
2015091100100484,2015년 9월 11일 17시,금요일,인천광역시 부평구 부평동,경상사고,0,0,1,0,차대차 - 측면직각충돌,신호위반,건조,맑음,교차로 - 교차로안,이륜,남,18세,상해없음,승용,남,58세,상해없음
2015091100100536,2015년 9월 11일 18시,금요일,인천광역시 계양구 방축동,중상사고,0,1,0,0,차대사람 - 차도통행중,안전운전불이행,습기,비,교차로 - 교차로안,승용,남,63세,상해없음,보행자,여,12세,중상
2015091100100537,2015년 9월 11일 18시,금요일,인천광역시 계양구 효성동,경상사고,0,0,3,0,차대차 - 추돌 - 주정차중,안전운전불이행,습기,비,단일로 - 기타,승용,남,31세,상해없음,승용,여,52세,경상
2015091100100617,2015년 9월 11일 19시,금요일,인천광역시 남동구 간석동,경상사고,0,0,1,0,차대사람 - 차도통행중,기타,건조,맑음,단일로 - 기타,승용,남,42세,기타불명,보행자,여,42세,경상
2015091100100618,2015년 9월 11일 19시,금요일,인천광역시 남동구 만수동,중상사고,0,1,0,0,차대차 - 추돌 - 주정차중,안전운전불이행,습기,비,단일로 - 기타,기타불명,기타불명,기타불명,기타불명,승용,남,58세,중상
2015091100100619,2015년 9월 11일 19시,금요일,인천광역시 부평구 부개동,중상사고,0,1,0,0,차대사람 - 횡단중,신호위반,습기,비,교차로 - 교차로안,승용,남,58세,상해없음,보행자,여,10세,중상
2015091100100667,2015년 9월 11일 20시,금요일,인천광역시 부평구 십정동,경상사고,0,0,2,0,차대차 - 기타,교차로운행방법위반,건조,맑음,단일로 - 기타,승합,남,55세,상해없음,화물,남,55세,상해없음
2015091100100668,2015년 9월 11일 20시,금요일,인천광역시 연수구 선학동,부상신고사고,0,0,0,1,차대차 - 측면직각충돌,안전운전불이행,습기,비,단일로 - 기타,승용,남,37세,상해없음,원동기,남,17세,부상신고
2015091100100719,2015년 9월 11일 21시,금요일,인천광역시 부평구 갈산동,사망사고,1,0,0,0,차대사람 - 기타,안전운전불이행,습기,비,단일로 - 횡단보도상,승용,남,56세,상해없음,보행자,남,47세,사망
2015091100100760,2015년 9월 11일 22시,금요일,인천광역시 남구 주안동,경상사고,0,0,1,0,차대차 - 기타,안전운전불이행,습기,흐림,단일로 - 기타,승용,남,60세,상해없음,원동기,남,51세,경상
2015091100100804,2015년 9월 11일 23시,금요일,인천광역시 서구 석남동,경상사고,0,0,2,0,차대차 - 추돌 - 주정차중,안전운전불이행,건조,맑음,단일로 - 기타,승용,남,23세,상해없음,승용,남,37세,경상
2015091200100040,2015년 9월 12일 00시,토요일,인천광역시 남구 도화동,경상사고,0,0,1,0,차대차 - 추돌 - 주정차중,안전운전불이행,건조,맑음,교차로 - 교차로부근,승용,남,55세,상해없음,승용,남,48세,경상
2015091200100041,2015년 9월 12일 00시,토요일,인천광역시 남동구 만수동,중상사고,0,1,0,0,차대차 - 측면직각충돌,교차로운행방법위반,건조,맑음,교차로 - 교차로안,승용,남,47세,상해없음,이륜,남,29세,중상
2015091200100062,2015년 9월 12일 01시,토요일,인천광역시 부평구 부평동,중상사고,0,1,0,0,차대차 - 추돌 - 주정차중,안전운전불이행,건조,맑음,단일로 - 기타,원동기,남,23세,중상,화물,남,48세,기타불명
2015091200100100,2015년 9월 12일 03시,토요일,인천광역시 남구 주안동,경상사고,0,0,2,0,차대차 - 기타,안전운전불이행,건조,맑음,단일로 - 기타,승용,남,22세,상해없음,승용,남,22세,경상
2015091200100101,2015년 9월 12일 03시,토요일,인천광역시 남동구 간석동,중상사고,0,1,0,0,차대사람 - 횡단중,안전운전불이행,건조,맑음,단일로 - 횡단보도부근,승용,남,65세,상해없음,보행자,남,22세,중상
2015091200100139,2015년 9월 12일 05시,토요일,인천광역시 남동구 간석동,중상사고,0,3,0,0,차대차 - 추돌 - 주정차중,안전운전불이행,건조,맑음,단일로 - 기타,승용,남,23세,상해없음,승용,남,25세,중상
2015091200100169,2015년 9월 12일 07시,토요일,인천광역시 남동구 논현동,경상사고,0,0,2,0,차대차 - 측면직각충돌,교차로운행방법위반,건조,맑음,교차로 - 교차로안,승용,여,50세,경상,승용,남,56세,경상
2015091200100219,2015년 9월 12일 09시,토요일,인천광역시 연수구 옥련동,경상사고,0,0,1,0,차대차 - 측면직각충돌,안전거리미확보,건조,맑음,단일로 - 기타,승용,남,56세,상해없음,이륜,여,21세,경상
2015091200100220,2015년 9월 12일 09시,토요일,인천광역시 연수구 옥련동,경상사고,0,0,1,0,차대차 - 기타,중앙선침범,건조,맑음,단일로 - 기타,승용,여,57세,상해없음,승용,남,55세,경상
2015091200100248,2015년 9월 12일 10시,토요일,인천광역시 남동구 도림동,경상사고,0,0,1,0,차대차 - 추돌 - 진행중,차로위반,건조,맑음,단일로 - 기타,화물,남,70세,상해없음,승용,남,27세,상해없음
2015091200100288,2015년 9월 12일 11시,토요일,인천광역시 남구 숭의동,경상사고,0,0,2,0,차대차 - 기타,중앙선침범,건조,맑음,단일로 - 기타,화물,남,68세,상해없음,승용,남,59세,경상
2015091200100289,2015년 9월 12일 11시,토요일,인천광역시 남동구 구월동,중상사고,0,1,0,0,차대사람 - 기타,안전운전불이행,건조,맑음,단일로 - 기타,승합,남,49세,상해없음,보행자,여,80세,중상
2015091200100429,2015년 9월 12일 15시,토요일,인천광역시 동구 송림동,경상사고,0,0,1,0,차대사람 - 횡단중,보행자보호의무위반,건조,맑음,교차로 - 교차로안,화물,남,54세,상해없음,보행자,여,33세,경상