사고번호,사고일시,요일,시군구,사고내용,사망자수,중상자수,경상자수,부상신고자수,사고유형,법규위반,노면상태,기상상태,도로형태,가해운전자 차종,가해운전자 성별,가해운전자 연령,가해운전자 상해정도,피해운전자 차종,피해운전자 성별,피해운전자 연령,피해운전자 상해정도
2015091700100377,2015년 9월 17일 13시,목요일,인천광역시 계양구 효성동,중상사고,0,1,1,0,차대차 - 측면직각충돌,안전운전불이행,건조,맑음,교차로 - 교차로안,승용,남,67세,상해없음,승용,남,55세,경상
2015091700100378,2015년 9월 17일 13시,목요일,인천광역시 강화군 길상면,중상사고,0,1,0,0,차대차 - 정면충돌,중앙선침범,건조,맑음,단일로 - 기타,승용,남,75세,상해없음,승용,남,56세,중상
2015091700100409,2015년 9월 17일 14시,목요일,인천광역시 계양구 계산동,경상사고,0,0,2,0,차대차 - 기타,안전운전불이행,건조,맑음,교차로 - 교차로부근,승용,남,40세,상해없음,승합,남,55세,상해없음
2015091700100444,2015년 9월 17일 15시,목요일,인천광역시 남동구 간석동,경상사고,0,0,2,0,차대차 - 측면직각충돌,중앙선침범,건조,맑음,단일로 - 기타,화물,남,52세,상해없음,승용,남,61세,경상
2015091700100485,2015년 9월 17일 16시,목요일,인천광역시 강화군 화도면,중상사고,0,1,0,0,차대사람 - 기타,안전운전불이행,건조,맑음,단일로 - 기타,승용,여,42세,상해없음,보행자,남,68세,중상
2015091700100486,2015년 9월 17일 16시,목요일,인천광역시 연수구 동춘동,경상사고,0,0,1,0,차량단독 - 기타,기타,건조,맑음,단일로 - 기타,승합,남,67세,상해없음,,,,
2015091700100531,2015년 9월 17일 17시,목요일,인천광역시 남동구 구월동,중상사고,0,1,0,0,차대사람 - 차도통행중,안전운전불이행,건조,맑음,단일로 - 기타,승용,여,35세,상해없음,보행자,여,74세,중상
2015091700100532,2015년 9월 17일 17시,목요일,인천광역시 남동구 남촌동,경상사고,0,0,4,0,차대차 - 측면직각충돌,신호위반,건조,맑음,교차로 - 교차로안,승용,남,44세,상해없음,승용,남,53세,상해없음
2015091700100588,2015년 9월 17일 18시,목요일,인천광역시 남동구 구월동,경상사고,0,0,4,0,차대차 - 측면직각충돌,안전거리미확보,건조,맑음,단일로 - 기타,승용,여,26세,경상,승용,남,37세,경상
2015091700100589,2015년 9월 17일 18시,목요일,인천광역시 서구 가좌동,경상사고,0,0,1,0,차대차 - 측면직각충돌,신호위반,건조,맑음,교차로 - 교차로안,자전거,남,25세,경상,승용,남,49세,상해없음
2015091700100681,2015년 9월 17일 20시,목요일,인천광역시 서구 연희동,경상사고,0,0,1,0,차대사람 - 보도통행중,안전운전불이행,건조,맑음,단일로 - 기타,승용,남,45세,상해없음,보행자,남,16세,경상
2015091700100682,2015년 9월 17일 20시,목요일,인천광역시 계양구 작전동,중상사고,0,2,1,0,차대차 - 추돌 - 주정차중,안전운전불이행,건조,맑음,단일로 - 기타,승용,남,40세,상해없음,화물,남,61세,중상
2015091700100715,2015년 9월 17일 21시,목요일,인천광역시 남동구 만수동,경상사고,0,0,1,0,차량단독 - 공작물충돌,안전운전불이행,건조,맑음,단일로 - 기타,승용,남,46세,상해없음,,,,
2015091700100756,2015년 9월 17일 22시,목요일,인천광역시 부평구 산곡동,경상사고,0,0,2,0,차대차 - 기타,신호위반,건조,맑음,교차로 - 교차로부근,승용,남,53세,상해없음,승용,여,46세,경상
2015091800100016,2015년 9월 18일 00시,금요일,인천광역시 남동구 간석동,경상사고,0,0,7,0,차대차 - 정면충돌,안전운전불이행,건조,맑음,단일로 - 기타,승용,남,62세,상해없음,승용,남,48세,경상
2015091800100034,2015년 9월 18일 01시,금요일,인천광역시 남동구 논현동,중상사고,0,1,0,0,차대차 - 기타,안전운전불이행,건조,맑음,단일로 - 기타,승용,남,63세,기타불명,승용,남,29세,중상
2015091800100046,2015년 9월 18일 02시,금요일,인천광역시 남구 도화동,중상사고,0,2,10,1,차대차 - 추돌 - 주정차중,안전운전불이행,건조,맑음,단일로 - 기타,승용,남,27세,상해없음,승용,남,52세,경상
2015091800100076,2015년 9월 18일 05시,금요일,인천광역시 서구 경서동,중상사고,0,1,0,0,차대사람 - 기타,안전운전불이행,건조,맑음,단일로 - 기타,화물,남,54세,상해없음,보행자,여,38세,중상
2015091800100077,2015년 9월 18일 05시,금요일,인천광역시 강화군 불은면,경상사고,0,0,1,0,차량단독 - 공작물충돌,안전운전불이행,건조,맑음,단일로 - 기타,승용,남,33세,상해없음,,,,
2015091800100094,2015년 9월 18일 06시,금요일,인천광역시 계양구 효성동,중상사고,0,1,0,0,차대사람 - 길가장자리구역통행중,안전운전불이행,건조,맑음,교차로 - 교차로부근,화물,남,41세,상해없음,보행자,남,47세,중상
2015091800100132,2015년 9월 18일 07시,금요일,인천광역시 중구 운서동,중상사고,0,3,1,0,차대차 - 정면충돌,차로위반,건조,맑음,단일로 - 기타,승용,남,35세,경상,승용,남,43세,중상
2015091800100176,2015년 9월 18일 08시,금요일,인천광역시 부평구 부평동,중상사고,0,1,0,0,차대차 - 측면직각충돌,안전운전불이행,건조,맑음,기타 - 기타,승용,남,24세,상해없음,승용,남,61세,중상
2015091800100224,2015년 9월 18일 09시,금요일,인천광역시 중구 신흥동3가,경상사고,0,0,1,0,차대사람 - 기타,기타,건조,맑음,기타 - 기타,승용,여,59세,상해없음,보행자,여,37세,경상
2015091800100259,2015년 9월 18일 10시,금요일,인천광역시 남동구 서창동,경상사고,0,0,1,0,차대차 - 측면직각충돌,안전운전불이행,건조,맑음,단일로 - 횡단보도상,승용,여,32세,상해없음,자전거,여,35세,경상
2015091800100292,2015년 9월 18일 11시,금요일,인천광역시 서구 석남동,중상사고,0,1,0,0,차대차 - 측면직각충돌,신호위반,건조,맑음,교차로 - 교차로안,승합,남,44세,상해없음,자전거,남,47세,중상
2015091800100364,2015년 9월 18일 13시,금요일,인천광역시 서구 가좌동,중상사고,0,1,0,0,차대차 - 정면충돌,중앙선침범,건조,맑음,미분류 - 미분류,승용,남,56세,상해없음,화물,남,46세,중상
2015091800100365,2015년 9월 18일 13시,금요일,인천광역시 연수구 연수동,경상사고,0,0,1,0,차대차 - 측면직각충돌,안전운전불이행,건조,맑음,단일로 - 기타,승용,남,44세,상해없음,원동기,남,74세,경상
2015091800100448,2015년 9월 18일 15시,금요일,인천광역시 남동구 간석동,중상사고,0,1,0,0,차대차 - 측면직각충돌,교차로운행방법위반,건조,맑음,교차로 - 교차로안,화물,남,29세,상해없음,이륜,남,34세,중상
2015091800100494,2015년 9월 18일 16시,금요일,인천광역시 중구 운서동,경상사고,0,0,1,0,차대차 - 정면충돌,안전운전불이행,건조,맑음,교차로 - 교차로안,화물,남,49세,상해없음,승용,남,40세,경상
2015091800100541,2015년 9월 18일 17시,금요일,인천광역시 연수구 동춘동,중상사고,0,1,0,0,차대차 - 기타,차로위반,건조,맑음,단일로 - 기타,승용,남,34세,상해없음,승용,여,53세,중상
2015091800100587,2015년 9월 18일 18시,금요일,인천광역시 부평구 부평동,경상사고,0,0,1,0,차대사람 - 기타,안전운전불이행,건조,맑음,단일로 - 기타,승용,남,28세,상해없음,보행자,남,10세,경상
2015091800100588,2015년 9월 18일 18시,금요일,인천광역시 남동구 간석동,경상사고,0,0,2,0,차대차 - 측면직각충돌,교차로운행방법위반,건조,맑음,교차로 - 교차로안,이륜,남,17세,상해없음,승용,남,55세,경상
2015091800100649,2015년 9월 18일 19시,금요일,인천광역시 중구 신흥동3가,경상사고,0,0,3,0,차대차 - 추돌 - 진행중,차로위반,건조,맑음,단일로 - 기타,승용,남,69세,경상,화물,남,61세,경상
2015091800100650,2015년 9월 18일 19시,금요일,인천광역시 남구 용현동,경상사고,0,0,1,0,차대사람 - 기타,안전운전불이행,건조,맑음,단일로 - 기타,승용,여,32세,상해없음,보행자,남,63세,경상
2015091800100651,2015년 9월 18일 19시,금요일,인천광역시 남구 관교동,경상사고,0,0,1,0,차량단독 - 기타,안전운전불이행,건조,맑음,단일로 - 기타,승용,남,69세,상해없음,,,,
2015091800100652,2015년 9월 18일 19시,금요일,인천광역시 남동구 구월동,경상사고,0,0,2,0,차대차 - 측면직각충돌,안전거리미확보,건조,흐림,단일로 - 기타,승용,여,53세,경상,승합,남,57세,상해없음
2015091800100710,2015년 9월 18일 20시,금요일,인천광역시 강화군 강화읍,경상사고,0,0,2,0,차대차 - 기타,안전운전불이행,건조,맑음,단일로 - 기타,승용,남,68세,상해없음,승용,남,53세,경상
2015091800100711,2015년 9월 18일 20시,금요일,인천광역시 연수구 동춘동,중상사고,0,1,0,0,차량단독 - 기타,기타,건조,맑음,단일로 - 기타,승합,남,47세,상해없음,,,,
2015091800100748,2015년 9월 18일 21시,금요일,인천광역시 중구 운남동,중상사고,0,1,2,0,차대차 - 측면직각충돌,직진우회전진행방해,건조,맑음,교차로 - 교차로안,승합,남,50세,상해없음,화물,남,67세,상해없음
2015091800100787,2015년 9월 18일 22시,금요일,인천광역시 동구 송림동,중상사고,0,1,3,0,차대차 - 측면직각충돌,안전운전불이행,건조,맑음,단일로 - 기타,승용,남,66세,경상,승용,남,33세,중상
2015091800100824,2015년 9월 18일 23시,금요일,인천광역시 남구 관교동,경상사고,0,0,3,0,차대차 - 추돌 - 진행중,안전운전불이행,건조,맑음,단일로 - 기타,승용,남,30세,상해없음,승용,남,26세,경상
2015091900100082,2015년 9월 19일 03시,토요일,인천광역시 남구 학익동,중상사고,0,1,0,0,차대차 - 측면직각충돌,안전운전불이행,건조,맑음,단일로 - 기타,승용,남,40세,상해없음,화물,남,25세,기타불명
2015091900100083,2015년 9월 19일 03시,토요일,인천광역시 남동구 고잔동,경상사고,0,0,1,0,차대차 - 추돌 - 주정차중,과속,건조,맑음,단일로 - 기타,승합,남,55세,상해없음,화물,남,44세,기타불명
2015091900100118,2015년 9월 19일 05시,토요일,인천광역시 남동구 구월동,경상사고,0,0,2,0,차대차 - 측면직각충돌,안전운전불이행,건조,맑음,교차로 - 교차로부근,승용,남,30세,상해없음,화물,남,37세,경상
2015091900100119,2015년 9월 19일 05시,토요일,인천광역시 부평구 갈산동,중상사고,0,1,0,0,차대차 - 기타,안전운전불이행,건조,맑음,교차로 - 교차로안,승용,여,58세,상해없음,자전거,여,56세,중상
2015091900100147,2015년 9월 19일 06시,토요일,인천광역시 서구 석남동,경상사고,0,0,1,0,차대차 - 추돌 - 진행중,안전운전불이행,건조,맑음,교차로 - 교차로부근,승용,남,24세,상해없음,화물,남,61세,경상
2015091900100159,2015년 9월 19일 07시,토요일,인천광역시 남동구 고잔동,경상사고,0,0,3,0,차대차 - 추돌 - 주정차중,안전운전불이행,건조,맑음,단일로 - 기타,승용,남,56세,상해없음,승용,여,43세,경상
2015091900100293,2015년 9월 19일 11시,토요일,인천광역시 남동구 구월동,경상사고,0,0,1,0,차대차 - 정면충돌,안전운전불이행,건조,맑음,교차로 - 교차로안,승용,남,27세,상해없음,승용,남,63세,상해없음
2015091900100294,2015년 9월 19일 11시,토요일,인천광역시 서구 경서동,경상사고,0,0,1,0,차대차 - 추돌 - 주정차중,안전운전불이행,건조,맑음,단일로 - 기타,승용,남,28세,상해없음,이륜,남,35세,경상
2015091900100335,2015년 9월 19일 12시,토요일,인천광역시 남동구 구월동,경상사고,0,0,1,0,차대차 - 측면직각충돌,교차로운행방법위반,건조,맑음,교차로 - 교차로안,자전거,남,63세,경상,이륜,남,33세,상해없음
2015091900100377,2015년 9월 19일 13시,토요일,인천광역시 남동구 고잔동,부상신고사고,0,0,0,1,차대차 - 측면직각충돌,안전운전불이행,건조,맑음,교차로 - 교차로안,화물,남,24세,상해없음,자전거,남,20세,부상신고
2015091900100378,2015년 9월 19일 13시,토요일,인천광역시 남동구 논현동,경상사고,0,0,1,0,차대사람 - 횡단중,안전운전불이행,건조,맑음,교차로 - 교차로부근,승용,여,61세,상해없음,보행자,여,72세,경상
2015091900100421,2015년 9월 19일 14시,토요일,인천광역시 남동구 만수동,중상사고,0,1,0,0,차대차 - 측면직각충돌,안전운전불이행,건조,맑음,단일로 - 기타,승용,남,72세,중상,승합,남,50세,상해없음
2015091900100422,2015년 9월 19일 14시,토요일,인천광역시 계양구 효성동,경상사고,0,0,1,0,차대차 - 측면직각충돌,안전운전불이행,건조,맑음,단일로 - 기타,승용,남,68세,상해없음,승용,남,50세,상해없음
2015091900100508,2015년 9월 19일 16시,토요일,인천광역시 남동구 간석동,경상사고,0,0,1,0,차대차 - 측면직각충돌,안전운전불이행,건조,맑음,교차로 - 교차로부근,승용,남,61세,기타불명,자전거,남,7세,경상
2015091900100558,2015년 9월 19일 17시,토요일,인천광역시 중구 신흥동3가,경상사고,0,0,1,0,차대차 - 기타,안전운전불이행,건조,맑음,단일로 - 기타,승용,여,57세,상해없음,승용,남,36세,경상
2015091900100559,2015년 9월 19일 17시,토요일,인천광역시 부평구 산곡동,중상사고,0,1,0,0,차대사람 - 길가장자리구역통행중,안전운전불이행,건조,맑음,단일로 - 기타,승용,여,51세,상해없음,보행자,여,45세,중상
2015091900100560,2015년 9월 19일 17시,토요일,인천광역시 남동구 구월동,경상사고,0,0,1,0,차대차 - 측면직각충돌,안전거리미확보,건조,맑음,단일로 - 기타,승용,여,23세,상해없음,승용,남,43세,경상
2015091900100562,2015년 9월 19일 17시,토요일,인천광역시 강화군 강화읍,경상사고,0,0,1,0,차대차 - 추돌 - 주정차중,기타,건조,맑음,단일로 - 기타,승용,남,62세,상해없음,이륜,남,58세,경상
2015091900100603,2015년 9월 19일 18시,토요일,인천광역시 중구 운남동,경상사고,0,0,1,0,차대차 - 측면직각충돌,안전거리미확보,건조,맑음,단일로 - 기타,승용,여,39세,상해없음,이륜,남,34세,경상
2015091900100604,2015년 9월 19일 18시,토요일,인천광역시 남구 문학동,경상사고,0,0,1,0,차대차 - 기타,안전운전불이행,건조,맑음,단일로 - 기타,승합,남,52세,상해없음,승용,남,54세,경상
2015091900100605,2015년 9월 19일 18시,토요일,인천광역시 부평구 청천동,중상사고,0,1,1,0,차대차 - 추돌 - 진행중,안전거리미확보,건조,맑음,단일로 - 교량,승용,여,57세,상해없음,승용,남,28세,중상
2015091900100606,2015년 9월 19일 18시,토요일,인천광역시 계양구 귤현동,경상사고,0,0,1,0,차대차 - 추돌 - 진행중,안전운전불이행,건조,맑음,단일로 - 교량,승용,남,65세,기타불명,승용,남,27세,경상
2015091900100662,2015년 9월 19일 19시,토요일,인천광역시 강화군 강화읍,부상신고사고,0,0,0,1,차대차 - 기타,안전운전불이행,건조,맑음,교차로 - 교차로안,자전거,남,68세,부상신고,이륜,남,25세,상해없음
2015091900100698,2015년 9월 19일 20시,토요일,인천광역시 남구 학익동,경상사고,0,0,1,0,차대차 - 추돌 - 주정차중,안전운전불이행,건조,맑음,단일로 - 기타,승용,여,40세,상해없음,승용,남,35세,경상
2015091900100699,2015년 9월 19일 20시,토요일,인천광역시 남구 문학동,경상사고,0,0,4,0,차대차 - 측면직각충돌,안전거리미확보,건조,맑음,교차로 - 교차로부근,승용,남,42세,상해없음,승용,남,57세,경상
2015091900100700,2015년 9월 19일 20시,토요일,인천광역시 부평구 부평동,경상사고,0,0,1,0,차대차 - 기타,안전운전불이행,건조,맑음,단일로 - 횡단보도부근,승용,남,64세,상해없음,자전거,남,56세,경상
2015091900100764,2015년 9월 19일 22시,토요일,인천광역시 남구 주안동,경상사고,0,0,1,0,차대차 - 기타,중앙선침범,건조,맑음,단일로 - 기타,승용,남,26세,상해없음,원동기,남,19세,경상
2015091900100800,2015년 9월 19일 23시,토요일,인천광역시 중구 을왕동,경상사고,0,0,1,0,차대사람 - 기타,안전운전불이행,건조,맑음,단일로 - 기타,승용,남,28세,상해없음,보행자,여,18세,경상
2015092000100013,2015년 9월 20일 00시,일요일,인천광역시 부평구 부평동,경상사고,0,0,1,0,차대차 - 기타,신호위반,건조,맑음,교차로 - 교차로안,승용,남,47세,상해없음,이륜,남,18세,경상
2015092000100039,2015년 9월 20일 01시,일요일,인천광역시 남구 주안동,경상사고,0,0,3,0,차대차 - 측면직각충돌,안전운전불이행,건조,맑음,단일로 - 기타,승용,남,22세,상해없음,승용,남,56세,경상
2015092000100142,2015년 9월 20일 08시,일요일,인천광역시 중구 경동,중상사고,0,1,0,0,차대사람 - 횡단중,안전운전불이행,건조,맑음,단일로 - 기타,승용,남,26세,상해없음,보행자,여,59세,중상
2015092000100143,2015년 9월 20일 08시,일요일,인천광역시 남동구 만수동,부상신고사고,0,0,0,1,차대사람 - 횡단중,안전운전불이행,건조,맑음,단일로 - 횡단보도상,승용,기타불명,기타불명,기타불명,보행자,여,24세,부상신고
2015092000100164,2015년 9월 20일 09시,일요일,인천광역시 남동구 구월동,경상사고,0,0,1,0,차대사람 - 길가장자리구역통행중,안전운전불이행,건조,맑음,단일로 - 기타,승용,여,26세,상해없음,보행자,여,40세,경상
2015092000100194,2015년 9월 20일 10시,일요일,인천광역시 연수구 연수동,경상사고,0,0,6,0,차대차 - 측면직각충돌,안전운전불이행,건조,맑음,교차로 - 교차로부근,승용,남,33세,상해없음,승용,남,32세,경상
2015092000100216,2015년 9월 20일 11시,일요일,인천광역시 옹진군 연평면,경상사고,0,0,1,0,차대차 - 정면충돌,안전운전불이행,건조,맑음,단일로 - 기타,승용,남,31세,상해없음,승용,여,58세,경상
2015092000100217,2015년 9월 20일 11시,일요일,인천광역시 서구 석남동,경상사고,0,0,1,0,차대차 - 추돌 - 주정차중,안전운전불이행,건조,맑음,단일로 - 기타,승용,남,55세,상해없음,승용,여,54세,경상
2015092000100252,2015년 9월 20일 12시,일요일,인천광역시 서구 가정동,중상사고,0,2,3,1,차대차 - 측면직각충돌,신호위반,건조,맑음,교차로 - 교차로안,승용,남,39세,상해없음,승용,남,41세,중상
2015092000100253,2015년 9월 20일 12시,일요일,인천광역시 서구 신현동,경상사고,0,0,3,0,차대차 - 추돌 - 진행중,안전운전불이행,건조,맑음,교차로 - 교차로안,승용,남,47세,상해없음,승용,여,48세,상해없음
2015092000100283,2015년 9월 20일 13시,일요일,인천광역시 서구 가정동,경상사고,0,0,1,0,차대차 - 측면직각충돌,안전운전불이행,습기,맑음,단일로 - 기타,승용,남,22세,상해없음,승용,남,58세,경상
2015092000100284,2015년 9월 20일 13시,일요일,인천광역시 계양구 둑실동,중상사고,0,1,0,0,차대차 - 측면직각충돌,안전운전불이행,건조,맑음,단일로 - 기타,자전거,남,61세,상해없음,자전거,여,32세,중상
2015092000100310,2015년 9월 20일 14시,일요일,인천광역시 남구 주안동,경상사고,0,0,1,0,차대사람 - 횡단중,신호위반,건조,맑음,교차로 - 교차로안,승용,남,62세,상해없음,보행자,여,17세,경상
2015092000100348,2015년 9월 20일 15시,일요일,인천광역시 부평구 부평동,경상사고,0,0,1,0,차대사람 - 기타,안전운전불이행,건조,맑음,단일로 - 기타,승용,남,41세,기타불명,보행자,여,13세,경상
2015092000100531,2015년 9월 20일 20시,일요일,인천광역시 중구 운서동,경상사고,0,0,7,0,차대차 - 기타,과속,건조,맑음,단일로 - 기타,승용,남,30세,경상,승용,남,20세,경상
2015092000100532,2015년 9월 20일 20시,일요일,인천광역시 서구 경서동,중상사고,0,1,0,0,차대차 - 측면직각충돌,안전운전불이행,건조,맑음,교차로 - 교차로안,이륜,남,48세,중상,승용,남,56세,상해없음
2015092000100578,2015년 9월 20일 22시,일요일,인천광역시 남구 도화동,경상사고,0,0,4,0,차대차 - 측면직각충돌,안전운전불이행,건조,맑음,교차로 - 교차로안,승용,남,59세,상해없음,승합,남,47세,경상
2015092000100579,2015년 9월 20일 22시,일요일,인천광역시 계양구 작전동,중상사고,0,1,0,0,차대사람 - 횡단중,안전운전불이행,건조,맑음,단일로 - 기타,승용,남,41세,상해없음,보행자,남,61세,중상
2015092100100021,2015년 9월 21일 01시,월요일,인천광역시 남동구 장수동,경상사고,0,0,2,0,차대차 - 측면직각충돌,신호위반,건조,맑음,교차로 - 교차로안,승용,남,26세,상해없음,승용,남,61세,경상
2015092100100053,2015년 9월 21일 05시,월요일,인천광역시 남구 주안동,경상사고,0,0,1,0,차대사람 - 기타,안전운전불이행,건조,맑음,교차로 - 교차로부근,승용,남,24세,상해없음,보행자,남,38세,경상
2015092100100054,2015년 9월 21일 05시,월요일,인천광역시 서구 가좌동,부상신고사고,0,0,0,1,차량단독 - 공작물충돌,안전운전불이행,건조,맑음,단일로 - 기타,원동기,남,16세,부상신고,,,,
2015092100100144,2015년 9월 21일 08시,월요일,인천광역시 중구 운서동,경상사고,0,0,1,0,차대차 - 측면직각충돌,안전운전불이행,건조,맑음,교차로 - 교차로안,화물,남,58세,상해없음,승용,남,61세,경상
2015092100100145,2015년 9월 21일 08시,월요일,인천광역시 남구 주안동,중상사고,0,1,0,0,차대차 - 측면직각충돌,교차로운행방법위반,건조,맑음,교차로 - 교차로안,승합,남,64세,상해없음,이륜,남,22세,중상
2015092100100181,2015년 9월 21일 09시,월요일,인천광역시 서구 가정동,중상사고,0,1,2,0,차대차 - 측면직각충돌,중앙선침범,건조,맑음,단일로 - 기타,승용,남,27세,상해없음,승용,남,43세,중상
2015092100100182,2015년 9월 21일 09시,월요일,인천광역시 서구 가정동,경상사고,0,0,1,0,차대차 - 측면직각충돌,안전운전불이행,건조,맑음,단일로 - 기타,기타불명,기타불명,기타불명,기타불명,승용,여,49세,경상
2015092100100223,2015년 9월 21일 10시,월요일,인천광역시 서구 공촌동,경상사고,0,0,1,0,차대사람 - 횡단중,안전운전불이행,건조,맑음,미분류 - 미분류,승용,남,41세,상해없음,보행자,남,55세,경상
2015092100100224,2015년 9월 21일 10시,월요일,인천광역시 부평구 구산동,경상사고,0,0,1,0,차대차 - 측면직각충돌,차로위반,건조,맑음,단일로 - 기타,승용,남,24세,상해없음,승용,남,57세,경상
2015092100100253,2015년 9월 21일 11시,월요일,인천광역시 남구 숭의동,중상사고,0,1,0,0,차대사람 - 기타,안전운전불이행,건조,맑음,교차로 - 교차로안,화물,남,40세,상해없음,보행자,여,83세,중상
2015092100100254,2015년 9월 21일 11시,월요일,인천광역시 부평구 부평동,경상사고,0,0,2,0,차대차 - 기타,안전운전불이행,건조,맑음,단일로 - 기타,승용,남,37세,상해없음,승용,남,51세,경상
2015092100100289,2015년 9월 21일 12시,월요일,인천광역시 서구 석남동,경상사고,0,0,2,0,차대차 - 측면직각충돌,안전운전불이행,건조,맑음,단일로 - 기타,승용,남,49세,경상,승용,남,38세,경상
2015092100100414,2015년 9월 21일 15시,월요일,인천광역시 부평구 부평동,중상사고,0,1,0,0,차대차 - 기타,안전운전불이행,건조,맑음,교차로 - 교차로부근,승용,남,31세,상해없음,자전거,남,7세,중상
2015092100100473,2015년 9월 21일 16시,월요일,인천광역시 남동구 간석동,중상사고,0,1,0,0,차대사람 - 차도통행중,안전운전불이행,건조,맑음,교차로 - 교차로안,승용,남,68세,상해없음,보행자,남,15세,중상
2015092100100534,2015년 9월 21일 17시,월요일,인천광역시 중구 신흥동3가,중상사고,0,1,0,0,차대차 - 기타,신호위반,건조,맑음,교차로 - 교차로안,승용,남,53세,상해없음,승용,여,33세,중상
2015092100100535,2015년 9월 21일 17시,월요일,인천광역시 서구 검암동,부상신고사고,0,0,0,1,차대차 - 추돌 - 진행중,안전운전불이행,건조,맑음,교차로 - 교차로안,승용,남,68세,상해없음,자전거,남,8세,부상신고
2015092100100593,2015년 9월 21일 18시,월요일,인천광역시 중구 항동7가,중상사고,0,1,0,0,차대사람 - 횡단중,안전운전불이행,건조,맑음,단일로 - 기타,화물,남,56세,상해없음,보행자,여,48세,중상
2015092100100594,2015년 9월 21일 18시,월요일,인천광역시 남구 도화동,중상사고,0,1,0,0,차대차 - 측면직각충돌,신호위반,건조,맑음,교차로 - 교차로안,이륜,남,38세,상해없음,자전거,남,29세,중상
2015092100100595,2015년 9월 21일 18시,월요일,인천광역시 계양구 계산동,중상사고,0,1,0,0,차대사람 - 횡단중,안전운전불이행,건조,맑음,단일로 - 기타,승용,남,40세,상해없음,보행자,여,60세,중상
2015092100100638,2015년 9월 21일 19시,월요일,인천광역시 부평구 산곡동,경상사고,0,0,1,0,차량단독 - 기타,안전운전불이행,건조,맑음,교차로 - 교차로안,이륜,남,17세,경상,,,,
2015092100100639,2015년 9월 21일 19시,월요일,인천광역시 남동구 논현동,중상사고,0,1,0,0,차대차 - 측면직각충돌,안전거리미확보,건조,맑음,단일로 - 기타,화물,남,41세,상해없음,이륜,남,33세,중상
2015092100100669,2015년 9월 21일 20시,월요일,인천광역시 중구 항동7가,중상사고,0,1,0,0,차대차 - 측면직각충돌,신호위반,건조,맑음,교차로 - 교차로안,승용,남,56세,상해없음,승용,여,32세,중상
2015092100100703,2015년 9월 21일 21시,월요일,인천광역시 남동구 간석동,경상사고,0,0,3,0,차대차 - 측면직각충돌,신호위반,건조,맑음,교차로 - 교차로부근,승용,남,45세,경상,승용,남,43세,경상
2015092100100704,2015년 9월 21일 21시,월요일,인천광역시 남동구 논현동,중상사고,0,1,0,0,차량단독 - 공작물충돌,안전운전불이행,건조,맑음,단일로 - 기타,승용,여,63세,중상,,,,
2015092100100705,2015년 9월 21일 21시,월요일,인천광역시 서구 마전동,중상사고,0,1,0,0,차대차 - 추돌 - 진행중,안전운전불이행,건조,맑음,단일로 - 기타,승용,남,43세,상해없음,승용,남,24세,중상
2015092100100731,2015년 9월 21일 22시,월요일,인천광역시 남동구 수산동,사망사고,1,0,0,0,차대사람 - 차도통행중,안전운전불이행,건조,맑음,단일로 - 기타,승용,남,50세,기타불명,보행자,남,63세,사망
2015092200100015,2015년 9월 22일 00시,화요일,인천광역시 계양구 계산동,부상신고사고,0,0,0,1,차대사람 - 횡단중,안전운전불이행,건조,맑음,교차로 - 교차로안,승용,남,28세,상해없음,보행자,남,60세,부상신고
2015092200100027,2015년 9월 22일 01시,화요일,인천광역시 남구 주안동,경상사고,0,0,3,0,차대사람 - 기타,신호위반,건조,맑음,단일로 - 기타,승용,남,51세,상해없음,보행자,남,46세,경상
2015092200100028,2015년 9월 22일 01시,화요일,인천광역시 남동구 간석동,경상사고,0,0,1,0,차대차 - 측면직각충돌,차로위반,건조,맑음,단일로 - 기타,승용,남,47세,상해없음,승용,남,47세,경상
2015092200100042,2015년 9월 22일 04시,화요일,인천광역시 남구 용현동,중상사고,0,1,0,0,차대차 - 측면직각충돌,안전운전불이행,건조,맑음,교차로 - 교차로부근,승합,남,44세,상해없음,자전거,남,56세,중상
2015092200100043,2015년 9월 22일 04시,화요일,인천광역시 부평구 산곡동,중상사고,0,1,1,0,차대차 - 정면충돌,중앙선침범,건조,맑음,단일로 - 기타,승용,남,48세,경상,승용,남,70세,중상
2015092200100052,2015년 9월 22일 05시,화요일,인천광역시 남구 도화동,중상사고,0,1,1,0,차대차 - 측면직각충돌,안전운전불이행,건조,맑음,교차로 - 교차로안,승용,남,75세,상해없음,화물,남,57세,중상
2015092200100053,2015년 9월 22일 05시,화요일,인천광역시 계양구 효성동,경상사고,0,0,1,0,차대차 - 측면직각충돌,신호위반,건조,맑음,교차로 - 교차로안,승용,남,42세,상해없음,승합,남,58세,상해없음
2015092200100163,2015년 9월 22일 08시,화요일,인천광역시 중구 항동7가,중상사고,0,1,1,0,차대차 - 기타,신호위반,건조,맑음,교차로 - 교차로안,화물,남,47세,경상,승용,여,42세,중상
2015092200100164,2015년 9월 22일 08시,화요일,인천광역시 부평구 청천동,경상사고,0,0,3,0,차대차 - 측면직각충돌,신호위반,건조,맑음,교차로 - 교차로안,승합,남,55세,상해없음,승용,남,58세,경상