사고번호,사고일시,요일,시군구,사고내용,사망자수,중상자수,경상자수,부상신고자수,사고유형,법규위반,노면상태,기상상태,도로형태,가해운전자 차종,가해운전자 성별,가해운전자 연령,가해운전자 상해정도,피해운전자 차종,피해운전자 성별,피해운전자 연령,피해운전자 상해정도
2015092800100010,2015년 9월 28일 00시,월요일,인천광역시 서구 가정동,경상사고,0,0,1,0,차대차 - 측면직각충돌,안전운전불이행,건조,맑음,교차로 - 교차로안,승용,남,46세,상해없음,승용,남,33세,경상
2015092800100021,2015년 9월 28일 01시,월요일,인천광역시 서구 연희동,중상사고,0,1,0,0,차대사람 - 차도통행중,안전운전불이행,건조,맑음,단일로 - 기타,승용,남,18세,상해없음,보행자,남,45세,중상
2015092800100086,2015년 9월 28일 07시,월요일,인천광역시 남동구 도림동,경상사고,0,0,2,0,차대차 - 추돌 - 주정차중,안전운전불이행,건조,맑음,단일로 - 기타,승용,남,23세,상해없음,승합,남,46세,상해없음
2015092800100142,2015년 9월 28일 11시,월요일,인천광역시 강화군 삼산면,중상사고,0,1,0,0,차대차 - 정면충돌,중앙선침범,건조,맑음,단일로 - 기타,이륜,여,27세,중상,승용,남,53세,상해없음
2015092800100167,2015년 9월 28일 12시,월요일,인천광역시 남동구 간석동,경상사고,0,0,2,0,차대차 - 측면직각충돌,교차로운행방법위반,건조,맑음,교차로 - 교차로안,승용,남,46세,상해없음,승용,여,43세,경상
2015092800100192,2015년 9월 28일 13시,월요일,인천광역시 중구 신흥동3가,경상사고,0,0,3,0,차대차 - 기타,안전운전불이행,건조,맑음,단일로 - 기타,승용,남,42세,경상,이륜,남,39세,경상
2015092800100193,2015년 9월 28일 13시,월요일,인천광역시 남동구 간석동,중상사고,0,1,0,0,차대사람 - 횡단중,보행자보호의무위반,건조,맑음,단일로 - 기타,승용,남,72세,상해없음,보행자,여,54세,중상
2015092800100216,2015년 9월 28일 14시,월요일,인천광역시 중구 운서동,중상사고,0,3,3,3,차대차 - 측면직각충돌,신호위반,건조,맑음,교차로 - 교차로안,승용,남,55세,중상,승용,남,54세,중상
2015092800100250,2015년 9월 28일 15시,월요일,인천광역시 서구 가정동,중상사고,0,1,0,0,차대차 - 추돌 - 진행중,안전운전불이행,건조,맑음,단일로 - 횡단보도부근,승용,여,38세,상해없음,승용,남,28세,상해없음
2015092800100251,2015년 9월 28일 15시,월요일,인천광역시 서구 검암동,경상사고,0,0,1,0,차대사람 - 기타,안전운전불이행,건조,맑음,단일로 - 기타,승합,남,46세,상해없음,보행자,남,52세,경상
2015092800100278,2015년 9월 28일 16시,월요일,인천광역시 중구 운서동,중상사고,0,1,0,0,차대사람 - 횡단중,안전운전불이행,건조,맑음,단일로 - 기타,승용,여,24세,상해없음,보행자,남,62세,중상
2015092800100279,2015년 9월 28일 16시,월요일,인천광역시 남동구 간석동,부상신고사고,0,0,0,1,차대차 - 추돌 - 진행중,안전운전불이행,건조,맑음,단일로 - 기타,원동기,남,28세,부상신고,승용,남,65세,상해없음
2015092800100314,2015년 9월 28일 17시,월요일,인천광역시 중구 을왕동,부상신고사고,0,0,0,2,차대차 - 추돌 - 진행중,안전거리미확보,건조,맑음,단일로 - 기타,승용,남,36세,상해없음,승용,남,44세,부상신고
2015092800100343,2015년 9월 28일 18시,월요일,인천광역시 부평구 부개동,경상사고,0,0,1,0,차대차 - 측면직각충돌,안전운전불이행,건조,맑음,교차로 - 교차로부근,승용,여,67세,상해없음,이륜,남,44세,경상
2015092800100412,2015년 9월 28일 20시,월요일,인천광역시 남구 용현동,경상사고,0,0,1,1,차대차 - 측면직각충돌,중앙선침범,건조,맑음,교차로 - 교차로부근,승용,남,68세,상해없음,승용,여,28세,경상
2015092800100466,2015년 9월 28일 22시,월요일,인천광역시 서구 마전동,경상사고,0,0,2,0,차대차 - 측면직각충돌,중앙선침범,건조,맑음,교차로 - 교차로안,승용,남,54세,상해없음,승용,남,33세,경상
2015092900100019,2015년 9월 29일 00시,화요일,인천광역시 서구 가정동,경상사고,0,0,1,0,차대차 - 추돌 - 진행중,안전운전불이행,건조,맑음,단일로 - 교량,승용,남,25세,상해없음,승용,남,38세,상해없음
2015092900100044,2015년 9월 29일 02시,화요일,인천광역시 서구 석남동,중상사고,0,1,0,0,차대사람 - 기타,안전운전불이행,건조,맑음,단일로 - 기타,승용,남,22세,상해없음,보행자,여,44세,중상
2015092900100071,2015년 9월 29일 04시,화요일,인천광역시 연수구 동춘동,경상사고,0,0,1,0,차대차 - 기타,안전운전불이행,건조,맑음,교차로 - 교차로부근,승용,남,22세,상해없음,승용,여,39세,경상
2015092900100087,2015년 9월 29일 06시,화요일,인천광역시 남동구 간석동,경상사고,0,0,1,0,차대차 - 정면충돌,안전운전불이행,건조,맑음,단일로 - 기타,승용,남,50세,상해없음,승용,남,71세,상해없음
2015092900100196,2015년 9월 29일 12시,화요일,인천광역시 계양구 계산동,경상사고,0,0,1,0,차대차 - 측면직각충돌,차로위반,건조,맑음,단일로 - 기타,승용,남,67세,상해없음,승합,남,49세,상해없음
2015092900100264,2015년 9월 29일 14시,화요일,인천광역시 부평구 산곡동,경상사고,0,0,1,0,차대차 - 추돌 - 주정차중,안전거리미확보,건조,맑음,교차로 - 교차로안,승합,남,23세,상해없음,승용,남,40세,경상
2015092900100265,2015년 9월 29일 14시,화요일,인천광역시 남동구 간석동,경상사고,0,0,1,0,차대차 - 측면직각충돌,신호위반,건조,맑음,교차로 - 교차로안,승용,남,55세,상해없음,승용,남,41세,상해없음
2015092900100404,2015년 9월 29일 18시,화요일,인천광역시 남동구 논현동,사망사고,1,0,0,0,차대차 - 측면직각충돌,신호위반,건조,맑음,교차로 - 교차로안,원동기,남,52세,사망,승용,남,40세,상해없음
2015092900100469,2015년 9월 29일 20시,화요일,인천광역시 남구 주안동,중상사고,0,1,0,0,차대사람 - 횡단중,안전운전불이행,건조,맑음,단일로 - 기타,승용,남,66세,상해없음,보행자,여,57세,중상
2015092900100470,2015년 9월 29일 20시,화요일,인천광역시 서구 당하동,부상신고사고,0,0,0,1,차대사람 - 횡단중,보행자보호의무위반,건조,맑음,단일로 - 기타,승용,남,30세,상해없음,보행자,남,17세,부상신고
2015092900100504,2015년 9월 29일 21시,화요일,인천광역시 남구 용현동,경상사고,0,0,1,0,차대사람 - 횡단중,보행자보호의무위반,건조,맑음,교차로 - 교차로안,승용,남,57세,상해없음,보행자,남,8세,경상
2015092900100505,2015년 9월 29일 21시,화요일,인천광역시 부평구 부평동,중상사고,0,1,0,0,차대사람 - 횡단중,안전운전불이행,건조,맑음,교차로 - 교차로안,화물,남,24세,상해없음,보행자,남,73세,중상
2015092900100506,2015년 9월 29일 21시,화요일,인천광역시 남동구 장수동,중상사고,0,1,0,0,차대사람 - 횡단중,안전운전불이행,건조,맑음,단일로 - 기타,승용,여,43세,상해없음,보행자,남,66세,중상
2015093000100077,2015년 9월 30일 06시,수요일,인천광역시 서구 연희동,경상사고,0,0,1,0,차대차 - 기타,기타,건조,맑음,교차로 - 교차로부근,승용,남,42세,상해없음,승용,남,60세,경상
2015093000100222,2015년 9월 30일 10시,수요일,인천광역시 계양구 동양동,경상사고,0,0,1,0,차대차 - 기타,안전거리미확보,건조,맑음,단일로 - 기타,승합,남,37세,상해없음,승합,남,39세,상해없음
2015093000100223,2015년 9월 30일 10시,수요일,인천광역시 강화군 강화읍,중상사고,0,1,0,0,차대차 - 측면직각충돌,안전운전불이행,건조,맑음,단일로 - 기타,승용,남,49세,상해없음,승용,여,38세,중상
2015093000100250,2015년 9월 30일 11시,수요일,인천광역시 중구 중산동,경상사고,0,0,1,0,차대차 - 기타,안전운전불이행,건조,맑음,단일로 - 기타,승용,남,40세,상해없음,승용,남,46세,경상
2015093000100316,2015년 9월 30일 13시,수요일,인천광역시 서구 신현동,경상사고,0,0,1,0,차대차 - 측면직각충돌,안전운전불이행,건조,맑음,교차로 - 교차로안,승용,남,65세,상해없음,승용,여,47세,경상
2015093000100317,2015년 9월 30일 13시,수요일,인천광역시 연수구 송도동,경상사고,0,0,1,0,차대차 - 추돌 - 진행중,신호위반,건조,맑음,단일로 - 기타,승합,남,51세,상해없음,승용,여,33세,경상
2015093000100318,2015년 9월 30일 13시,수요일,인천광역시 부평구 삼산동,중상사고,0,1,0,0,차대차 - 측면직각충돌,교차로운행방법위반,건조,흐림,교차로 - 교차로안,승용,남,65세,상해없음,자전거,남,71세,중상
2015093000100353,2015년 9월 30일 14시,수요일,인천광역시 부평구 부평동,중상사고,0,1,0,0,차대사람 - 횡단중,신호위반,건조,맑음,단일로 - 횡단보도상,화물,남,49세,상해없음,보행자,여,78세,중상
2015093000100391,2015년 9월 30일 15시,수요일,인천광역시 남동구 간석동,경상사고,0,0,1,0,차대사람 - 길가장자리구역통행중,안전운전불이행,건조,맑음,단일로 - 기타,승용,남,55세,상해없음,보행자,남,72세,경상
2015093000100392,2015년 9월 30일 15시,수요일,인천광역시 남동구 만수동,경상사고,0,0,2,0,차대차 - 추돌 - 진행중,안전거리미확보,건조,맑음,단일로 - 기타,승용,남,51세,상해없음,승용,남,40세,경상
2015093000100393,2015년 9월 30일 15시,수요일,인천광역시 계양구 효성동,경상사고,0,0,1,0,차대차 - 측면직각충돌,신호위반,건조,맑음,교차로 - 교차로안,승용,여,39세,상해없음,승용,남,57세,경상
2015093000100432,2015년 9월 30일 16시,수요일,인천광역시 연수구 동춘동,경상사고,0,0,1,0,차대차 - 기타,안전운전불이행,건조,맑음,단일로 - 기타,승용,여,46세,상해없음,자전거,남,9세,경상
2015093000100466,2015년 9월 30일 17시,수요일,인천광역시 남동구 만수동,경상사고,0,0,1,0,차대사람 - 횡단중,안전운전불이행,건조,흐림,교차로 - 교차로부근,승용,여,35세,상해없음,보행자,여,63세,경상
2015093000100467,2015년 9월 30일 17시,수요일,인천광역시 남동구 간석동,중상사고,0,2,2,0,차대차 - 측면직각충돌,교차로운행방법위반,건조,맑음,교차로 - 교차로안,승용,남,59세,상해없음,승합,남,46세,경상
2015093000100555,2015년 9월 30일 19시,수요일,인천광역시 남동구 구월동,경상사고,0,0,1,0,차대차 - 측면직각충돌,안전운전불이행,건조,맑음,교차로 - 교차로안,승용,남,54세,기타불명,승합,남,49세,상해없음
2015093000100556,2015년 9월 30일 19시,수요일,인천광역시 남동구 구월동,경상사고,0,0,1,0,차대차 - 추돌 - 진행중,안전운전불이행,건조,맑음,단일로 - 기타,승용,남,26세,상해없음,승용,남,59세,경상
2015093000100557,2015년 9월 30일 19시,수요일,인천광역시 계양구 효성동,경상사고,0,0,1,0,차대차 - 측면직각충돌,안전운전불이행,건조,맑음,교차로 - 교차로안,승합,남,47세,상해없음,원동기,남,58세,경상
2015093000100594,2015년 9월 30일 20시,수요일,인천광역시 남구 문학동,경상사고,0,0,1,0,차대사람 - 보도통행중,기타,건조,맑음,단일로 - 기타,화물,남,33세,상해없음,보행자,남,15세,경상
2015093000100649,2015년 9월 30일 22시,수요일,인천광역시 서구 경서동,경상사고,0,0,1,0,차대차 - 정면충돌,중앙선침범,건조,맑음,교차로 - 교차로부근,승용,남,39세,상해없음,승용,남,37세,경상
2015093000100650,2015년 9월 30일 22시,수요일,인천광역시 부평구 갈산동,경상사고,0,0,1,0,차대차 - 추돌 - 주정차중,안전운전불이행,건조,맑음,교차로 - 교차로부근,승용,남,58세,상해없음,승용,남,56세,경상
2015093000100676,2015년 9월 30일 23시,수요일,인천광역시 남동구 간석동,중상사고,0,1,0,0,차대사람 - 횡단중,보행자보호의무위반,건조,맑음,단일로 - 횡단보도상,화물,남,35세,상해없음,보행자,남,36세,중상
2015100100100116,2015년 10월 1일 06시,목요일,인천광역시 남구 학익동,경상사고,0,0,1,0,차대차 - 측면직각충돌,안전거리미확보,습기,맑음,교차로 - 교차로부근,화물,남,47세,상해없음,승용,여,42세,경상
2015100100100139,2015년 10월 1일 07시,목요일,인천광역시 서구 가좌동,경상사고,0,0,1,0,차대사람 - 길가장자리구역통행중,안전운전불이행,습기,흐림,단일로 - 기타,승용,기타불명,기타불명,기타불명,보행자,여,46세,경상
2015100100100173,2015년 10월 1일 08시,목요일,인천광역시 부평구 산곡동,중상사고,0,1,0,0,차대사람 - 횡단중,안전운전불이행,건조,맑음,단일로 - 기타,승용,여,40세,상해없음,보행자,여,15세,중상
2015100100100217,2015년 10월 1일 09시,목요일,인천광역시 서구 공촌동,중상사고,0,3,2,0,차대차 - 측면직각충돌,안전운전불이행,습기,비,단일로 - 기타,화물,남,58세,상해없음,승용,남,48세,중상
2015100100100266,2015년 10월 1일 11시,목요일,인천광역시 남구 용현동,중상사고,0,1,0,0,차대차 - 측면직각충돌,신호위반,습기,비,교차로 - 교차로안,승용,여,45세,중상,특수,남,53세,상해없음
2015100100100300,2015년 10월 1일 12시,목요일,인천광역시 중구 신생동,중상사고,0,1,2,0,차대차 - 추돌 - 진행중,안전운전불이행,습기,비,단일로 - 기타,화물,남,33세,상해없음,승용,남,65세,경상
2015100100100333,2015년 10월 1일 13시,목요일,인천광역시 중구 운서동,부상신고사고,0,0,0,1,차대사람 - 횡단중,안전운전불이행,건조,맑음,단일로 - 기타,기타불명,기타불명,기타불명,기타불명,보행자,여,62세,부상신고
2015100100100363,2015년 10월 1일 14시,목요일,인천광역시 부평구 삼산동,경상사고,0,0,1,0,차대차 - 측면직각충돌,안전운전불이행,건조,맑음,교차로 - 교차로안,승용,남,40세,경상,승합,남,49세,상해없음
2015100100100402,2015년 10월 1일 15시,목요일,인천광역시 남동구 논현동,경상사고,0,0,1,0,차대차 - 측면직각충돌,안전운전불이행,건조,맑음,단일로 - 기타,승합,여,66세,상해없음,자전거,남,9세,경상
2015100100100501,2015년 10월 1일 18시,목요일,인천광역시 부평구 부평동,경상사고,0,0,1,0,차량단독 - 기타,안전운전불이행,건조,맑음,단일로 - 기타,승합,남,53세,상해없음,,,,
2015100100100502,2015년 10월 1일 18시,목요일,인천광역시 남동구 운연동,경상사고,0,0,1,0,차량단독 - 공작물충돌,안전운전불이행,건조,맑음,단일로 - 기타,이륜,남,79세,경상,,,,
2015100100100503,2015년 10월 1일 18시,목요일,인천광역시 부평구 갈산동,중상사고,0,1,0,0,차대사람 - 횡단중,신호위반,습기,비,단일로 - 횡단보도상,승용,남,36세,상해없음,보행자,남,69세,중상
2015100100100539,2015년 10월 1일 19시,목요일,인천광역시 남구 주안동,경상사고,0,0,6,0,차대차 - 측면직각충돌,안전운전불이행,건조,맑음,교차로 - 교차로부근,승용,남,21세,상해없음,화물,남,58세,경상
2015100100100567,2015년 10월 1일 20시,목요일,인천광역시 남구 용현동,경상사고,0,0,1,0,차대차 - 기타,안전운전불이행,건조,맑음,교차로 - 교차로부근,승용,여,44세,상해없음,승용,남,48세,경상
2015100100100568,2015년 10월 1일 20시,목요일,인천광역시 부평구 부평동,부상신고사고,0,0,0,1,차량단독 - 기타,기타,건조,맑음,단일로 - 기타,이륜,남,26세,부상신고,,,,
2015100100100569,2015년 10월 1일 20시,목요일,인천광역시 남동구 고잔동,경상사고,0,0,1,0,차대차 - 측면직각충돌,신호위반,건조,맑음,교차로 - 교차로안,승용,남,48세,상해없음,이륜,남,26세,경상
2015100100100570,2015년 10월 1일 20시,목요일,인천광역시 서구 연희동,중상사고,0,1,0,0,차대차 - 측면직각충돌,교차로운행방법위반,건조,맑음,교차로 - 교차로안,승용,남,55세,상해없음,자전거,남,37세,중상
2015100100100593,2015년 10월 1일 21시,목요일,인천광역시 서구 연희동,중상사고,0,1,0,0,차대차 - 측면직각충돌,신호위반,건조,맑음,교차로 - 교차로안,승용,남,47세,상해없음,이륜,남,51세,중상
2015100200100010,2015년 10월 2일 00시,금요일,인천광역시 부평구 십정동,경상사고,0,0,1,0,차대사람 - 기타,중앙선침범,건조,맑음,단일로 - 기타,기타불명,남,65세,상해없음,보행자,남,43세,경상
2015100200100011,2015년 10월 2일 00시,금요일,인천광역시 부평구 부개동,경상사고,0,0,1,0,차대사람 - 횡단중,신호위반,건조,흐림,교차로 - 교차로안,기타불명,기타불명,기타불명,기타불명,보행자,여,57세,경상
2015100200100061,2015년 10월 2일 05시,금요일,인천광역시 남동구 만수동,중상사고,0,3,0,0,차대차 - 측면직각충돌,안전운전불이행,건조,맑음,단일로 - 기타,승합,남,33세,상해없음,승합,남,49세,중상
2015100200100103,2015년 10월 2일 07시,금요일,인천광역시 남구 숭의동,경상사고,0,0,1,0,차대차 - 기타,안전운전불이행,건조,맑음,단일로 - 기타,승용,남,54세,상해없음,승용,남,40세,경상
2015100200100104,2015년 10월 2일 07시,금요일,인천광역시 부평구 청천동,중상사고,0,1,0,0,차대사람 - 기타,안전운전불이행,건조,맑음,교차로 - 교차로안,승용,남,39세,상해없음,보행자,남,81세,중상
2015100200100156,2015년 10월 2일 08시,금요일,인천광역시 남구 관교동,중상사고,0,1,0,0,차대사람 - 횡단중,안전운전불이행,건조,맑음,단일로 - 기타,승용,남,54세,상해없음,보행자,남,14세,중상
2015100200100157,2015년 10월 2일 08시,금요일,인천광역시 남동구 장수동,경상사고,0,0,1,0,차대차 - 추돌 - 주정차중,안전운전불이행,건조,맑음,단일로 - 기타,승용,여,35세,상해없음,승용,여,35세,경상
2015100200100236,2015년 10월 2일 10시,금요일,인천광역시 남동구 만수동,경상사고,0,0,2,0,차대차 - 추돌 - 주정차중,안전운전불이행,건조,맑음,단일로 - 기타,화물,남,62세,상해없음,승용,남,34세,경상
2015100200100237,2015년 10월 2일 10시,금요일,인천광역시 부평구 부개동,중상사고,0,1,0,0,차대차 - 기타,안전운전불이행,건조,맑음,교차로 - 교차로부근,승합,남,64세,상해없음,승용,남,66세,중상
2015100200100264,2015년 10월 2일 11시,금요일,인천광역시 강화군 강화읍,중상사고,0,1,0,0,차대사람 - 기타,보행자보호의무위반,건조,맑음,단일로 - 기타,승용,여,67세,상해없음,보행자,여,58세,중상
2015100200100298,2015년 10월 2일 12시,금요일,인천광역시 계양구 임학동,사망사고,1,0,0,0,차대차 - 측면직각충돌,차로위반,건조,맑음,교차로 - 교차로안,원동기,남,86세,사망,승용,남,43세,상해없음
2015100200100343,2015년 10월 2일 13시,금요일,인천광역시 남동구 간석동,경상사고,0,0,1,0,차대차 - 측면직각충돌,안전거리미확보,건조,맑음,단일로 - 기타,이륜,남,72세,경상,승용,여,60세,상해없음
2015100200100382,2015년 10월 2일 14시,금요일,인천광역시 서구 연희동,경상사고,0,0,2,0,차대차 - 측면직각충돌,안전운전불이행,건조,맑음,단일로 - 기타,승용,남,37세,경상,승용,여,34세,경상
2015100200100383,2015년 10월 2일 14시,금요일,인천광역시 강화군 강화읍,중상사고,0,1,0,0,차대차 - 기타,안전운전불이행,건조,맑음,교차로 - 교차로안,화물,남,57세,상해없음,승용,여,64세,상해없음
2015100200100436,2015년 10월 2일 15시,금요일,인천광역시 서구 마전동,중상사고,0,1,0,0,차대차 - 측면직각충돌,안전운전불이행,건조,맑음,단일로 - 기타,자전거,남,75세,중상,승용,여,65세,상해없음
2015100200100483,2015년 10월 2일 16시,금요일,인천광역시 서구 당하동,중상사고,0,1,0,0,차대사람 - 횡단중,안전운전불이행,건조,맑음,단일로 - 횡단보도부근,승용,여,46세,상해없음,보행자,여,8세,중상
2015100200100521,2015년 10월 2일 17시,금요일,인천광역시 남구 용현동,경상사고,0,0,1,0,차대차 - 기타,안전운전불이행,건조,맑음,교차로 - 교차로안,화물,남,56세,상해없음,승용,남,36세,경상
2015100200100522,2015년 10월 2일 17시,금요일,인천광역시 서구 가좌동,부상신고사고,0,0,0,1,차대차 - 추돌 - 진행중,안전운전불이행,건조,맑음,단일로 - 기타,기타불명,기타불명,기타불명,기타불명,자전거,남,55세,부상신고
2015100200100627,2015년 10월 2일 19시,금요일,인천광역시 서구 불로동,중상사고,0,1,0,0,차대차 - 측면직각충돌,안전운전불이행,건조,맑음,단일로 - 기타,승용,남,41세,상해없음,원동기,남,17세,중상
2015100200100668,2015년 10월 2일 20시,금요일,인천광역시 중구 운서동,부상신고사고,0,0,0,1,차대차 - 정면충돌,안전운전불이행,건조,맑음,단일로 - 기타,자전거,남,17세,부상신고,승용,여,46세,상해없음
2015100200100669,2015년 10월 2일 20시,금요일,인천광역시 남구 문학동,부상신고사고,0,0,0,1,차량단독 - 공작물충돌,안전운전불이행,건조,맑음,단일로 - 기타,승용,남,55세,부상신고,,,,
2015100200100670,2015년 10월 2일 20시,금요일,인천광역시 남동구 논현동,경상사고,0,0,1,0,차대차 - 추돌 - 주정차중,안전운전불이행,건조,맑음,단일로 - 기타,승용,여,43세,상해없음,승용,여,30세,기타불명
2015100200100707,2015년 10월 2일 21시,금요일,인천광역시 계양구 갈현동,경상사고,0,0,1,0,차량단독 - 기타,안전운전불이행,건조,맑음,교차로 - 교차로부근,승합,남,56세,상해없음,,,,
2015100200100740,2015년 10월 2일 22시,금요일,인천광역시 남구 용현동,중상사고,0,1,0,0,차대사람 - 횡단중,신호위반,건조,맑음,교차로 - 교차로안,승합,남,35세,상해없음,보행자,여,15세,중상
2015100200100766,2015년 10월 2일 23시,금요일,인천광역시 남동구 고잔동,경상사고,0,0,1,0,차대차 - 측면직각충돌,신호위반,건조,맑음,교차로 - 교차로안,승용,남,57세,상해없음,승용,남,38세,경상
2015100300100027,2015년 10월 3일 00시,토요일,인천광역시 남구 용현동,중상사고,0,1,0,0,차대차 - 기타,안전운전불이행,건조,맑음,단일로 - 기타,승용,남,15세,상해없음,승용,남,24세,중상
2015100300100028,2015년 10월 3일 00시,토요일,인천광역시 남동구 논현동,중상사고,0,1,0,0,차대사람 - 횡단중,중앙선침범,건조,맑음,단일로 - 기타,화물,남,61세,상해없음,보행자,남,24세,중상
2015100300100029,2015년 10월 3일 00시,토요일,인천광역시 연수구 옥련동,중상사고,0,2,2,0,차대차 - 측면직각충돌,신호위반,건조,맑음,단일로 - 기타,승용,남,24세,중상,승용,남,44세,중상
2015100300100105,2015년 10월 3일 05시,토요일,인천광역시 남동구 구월동,중상사고,0,1,0,0,차대사람 - 차도통행중,안전운전불이행,건조,맑음,단일로 - 기타,승용,남,59세,상해없음,보행자,여,57세,중상
2015100300100106,2015년 10월 3일 05시,토요일,인천광역시 계양구 작전동,경상사고,0,0,1,0,차대차 - 측면직각충돌,신호위반,건조,맑음,교차로 - 교차로안,승용,남,51세,상해없음,승용,남,57세,경상
2015100300100120,2015년 10월 3일 06시,토요일,인천광역시 남구 숭의동,부상신고사고,0,0,0,1,차량단독 - 기타,기타,건조,맑음,교차로 - 교차로부근,자전거,남,53세,부상신고,,,,
2015100300100121,2015년 10월 3일 06시,토요일,인천광역시 남구 학익동,경상사고,0,0,1,0,차대차 - 기타,안전운전불이행,건조,맑음,단일로 - 기타,승합,남,53세,상해없음,승용,여,28세,경상
2015100300100122,2015년 10월 3일 06시,토요일,인천광역시 남동구 간석동,중상사고,0,1,0,0,차대사람 - 보도통행중,안전운전불이행,건조,맑음,교차로 - 교차로안,승용,남,51세,상해없음,보행자,남,47세,중상
2015100300100123,2015년 10월 3일 06시,토요일,인천광역시 남동구 구월동,중상사고,0,1,1,0,차대차 - 측면직각충돌,안전운전불이행,건조,맑음,교차로 - 교차로안,승용,남,27세,상해없음,승용,남,61세,중상
2015100300100151,2015년 10월 3일 08시,토요일,인천광역시 남동구 고잔동,경상사고,0,0,1,0,차대차 - 추돌 - 주정차중,안전운전불이행,건조,맑음,교차로 - 교차로부근,승용,남,40세,상해없음,승합,남,53세,경상
2015100300100180,2015년 10월 3일 09시,토요일,인천광역시 계양구 계산동,중상사고,0,1,0,0,차대차 - 측면직각충돌,신호위반,건조,맑음,단일로 - 횡단보도상,승용,여,66세,상해없음,이륜,여,54세,중상
2015100300100211,2015년 10월 3일 10시,토요일,인천광역시 중구 운서동,경상사고,0,0,4,0,차대차 - 측면직각충돌,안전운전불이행,건조,맑음,교차로 - 교차로안,승용,여,25세,경상,승용,여,41세,경상
2015100300100212,2015년 10월 3일 10시,토요일,인천광역시 남구 주안동,경상사고,0,0,3,0,차대차 - 측면직각충돌,교차로운행방법위반,건조,맑음,교차로 - 교차로안,승용,여,41세,상해없음,승용,남,41세,경상
2015100300100213,2015년 10월 3일 10시,토요일,인천광역시 부평구 부평동,경상사고,0,0,2,0,차대차 - 추돌 - 주정차중,안전운전불이행,건조,맑음,단일로 - 기타,승용,남,51세,상해없음,승용,남,34세,경상
2015100300100306,2015년 10월 3일 13시,토요일,인천광역시 서구 원당동,경상사고,0,0,1,0,차대사람 - 횡단중,안전운전불이행,건조,맑음,단일로 - 기타,승용,남,41세,상해없음,보행자,남,12세,경상
2015100300100307,2015년 10월 3일 13시,토요일,인천광역시 계양구 박촌동,경상사고,0,0,1,0,차대차 - 측면직각충돌,안전운전불이행,건조,맑음,기타 - 기타,자전거,남,53세,경상,화물,남,69세,기타불명
2015100300100339,2015년 10월 3일 14시,토요일,인천광역시 남동구 구월동,경상사고,0,0,1,0,차대차 - 추돌 - 주정차중,안전운전불이행,건조,맑음,단일로 - 기타,화물,남,45세,상해없음,승용,남,67세,경상
2015100300100384,2015년 10월 3일 15시,토요일,인천광역시 남구 도화동,중상사고,0,1,0,0,차대사람 - 기타,안전운전불이행,건조,맑음,교차로 - 교차로부근,승용,여,42세,상해없음,보행자,남,9세,중상
2015100300100385,2015년 10월 3일 15시,토요일,인천광역시 남동구 만수동,중상사고,0,1,0,0,차대사람 - 횡단중,안전운전불이행,건조,맑음,단일로 - 기타,승용,여,69세,상해없음,보행자,남,16세,중상
2015100300100386,2015년 10월 3일 15시,토요일,인천광역시 계양구 작전동,경상사고,0,0,1,0,차대사람 - 기타,안전운전불이행,건조,맑음,교차로 - 교차로안,승용,남,47세,상해없음,보행자,여,55세,경상
2015100300100387,2015년 10월 3일 15시,토요일,인천광역시 강화군 강화읍,부상신고사고,0,0,0,1,차대차 - 추돌 - 진행중,안전운전불이행,건조,맑음,단일로 - 기타,자전거,남,16세,부상신고,이륜,남,54세,상해없음
2015100300100419,2015년 10월 3일 16시,토요일,인천광역시 강화군 선원면,경상사고,0,0,2,0,차대차 - 측면직각충돌,안전운전불이행,건조,맑음,교차로 - 교차로안,승용,남,53세,경상,이륜,남,30세,경상
2015100300100420,2015년 10월 3일 16시,토요일,인천광역시 연수구 선학동,경상사고,0,0,1,0,차대사람 - 기타,중앙선침범,건조,맑음,기타 - 기타,자전거,남,22세,상해없음,보행자,여,63세,경상
2015100300100465,2015년 10월 3일 17시,토요일,인천광역시 동구 송현동,중상사고,0,1,0,0,차대차 - 기타,안전운전불이행,건조,맑음,교차로 - 교차로부근,화물,남,46세,상해없음,이륜,남,54세,중상
2015100300100466,2015년 10월 3일 17시,토요일,인천광역시 계양구 장기동,경상사고,0,0,2,0,차대차 - 추돌 - 주정차중,안전운전불이행,건조,맑음,단일로 - 기타,승합,남,53세,상해없음,승용,남,35세,경상
2015100300100467,2015년 10월 3일 17시,토요일,인천광역시 부평구 삼산동,중상사고,0,1,0,0,차대사람 - 횡단중,보행자보호의무위반,건조,맑음,단일로 - 횡단보도상,승용,남,37세,상해없음,보행자,남,33세,중상
2015100300100550,2015년 10월 3일 19시,토요일,인천광역시 남구 숭의동,경상사고,0,0,2,0,차대차 - 측면직각충돌,신호위반,건조,맑음,교차로 - 교차로안,승용,여,49세,상해없음,승용,남,57세,경상
2015100300100551,2015년 10월 3일 19시,토요일,인천광역시 남동구 구월동,부상신고사고,0,0,0,1,차대차 - 측면직각충돌,교차로운행방법위반,건조,맑음,단일로 - 기타,이륜,남,19세,부상신고,이륜,남,29세,상해없음