사고번호,사고일시,요일,시군구,사고내용,사망자수,중상자수,경상자수,부상신고자수,사고유형,법규위반,노면상태,기상상태,도로형태,가해운전자 차종,가해운전자 성별,가해운전자 연령,가해운전자 상해정도,피해운전자 차종,피해운전자 성별,피해운전자 연령,피해운전자 상해정도
2015101800100190,2015년 10월 18일 10시,일요일,인천광역시 중구 운서동,부상신고사고,0,0,0,2,차대사람 - 기타,안전운전불이행,건조,맑음,단일로 - 기타,승용,남,42세,상해없음,보행자,남,26세,부상신고
2015101800100191,2015년 10월 18일 10시,일요일,인천광역시 남동구 간석동,경상사고,0,0,2,0,차대차 - 측면직각충돌,신호위반,건조,맑음,단일로 - 기타,승용,남,35세,상해없음,승용,여,57세,경상
2015101800100216,2015년 10월 18일 11시,일요일,인천광역시 부평구 부개동,경상사고,0,0,1,0,차량단독 - 기타,기타,건조,맑음,교차로 - 교차로부근,승합,남,58세,상해없음,,,,
2015101800100272,2015년 10월 18일 13시,일요일,인천광역시 옹진군 북도면,사망사고,1,0,0,0,차량단독 - 전도전복,안전운전불이행,건조,맑음,단일로 - 기타,원동기,남,76세,사망,,,,
2015101800100273,2015년 10월 18일 13시,일요일,인천광역시 서구 당하동,중상사고,0,1,0,0,차대차 - 추돌 - 주정차중,신호위반,건조,맑음,단일로 - 기타,승용,남,42세,상해없음,이륜,남,55세,중상
2015101800100317,2015년 10월 18일 14시,일요일,인천광역시 부평구 십정동,경상사고,0,0,2,0,차대차 - 추돌 - 주정차중,안전거리미확보,건조,맑음,교차로 - 교차로부근,승용,여,29세,상해없음,이륜,남,62세,경상
2015101800100318,2015년 10월 18일 14시,일요일,인천광역시 부평구 부평동,경상사고,0,0,1,0,차대차 - 추돌 - 주정차중,안전운전불이행,건조,맑음,단일로 - 기타,승용,여,40세,상해없음,승용,남,42세,상해없음
2015101800100319,2015년 10월 18일 14시,일요일,인천광역시 남동구 서창동,경상사고,0,0,1,0,차대차 - 측면직각충돌,안전운전불이행,건조,맑음,단일로 - 기타,자전거,남,68세,경상,승용,남,46세,상해없음
2015101800100320,2015년 10월 18일 14시,일요일,인천광역시 남동구 구월동,경상사고,0,0,2,0,차대사람 - 횡단중,안전운전불이행,건조,맑음,단일로 - 기타,승용,남,29세,상해없음,보행자,남,6세,경상
2015101800100413,2015년 10월 18일 17시,일요일,인천광역시 남동구 논현동,경상사고,0,0,1,0,차대차 - 측면직각충돌,안전운전불이행,건조,맑음,단일로 - 기타,승용,남,47세,상해없음,자전거,여,25세,경상
2015101800100414,2015년 10월 18일 17시,일요일,인천광역시 계양구 상야동,경상사고,0,0,2,0,차대차 - 추돌 - 진행중,안전운전불이행,건조,맑음,교차로 - 교차로부근,화물,남,56세,상해없음,승용,남,33세,경상
2015101800100415,2015년 10월 18일 17시,일요일,인천광역시 계양구 갈현동,경상사고,0,0,1,0,차대차 - 추돌 - 진행중,안전운전불이행,건조,맑음,교차로 - 교차로부근,승용,남,41세,상해없음,승용,남,39세,상해없음
2015101800100416,2015년 10월 18일 17시,일요일,인천광역시 부평구 부개동,중상사고,0,1,0,0,차대차 - 측면직각충돌,안전운전불이행,건조,맑음,교차로 - 교차로안,승용,여,52세,상해없음,자전거,남,74세,중상
2015101800100461,2015년 10월 18일 18시,일요일,인천광역시 남구 숭의동,중상사고,0,1,3,0,차대차 - 측면직각충돌,신호위반,건조,맑음,교차로 - 교차로안,화물,남,63세,상해없음,승용,남,50세,경상
2015101800100462,2015년 10월 18일 18시,일요일,인천광역시 남구 용현동,경상사고,0,0,2,0,차대차 - 추돌 - 진행중,안전운전불이행,건조,맑음,단일로 - 기타,승용,남,27세,상해없음,승용,남,51세,경상
2015101800100463,2015년 10월 18일 18시,일요일,인천광역시 계양구 갈현동,중상사고,0,1,0,0,차대차 - 측면직각충돌,안전운전불이행,건조,맑음,단일로 - 기타,승용,남,55세,상해없음,원동기,남,42세,중상
2015101800100524,2015년 10월 18일 20시,일요일,인천광역시 남구 주안동,경상사고,0,0,1,0,차대차 - 기타,안전운전불이행,건조,맑음,교차로 - 교차로부근,승용,남,46세,상해없음,승용,남,52세,경상
2015101800100564,2015년 10월 18일 22시,일요일,인천광역시 남동구 간석동,경상사고,0,0,2,0,차대차 - 측면직각충돌,교차로운행방법위반,건조,맑음,교차로 - 교차로부근,화물,남,46세,상해없음,승용,남,51세,경상
2015101800100565,2015년 10월 18일 22시,일요일,인천광역시 서구 가좌동,경상사고,0,0,1,0,차대사람 - 기타,안전운전불이행,건조,맑음,단일로 - 기타,화물,남,44세,상해없음,보행자,남,53세,경상
2015101800100566,2015년 10월 18일 22시,일요일,인천광역시 계양구 효성동,경상사고,0,0,1,0,차대차 - 측면직각충돌,안전운전불이행,건조,맑음,교차로 - 교차로안,승용,남,24세,상해없음,승용,남,61세,경상
2015101800100567,2015년 10월 18일 22시,일요일,인천광역시 부평구 삼산동,경상사고,0,0,1,0,차대차 - 추돌 - 주정차중,안전운전불이행,건조,흐림,단일로 - 기타,승용,남,26세,상해없음,화물,남,38세,경상
2015101800100587,2015년 10월 18일 23시,일요일,인천광역시 부평구 산곡동,사망사고,1,0,0,0,차량단독 - 기타,안전운전불이행,건조,맑음,교차로 - 교차로부근,이륜,남,34세,사망,,,,
2015101900100047,2015년 10월 19일 04시,월요일,인천광역시 서구 검암동,중상사고,0,1,1,0,차대차 - 측면직각충돌,신호위반,건조,맑음,교차로 - 교차로안,승용,남,58세,상해없음,승용,남,70세,중상
2015101900100072,2015년 10월 19일 06시,월요일,인천광역시 연수구 동춘동,중상사고,0,1,0,0,차대차 - 측면직각충돌,안전운전불이행,습기,안개,단일로 - 기타,자전거,남,65세,중상,승용,남,37세,상해없음
2015101900100153,2015년 10월 19일 08시,월요일,인천광역시 남동구 장수동,경상사고,0,0,1,0,차대사람 - 횡단중,보행자보호의무위반,건조,맑음,단일로 - 횡단보도상,승용,남,56세,상해없음,보행자,여,46세,경상
2015101900100154,2015년 10월 19일 08시,월요일,인천광역시 남동구 만수동,경상사고,0,0,1,0,차대차 - 측면직각충돌,안전거리미확보,건조,맑음,단일로 - 기타,승용,남,75세,상해없음,승용,남,35세,경상
2015101900100194,2015년 10월 19일 09시,월요일,인천광역시 남동구 간석동,경상사고,0,0,2,0,차대차 - 측면직각충돌,신호위반,건조,맑음,교차로 - 교차로안,승용,남,56세,상해없음,승용,남,64세,경상
2015101900100195,2015년 10월 19일 09시,월요일,인천광역시 계양구 계산동,중상사고,0,1,1,0,차대차 - 측면직각충돌,안전운전불이행,건조,맑음,단일로 - 교량,승용,남,30세,상해없음,화물,남,34세,경상
2015101900100254,2015년 10월 19일 11시,월요일,인천광역시 남구 학익동,경상사고,0,0,1,0,차대차 - 추돌 - 진행중,안전운전불이행,건조,맑음,단일로 - 기타,이륜,남,46세,상해없음,승용,남,55세,경상
2015101900100309,2015년 10월 19일 13시,월요일,인천광역시 계양구 계산동,경상사고,0,0,1,0,차대사람 - 횡단중,안전운전불이행,건조,맑음,교차로 - 교차로부근,화물,남,55세,상해없음,보행자,남,2세,경상
2015101900100310,2015년 10월 19일 13시,월요일,인천광역시 연수구 연수동,경상사고,0,0,1,0,차대차 - 기타,안전운전불이행,건조,맑음,단일로 - 기타,승용,여,60세,상해없음,이륜,남,23세,경상
2015101900100402,2015년 10월 19일 15시,월요일,인천광역시 서구 경서동,경상사고,0,0,2,0,차대차 - 측면직각충돌,안전거리미확보,건조,맑음,단일로 - 기타,승합,남,62세,상해없음,화물,남,56세,상해없음
2015101900100482,2015년 10월 19일 17시,월요일,인천광역시 남동구 간석동,경상사고,0,0,1,0,차대사람 - 길가장자리구역통행중,안전운전불이행,건조,맑음,단일로 - 기타,승용,남,20세,상해없음,보행자,여,83세,경상
2015101900100483,2015년 10월 19일 17시,월요일,인천광역시 강화군 하점면,중상사고,0,1,0,0,차대차 - 기타,안전운전불이행,건조,맑음,단일로 - 기타,승용,남,40세,상해없음,자전거,남,68세,중상
2015101900100546,2015년 10월 19일 18시,월요일,인천광역시 남동구 간석동,중상사고,0,1,0,0,차대차 - 추돌 - 주정차중,안전운전불이행,건조,맑음,단일로 - 기타,승용,여,40세,상해없음,승용,여,29세,중상
2015101900100600,2015년 10월 19일 19시,월요일,인천광역시 중구 운서동,경상사고,0,0,1,0,차대차 - 측면직각충돌,안전운전불이행,건조,맑음,단일로 - 횡단보도상,승용,남,30세,상해없음,이륜,남,80세,경상
2015101900100674,2015년 10월 19일 22시,월요일,인천광역시 동구 화평동,부상신고사고,0,0,0,1,차대사람 - 기타,안전운전불이행,건조,맑음,단일로 - 기타,승용,기타불명,기타불명,기타불명,보행자,남,49세,부상신고
2015101900100675,2015년 10월 19일 22시,월요일,인천광역시 서구 백석동,경상사고,0,0,2,0,차대차 - 추돌 - 주정차중,안전운전불이행,습기,흐림,교차로 - 교차로부근,승용,남,56세,상해없음,승용,여,54세,경상
2015102000100037,2015년 10월 20일 02시,화요일,인천광역시 남동구 간석동,경상사고,0,0,1,0,차대차 - 측면직각충돌,안전운전불이행,건조,맑음,교차로 - 교차로부근,승용,여,32세,상해없음,이륜,남,31세,경상
2015102000100052,2015년 10월 20일 04시,화요일,인천광역시 남동구 구월동,중상사고,0,1,1,0,차대차 - 측면직각충돌,안전운전불이행,건조,맑음,교차로 - 교차로안,원동기,남,15세,중상,승용,남,59세,경상
2015102000100148,2015년 10월 20일 08시,화요일,인천광역시 계양구 임학동,경상사고,0,0,1,0,차대차 - 추돌 - 주정차중,안전운전불이행,건조,맑음,교차로 - 교차로부근,승용,남,44세,상해없음,승용,여,37세,경상
2015102000100149,2015년 10월 20일 08시,화요일,인천광역시 계양구 효성동,경상사고,0,0,2,0,차대차 - 기타,안전운전불이행,건조,맑음,교차로 - 교차로안,승용,남,47세,상해없음,승용,여,38세,경상
2015102000100150,2015년 10월 20일 08시,화요일,인천광역시 부평구 일신동,중상사고,0,1,0,0,차대사람 - 횡단중,안전운전불이행,건조,맑음,교차로 - 교차로부근,승용,남,48세,상해없음,보행자,여,81세,중상
2015102000100231,2015년 10월 20일 10시,화요일,인천광역시 남구 용현동,경상사고,0,0,1,0,차대사람 - 기타,안전운전불이행,건조,맑음,단일로 - 기타,승용,여,43세,상해없음,보행자,여,87세,경상
2015102000100232,2015년 10월 20일 10시,화요일,인천광역시 서구 경서동,경상사고,0,0,2,0,차대차 - 추돌 - 진행중,안전운전불이행,건조,맑음,단일로 - 기타,승용,여,45세,상해없음,승용,여,34세,경상
2015102000100279,2015년 10월 20일 11시,화요일,인천광역시 계양구 계산동,중상사고,0,1,0,0,차대차 - 기타,안전운전불이행,건조,맑음,단일로 - 기타,화물,남,52세,상해없음,자전거,여,60세,중상
2015102000100339,2015년 10월 20일 13시,화요일,인천광역시 부평구 부평동,경상사고,0,0,7,0,차대차 - 정면충돌,교차로운행방법위반,건조,맑음,교차로 - 교차로안,승용,남,42세,기타불명,승용,여,54세,경상
2015102000100340,2015년 10월 20일 13시,화요일,인천광역시 계양구 계산동,경상사고,0,0,1,0,차대사람 - 기타,안전운전불이행,건조,맑음,단일로 - 기타,승용,남,38세,상해없음,보행자,남,68세,경상
2015102000100410,2015년 10월 20일 15시,화요일,인천광역시 남구 용현동,경상사고,0,0,1,0,차대차 - 측면직각충돌,안전운전불이행,건조,맑음,단일로 - 기타,승용,남,42세,상해없음,승용,남,42세,경상
2015102000100453,2015년 10월 20일 16시,화요일,인천광역시 남구 도화동,경상사고,0,0,1,0,차대사람 - 횡단중,보행자보호의무위반,건조,맑음,단일로 - 횡단보도상,승용,남,50세,상해없음,보행자,남,18세,경상
2015102000100454,2015년 10월 20일 16시,화요일,인천광역시 남동구 만수동,경상사고,0,0,1,0,차대차 - 측면직각충돌,안전운전불이행,건조,맑음,교차로 - 교차로안,승용,남,58세,상해없음,승용,남,36세,경상
2015102000100455,2015년 10월 20일 16시,화요일,인천광역시 연수구 동춘동,경상사고,0,0,1,0,차대차 - 기타,안전운전불이행,건조,맑음,단일로 - 횡단보도상,승용,남,36세,상해없음,자전거,남,17세,경상
2015102000100491,2015년 10월 20일 17시,화요일,인천광역시 남구 용현동,경상사고,0,0,1,0,차대사람 - 횡단중,보행자보호의무위반,건조,맑음,교차로 - 교차로부근,승용,남,43세,상해없음,보행자,남,15세,경상
2015102000100558,2015년 10월 20일 18시,화요일,인천광역시 부평구 청천동,경상사고,0,0,1,0,차대차 - 추돌 - 주정차중,안전운전불이행,건조,맑음,교차로 - 교차로부근,승용,남,42세,상해없음,승용,남,50세,상해없음
2015102000100559,2015년 10월 20일 18시,화요일,인천광역시 서구 연희동,경상사고,0,0,1,0,차대차 - 추돌 - 진행중,안전운전불이행,건조,맑음,교차로 - 교차로안,승용,남,62세,상해없음,승용,남,36세,경상
2015102000100595,2015년 10월 20일 19시,화요일,인천광역시 부평구 부평동,중상사고,0,1,1,0,차대차 - 측면직각충돌,신호위반,건조,맑음,교차로 - 교차로안,이륜,남,43세,중상,승용,여,28세,경상
2015102000100596,2015년 10월 20일 19시,화요일,인천광역시 서구 석남동,경상사고,0,0,1,0,차대차 - 측면직각충돌,신호위반,건조,맑음,교차로 - 교차로안,원동기,남,53세,경상,승용,남,28세,상해없음
2015102000100636,2015년 10월 20일 20시,화요일,인천광역시 부평구 부평동,경상사고,0,0,2,0,차대차 - 기타,중앙선침범,건조,맑음,단일로 - 횡단보도부근,승용,남,43세,상해없음,승용,남,35세,경상
2015102000100637,2015년 10월 20일 20시,화요일,인천광역시 남동구 구월동,중상사고,0,1,0,0,차대차 - 측면직각충돌,기타,건조,맑음,단일로 - 기타,승용,남,30세,상해없음,자전거,남,15세,중상
2015102000100687,2015년 10월 20일 22시,화요일,인천광역시 남동구 만수동,중상사고,0,1,0,0,차대사람 - 횡단중,안전운전불이행,건조,맑음,단일로 - 기타,승합,남,50세,상해없음,보행자,여,47세,중상
2015102000100688,2015년 10월 20일 22시,화요일,인천광역시 연수구 연수동,중상사고,0,1,0,0,차대사람 - 기타,안전운전불이행,건조,맑음,단일로 - 기타,승용,남,28세,상해없음,보행자,여,36세,중상
2015102100100016,2015년 10월 21일 00시,수요일,인천광역시 남동구 간석동,부상신고사고,0,0,0,2,차대사람 - 보도통행중,안전운전불이행,건조,맑음,단일로 - 기타,기타불명,기타불명,기타불명,기타불명,보행자,여,22세,부상신고
2015102100100017,2015년 10월 21일 00시,수요일,인천광역시 부평구 부평동,경상사고,0,0,1,0,차대차 - 기타,안전운전불이행,건조,맑음,단일로 - 기타,원동기,남,19세,경상,승용,남,23세,상해없음
2015102100100148,2015년 10월 21일 08시,수요일,인천광역시 서구 오류동,경상사고,0,0,1,0,차대차 - 정면충돌,안전운전불이행,건조,맑음,단일로 - 기타,자전거,여,61세,상해없음,자전거,남,42세,경상
2015102100100210,2015년 10월 21일 10시,수요일,인천광역시 동구 송림동,경상사고,0,0,1,0,차대차 - 측면직각충돌,안전운전불이행,건조,맑음,교차로 - 교차로부근,화물,남,40세,상해없음,승용,남,20세,경상
2015102100100254,2015년 10월 21일 12시,수요일,인천광역시 서구 불로동,경상사고,0,0,1,0,차대차 - 추돌 - 진행중,안전운전불이행,건조,맑음,단일로 - 교량,승용,남,56세,기타불명,승용,여,44세,경상
2015102100100306,2015년 10월 21일 14시,수요일,인천광역시 중구 내동,중상사고,0,1,0,0,차대사람 - 기타,안전운전불이행,건조,흐림,교차로 - 교차로안,화물,남,26세,상해없음,보행자,여,58세,중상
2015102100100307,2015년 10월 21일 14시,수요일,인천광역시 연수구 동춘동,경상사고,0,0,1,0,차대차 - 기타,안전운전불이행,건조,맑음,교차로 - 교차로부근,승용,여,38세,상해없음,자전거,남,26세,경상
2015102100100308,2015년 10월 21일 14시,수요일,인천광역시 부평구 부개동,경상사고,0,0,1,0,차대차 - 기타,안전운전불이행,건조,맑음,단일로 - 기타,화물,남,56세,상해없음,이륜,남,37세,경상
2015102100100330,2015년 10월 21일 15시,수요일,인천광역시 중구 전동,경상사고,0,0,1,0,차대사람 - 기타,안전운전불이행,건조,흐림,단일로 - 기타,승용,남,69세,상해없음,보행자,남,66세,경상
2015102100100331,2015년 10월 21일 15시,수요일,인천광역시 중구 신흥동3가,경상사고,0,0,2,0,차대차 - 기타,안전운전불이행,건조,맑음,단일로 - 기타,승합,남,43세,상해없음,화물,남,24세,경상
2015102100100332,2015년 10월 21일 15시,수요일,인천광역시 부평구 부평동,경상사고,0,0,1,0,차대사람 - 기타,안전운전불이행,건조,맑음,단일로 - 기타,승용,여,41세,상해없음,보행자,여,31세,경상
2015102100100333,2015년 10월 21일 15시,수요일,인천광역시 남동구 구월동,경상사고,0,0,1,0,차대차 - 추돌 - 진행중,안전운전불이행,건조,맑음,교차로 - 교차로부근,이륜,남,23세,상해없음,승용,남,62세,경상
2015102100100405,2015년 10월 21일 17시,수요일,인천광역시 남동구 구월동,경상사고,0,0,1,0,차대차 - 측면직각충돌,차로위반,건조,맑음,교차로 - 교차로부근,승용,남,32세,상해없음,이륜,남,19세,경상
2015102100100406,2015년 10월 21일 17시,수요일,인천광역시 계양구 병방동,경상사고,0,0,1,0,차대사람 - 기타,안전운전불이행,건조,맑음,단일로 - 기타,승용,남,52세,기타불명,보행자,여,24세,경상
2015102100100460,2015년 10월 21일 18시,수요일,인천광역시 강화군 길상면,중상사고,0,1,0,0,차대차 - 정면충돌,중앙선침범,건조,흐림,단일로 - 횡단보도상,승용,여,52세,상해없음,원동기,남,82세,중상
2015102100100498,2015년 10월 21일 19시,수요일,인천광역시 서구 가좌동,경상사고,0,0,1,0,차대차 - 기타,안전운전불이행,건조,맑음,단일로 - 기타,자전거,남,10세,경상,원동기,남,39세,상해없음
2015102100100499,2015년 10월 21일 19시,수요일,인천광역시 서구 마전동,중상사고,0,1,0,0,차대사람 - 횡단중,보행자보호의무위반,건조,맑음,교차로 - 교차로부근,승용,남,42세,상해없음,보행자,남,37세,중상
2015102100100533,2015년 10월 21일 20시,수요일,인천광역시 남구 주안동,경상사고,0,0,1,0,차대차 - 추돌 - 주정차중,안전운전불이행,습기,맑음,교차로 - 교차로부근,승용,남,59세,상해없음,승용,남,32세,경상
2015102100100534,2015년 10월 21일 20시,수요일,인천광역시 서구 심곡동,경상사고,0,0,1,0,차대사람 - 차도통행중,안전운전불이행,건조,맑음,단일로 - 기타,승용,남,38세,상해없음,보행자,남,23세,경상
2015102100100535,2015년 10월 21일 20시,수요일,인천광역시 계양구 임학동,중상사고,0,1,0,0,차대사람 - 기타,안전운전불이행,건조,맑음,교차로 - 교차로안,승용,여,50세,상해없음,보행자,여,77세,중상
2015102100100536,2015년 10월 21일 20시,수요일,인천광역시 계양구 작전동,경상사고,0,0,1,0,차대차 - 기타,신호위반,건조,맑음,교차로 - 교차로안,승용,남,56세,상해없음,이륜,남,16세,경상
2015102100100561,2015년 10월 21일 21시,수요일,인천광역시 남구 관교동,중상사고,0,1,0,0,차대사람 - 횡단중,안전운전불이행,건조,맑음,교차로 - 교차로부근,승용,여,69세,상해없음,보행자,남,54세,중상
2015102100100562,2015년 10월 21일 21시,수요일,인천광역시 남동구 고잔동,경상사고,0,0,1,0,차대차 - 측면직각충돌,신호위반,건조,맑음,교차로 - 교차로안,자전거,남,23세,경상,승합,남,61세,상해없음
2015102100100563,2015년 10월 21일 21시,수요일,인천광역시 계양구 계산동,중상사고,0,1,0,0,차대사람 - 기타,안전운전불이행,건조,맑음,단일로 - 기타,승용,남,34세,상해없음,보행자,여,61세,중상
2015102100100564,2015년 10월 21일 21시,수요일,인천광역시 부평구 구산동,경상사고,0,0,1,0,차대사람 - 횡단중,안전운전불이행,건조,맑음,교차로 - 교차로부근,승용,남,51세,상해없음,보행자,여,53세,경상
2015102100100590,2015년 10월 21일 22시,수요일,인천광역시 서구 경서동,경상사고,0,0,1,0,차대차 - 측면직각충돌,교차로운행방법위반,건조,맑음,교차로 - 교차로안,승용,여,36세,상해없음,자전거,남,32세,경상
2015102100100591,2015년 10월 21일 22시,수요일,인천광역시 서구 심곡동,경상사고,0,0,1,0,차대사람 - 기타,안전운전불이행,건조,맑음,단일로 - 기타,승용,남,25세,상해없음,보행자,남,52세,경상
2015102100100622,2015년 10월 21일 23시,수요일,인천광역시 남구 학익동,경상사고,0,0,1,0,차대사람 - 횡단중,신호위반,건조,맑음,단일로 - 횡단보도상,화물,남,49세,상해없음,보행자,남,30세,경상
2015102200100023,2015년 10월 22일 00시,목요일,인천광역시 부평구 부평동,경상사고,0,0,1,0,차대차 - 측면직각충돌,교차로운행방법위반,건조,맑음,교차로 - 교차로안,승용,남,33세,상해없음,승용,남,49세,경상
2015102200100043,2015년 10월 22일 02시,목요일,인천광역시 부평구 부평동,경상사고,0,0,1,0,차대차 - 추돌 - 주정차중,안전운전불이행,건조,맑음,교차로 - 교차로부근,승용,남,31세,상해없음,승용,남,32세,경상
2015102200100108,2015년 10월 22일 07시,목요일,인천광역시 남동구 만수동,중상사고,0,1,0,0,차대사람 - 횡단중,안전운전불이행,건조,맑음,단일로 - 횡단보도상,승용,남,43세,상해없음,보행자,남,28세,중상
2015102200100287,2015년 10월 22일 12시,목요일,인천광역시 계양구 작전동,중상사고,0,1,0,0,차대사람 - 기타,안전운전불이행,건조,맑음,단일로 - 기타,화물,남,41세,상해없음,보행자,여,15세,중상
2015102200100288,2015년 10월 22일 12시,목요일,인천광역시 부평구 갈산동,경상사고,0,0,2,0,차대차 - 측면직각충돌,중앙선침범,건조,맑음,단일로 - 기타,승용,남,33세,상해없음,승용,남,65세,경상
2015102200100327,2015년 10월 22일 13시,목요일,인천광역시 중구 항동7가,중상사고,0,1,0,0,차대사람 - 기타,안전운전불이행,건조,맑음,단일로 - 기타,건설기계,남,46세,상해없음,보행자,여,67세,중상
2015102200100357,2015년 10월 22일 14시,목요일,인천광역시 남동구 간석동,경상사고,0,0,1,0,차대사람 - 기타,기타,건조,맑음,단일로 - 기타,화물,남,28세,상해없음,보행자,여,9세,경상
2015102200100396,2015년 10월 22일 15시,목요일,인천광역시 남구 주안동,경상사고,0,0,1,0,차대사람 - 기타,안전운전불이행,건조,맑음,단일로 - 기타,승용,여,53세,상해없음,보행자,남,12세,경상
2015102200100465,2015년 10월 22일 17시,목요일,인천광역시 남동구 만수동,경상사고,0,0,1,0,차대차 - 측면직각충돌,교차로운행방법위반,건조,맑음,교차로 - 교차로안,승용,남,60세,상해없음,승용,남,55세,경상
2015102200100466,2015년 10월 22일 17시,목요일,인천광역시 계양구 효성동,경상사고,0,0,1,0,차대차 - 측면직각충돌,교차로운행방법위반,건조,맑음,교차로 - 교차로안,승용,여,48세,상해없음,자전거,남,11세,경상
2015102200100526,2015년 10월 22일 18시,목요일,인천광역시 남구 용현동,경상사고,0,0,1,0,차대차 - 기타,안전운전불이행,건조,맑음,단일로 - 기타,승용,남,59세,상해없음,승용,남,56세,상해없음
2015102200100586,2015년 10월 22일 19시,목요일,인천광역시 남동구 만수동,경상사고,0,0,1,0,차대차 - 측면직각충돌,안전운전불이행,건조,맑음,교차로 - 교차로부근,이륜,남,22세,경상,승합,남,52세,상해없음
2015102200100624,2015년 10월 22일 20시,목요일,인천광역시 부평구 십정동,중상사고,0,1,0,0,차대차 - 기타,안전운전불이행,건조,기타,단일로 - 기타,승용,남,34세,상해없음,승용,여,48세,중상
2015102200100625,2015년 10월 22일 20시,목요일,인천광역시 남동구 고잔동,사망사고,1,0,0,0,차대차 - 측면직각충돌,안전운전불이행,건조,맑음,단일로 - 기타,자전거,남,45세,사망,승용,남,46세,상해없음
2015102200100626,2015년 10월 22일 20시,목요일,인천광역시 남동구 고잔동,경상사고,0,0,1,0,차대차 - 측면직각충돌,차로위반,건조,맑음,단일로 - 기타,승용,남,34세,상해없음,승용,남,23세,경상
2015102200100665,2015년 10월 22일 21시,목요일,인천광역시 남구 용현동,중상사고,0,1,5,0,차대차 - 추돌 - 주정차중,안전운전불이행,건조,맑음,교차로 - 교차로부근,승용,남,33세,상해없음,승합,남,58세,상해없음
2015102200100712,2015년 10월 22일 23시,목요일,인천광역시 부평구 청천동,경상사고,0,0,4,0,차대차 - 정면충돌,신호위반,건조,맑음,교차로 - 교차로안,승용,남,48세,상해없음,승용,남,32세,경상
2015102200100713,2015년 10월 22일 23시,목요일,인천광역시 서구 가정동,경상사고,0,0,2,0,차대차 - 정면충돌,중앙선침범,건조,맑음,교차로 - 교차로부근,승용,남,42세,상해없음,화물,남,33세,경상
2015102200100714,2015년 10월 22일 23시,목요일,인천광역시 연수구 송도동,중상사고,0,1,0,0,차대사람 - 횡단중,보행자보호의무위반,건조,맑음,단일로 - 횡단보도상,승용,남,27세,상해없음,보행자,여,30세,중상
2015102300100030,2015년 10월 23일 00시,금요일,인천광역시 계양구 계산동,경상사고,0,0,2,0,차대차 - 측면직각충돌,신호위반,건조,맑음,교차로 - 교차로안,승용,남,54세,상해없음,승용,남,29세,경상
2015102300100053,2015년 10월 23일 02시,금요일,인천광역시 부평구 산곡동,중상사고,0,1,0,0,차량단독 - 기타,안전운전불이행,건조,맑음,교차로 - 교차로부근,이륜,남,22세,상해없음,,,,
2015102300100155,2015년 10월 23일 08시,금요일,인천광역시 남동구 구월동,경상사고,0,0,1,0,차대사람 - 차도통행중,안전운전불이행,건조,맑음,단일로 - 기타,화물,남,51세,상해없음,보행자,남,6세,경상
2015102300100156,2015년 10월 23일 08시,금요일,인천광역시 계양구 용종동,중상사고,0,1,0,0,차대차 - 측면직각충돌,안전운전불이행,건조,맑음,단일로 - 횡단보도상,승용,여,50세,상해없음,자전거,남,16세,중상
2015102300100188,2015년 10월 23일 09시,금요일,인천광역시 남구 주안동,경상사고,0,0,1,0,차대사람 - 횡단중,안전운전불이행,건조,맑음,단일로 - 기타,승용,여,59세,상해없음,보행자,남,13세,경상
2015102300100189,2015년 10월 23일 09시,금요일,인천광역시 남동구 간석동,중상사고,0,1,0,0,차대차 - 측면직각충돌,안전운전불이행,건조,맑음,교차로 - 교차로안,승용,여,72세,상해없음,자전거,남,65세,중상
2015102300100190,2015년 10월 23일 09시,금요일,인천광역시 남동구 남촌동,중상사고,0,1,0,0,차대차 - 추돌 - 주정차중,안전운전불이행,건조,맑음,미분류 - 미분류,화물,남,47세,상해없음,화물,남,54세,상해없음
2015102300100225,2015년 10월 23일 10시,금요일,인천광역시 강화군 내가면,중상사고,0,1,0,0,차대차 - 추돌 - 진행중,안전운전불이행,건조,맑음,교차로 - 교차로안,자전거,남,76세,중상,화물,남,63세,상해없음
2015102300100286,2015년 10월 23일 12시,금요일,인천광역시 남동구 남촌동,경상사고,0,0,1,0,차대차 - 추돌 - 주정차중,안전운전불이행,건조,맑음,단일로 - 기타,화물,남,44세,상해없음,승용,남,50세,경상
2015102300100287,2015년 10월 23일 12시,금요일,인천광역시 서구 가정동,경상사고,0,0,1,0,차대차 - 추돌 - 진행중,안전운전불이행,건조,맑음,교차로 - 교차로부근,특수,남,53세,기타불명,승용,여,46세,경상
2015102300100324,2015년 10월 23일 13시,금요일,인천광역시 남구 주안동,경상사고,0,0,1,0,차대차 - 측면직각충돌,중앙선침범,건조,맑음,단일로 - 기타,승용,남,74세,기타불명,승용,남,30세,경상
2015102300100368,2015년 10월 23일 14시,금요일,인천광역시 부평구 구산동,경상사고,0,0,5,0,차대차 - 추돌 - 주정차중,안전운전불이행,건조,맑음,단일로 - 기타,승합,남,38세,상해없음,승용,남,28세,경상