사고번호,사고일시,요일,시군구,사고내용,사망자수,중상자수,경상자수,부상신고자수,사고유형,법규위반,노면상태,기상상태,도로형태,가해운전자 차종,가해운전자 성별,가해운전자 연령,가해운전자 상해정도,피해운전자 차종,피해운전자 성별,피해운전자 연령,피해운전자 상해정도
2015103100100210,2015년 10월 31일 09시,토요일,인천광역시 계양구 작전동,중상사고,0,1,0,0,차대차 - 측면직각충돌,안전운전불이행,건조,맑음,교차로 - 교차로안,승용,남,39세,상해없음,자전거,여,54세,중상
2015103100100211,2015년 10월 31일 09시,토요일,인천광역시 계양구 작전동,경상사고,0,0,1,0,차대차 - 추돌 - 진행중,안전운전불이행,건조,맑음,단일로 - 기타,승용,남,37세,상해없음,승용,남,46세,경상
2015103100100252,2015년 10월 31일 10시,토요일,인천광역시 남구 주안동,경상사고,0,0,1,0,차대사람 - 보도통행중,기타,건조,맑음,기타 - 기타,승용,남,33세,상해없음,보행자,여,76세,경상
2015103100100253,2015년 10월 31일 10시,토요일,인천광역시 남동구 논현동,중상사고,0,1,0,0,차대사람 - 차도통행중,안전운전불이행,건조,맑음,단일로 - 기타,이륜,남,24세,상해없음,보행자,여,43세,중상
2015103100100351,2015년 10월 31일 12시,토요일,인천광역시 남동구 간석동,중상사고,0,1,1,0,차대차 - 추돌 - 주정차중,안전운전불이행,건조,맑음,단일로 - 기타,승용,남,26세,상해없음,승용,남,55세,상해없음
2015103100100396,2015년 10월 31일 13시,토요일,인천광역시 계양구 귤현동,중상사고,0,2,1,0,차대차 - 측면직각충돌,중앙선침범,건조,맑음,단일로 - 기타,승용,남,53세,상해없음,승용,남,52세,경상
2015103100100576,2015년 10월 31일 17시,토요일,인천광역시 중구 운서동,부상신고사고,0,0,0,1,차대사람 - 횡단중,신호위반,건조,맑음,단일로 - 횡단보도상,이륜,남,22세,상해없음,보행자,여,19세,부상신고
2015103100100622,2015년 10월 31일 18시,토요일,인천광역시 중구 중산동,중상사고,0,1,0,0,차대차 - 기타,기타,건조,맑음,단일로 - 기타,이륜,남,35세,상해없음,승합,남,46세,상해없음
2015103100100623,2015년 10월 31일 18시,토요일,인천광역시 부평구 갈산동,경상사고,0,0,1,1,차대차 - 기타,안전운전불이행,건조,맑음,교차로 - 교차로안,승용,남,46세,상해없음,승용,남,47세,상해없음
2015103100100624,2015년 10월 31일 18시,토요일,인천광역시 남동구 만수동,부상신고사고,0,0,0,1,차대차 - 측면직각충돌,신호위반,건조,맑음,단일로 - 기타,승용,남,51세,상해없음,자전거,여,44세,부상신고
2015103100100625,2015년 10월 31일 18시,토요일,인천광역시 서구 경서동,중상사고,0,1,1,0,차대차 - 기타,안전운전불이행,건조,맑음,교차로 - 교차로부근,승용,남,49세,상해없음,승용,여,35세,중상
2015103100100663,2015년 10월 31일 19시,토요일,인천광역시 남동구 도림동,경상사고,0,0,1,0,차대차 - 추돌 - 주정차중,안전거리미확보,건조,맑음,교차로 - 교차로부근,승용,남,32세,상해없음,승용,여,32세,경상
2015103100100664,2015년 10월 31일 19시,토요일,인천광역시 부평구 삼산동,경상사고,0,0,2,0,차대차 - 추돌 - 진행중,안전운전불이행,건조,맑음,단일로 - 기타,승용,남,21세,상해없음,승용,여,32세,경상
2015103100100665,2015년 10월 31일 19시,토요일,인천광역시 남구 용현동,경상사고,0,0,1,0,차대차 - 추돌 - 주정차중,안전운전불이행,건조,맑음,교차로 - 교차로부근,승용,남,45세,상해없음,승용,남,60세,경상
2015103100100766,2015년 10월 31일 22시,토요일,인천광역시 남구 주안동,경상사고,0,0,1,0,차대사람 - 보도통행중,보행자보호의무위반,건조,맑음,단일로 - 기타,이륜,남,16세,상해없음,보행자,여,24세,경상
2015103100100767,2015년 10월 31일 22시,토요일,인천광역시 연수구 연수동,경상사고,0,0,1,0,차대차 - 측면직각충돌,불법유턴,건조,맑음,단일로 - 기타,승용,여,60세,상해없음,승용,여,52세,경상
2015110100100030,2015년 11월 1일 00시,일요일,인천광역시 남구 문학동,경상사고,0,0,2,0,차대차 - 추돌 - 진행중,안전운전불이행,건조,맑음,단일로 - 기타,승용,여,51세,상해없음,승합,남,52세,경상
2015110100100053,2015년 11월 1일 01시,일요일,인천광역시 남구 주안동,경상사고,0,0,2,0,차대차 - 측면직각충돌,안전운전불이행,건조,맑음,교차로 - 교차로부근,승용,남,58세,상해없음,승용,남,61세,경상
2015110100100063,2015년 11월 1일 02시,일요일,인천광역시 남구 주안동,경상사고,0,0,1,0,차대차 - 기타,안전운전불이행,건조,맑음,단일로 - 기타,기타불명,기타불명,기타불명,기타불명,승용,남,24세,경상
2015110100100083,2015년 11월 1일 03시,일요일,인천광역시 남구 주안동,경상사고,0,0,1,0,차대차 - 측면직각충돌,안전운전불이행,건조,맑음,단일로 - 기타,승용,남,54세,상해없음,원동기,남,31세,경상
2015110100100084,2015년 11월 1일 03시,일요일,인천광역시 남동구 만수동,중상사고,0,3,1,0,차대차 - 추돌 - 주정차중,안전운전불이행,건조,맑음,단일로 - 기타,화물,남,36세,상해없음,승용,남,62세,경상
2015110100100085,2015년 11월 1일 03시,일요일,인천광역시 남동구 남촌동,경상사고,0,0,3,0,차대차 - 추돌 - 주정차중,안전운전불이행,습기,맑음,교차로 - 교차로부근,승용,남,28세,상해없음,승용,남,43세,경상
2015110100100155,2015년 11월 1일 08시,일요일,인천광역시 남동구 고잔동,중상사고,0,1,0,0,차량단독 - 전도전복,안전운전불이행,건조,맑음,단일로 - 기타,자전거,남,37세,중상,,,,
2015110100100156,2015년 11월 1일 08시,일요일,인천광역시 서구 석남동,경상사고,0,0,1,0,차대차 - 측면직각충돌,중앙선침범,건조,맑음,단일로 - 기타,승용,여,61세,상해없음,승합,남,65세,경상
2015110100100223,2015년 11월 1일 11시,일요일,인천광역시 남구 관교동,중상사고,0,1,0,0,차대사람 - 횡단중,안전운전불이행,건조,맑음,단일로 - 기타,승합,여,50세,상해없음,보행자,여,20세,중상
2015110100100241,2015년 11월 1일 12시,일요일,인천광역시 계양구 병방동,경상사고,0,0,1,0,차대차 - 기타,안전운전불이행,건조,맑음,기타 - 기타,자전거,여,64세,상해없음,자전거,여,63세,경상
2015110100100291,2015년 11월 1일 14시,일요일,인천광역시 남동구 구월동,경상사고,0,0,1,0,차대차 - 측면직각충돌,안전거리미확보,건조,맑음,단일로 - 기타,승용,남,29세,상해없음,이륜,남,49세,경상
2015110100100292,2015년 11월 1일 14시,일요일,인천광역시 계양구 서운동,경상사고,0,0,1,0,차대차 - 기타,안전운전불이행,건조,맑음,단일로 - 기타,자전거,여,17세,기타불명,자전거,남,64세,경상
2015110100100317,2015년 11월 1일 15시,일요일,인천광역시 서구 검암동,경상사고,0,0,1,0,차대차 - 측면직각충돌,안전거리미확보,건조,맑음,교차로 - 교차로부근,승합,남,72세,상해없음,이륜,남,30세,경상
2015110100100425,2015년 11월 1일 18시,일요일,인천광역시 남구 도화동,중상사고,0,1,1,0,차대차 - 측면직각충돌,안전운전불이행,건조,맑음,교차로 - 교차로부근,승용,남,60세,상해없음,이륜,남,46세,중상
2015110100100426,2015년 11월 1일 18시,일요일,인천광역시 남구 도화동,경상사고,0,0,1,0,차대차 - 측면직각충돌,안전운전불이행,건조,맑음,교차로 - 교차로안,승용,남,36세,상해없음,승용,남,50세,경상
2015110100100427,2015년 11월 1일 18시,일요일,인천광역시 부평구 삼산동,경상사고,0,0,3,0,차대차 - 정면충돌,신호위반,건조,맑음,교차로 - 교차로안,승용,남,30세,경상,승용,남,29세,경상
2015110200100006,2015년 11월 2일 00시,월요일,인천광역시 남동구 논현동,중상사고,0,1,0,0,차대차 - 측면직각충돌,안전거리미확보,건조,맑음,단일로 - 기타,승용,남,56세,상해없음,이륜,남,36세,중상
2015110200100020,2015년 11월 2일 02시,월요일,인천광역시 남구 용현동,경상사고,0,0,1,0,차대차 - 측면직각충돌,안전운전불이행,습기,흐림,교차로 - 교차로안,승용,여,53세,상해없음,승용,남,51세,상해없음
2015110200100028,2015년 11월 2일 03시,월요일,인천광역시 남동구 간석동,중상사고,0,1,0,0,차대사람 - 횡단중,안전운전불이행,건조,맑음,단일로 - 기타,승용,남,27세,상해없음,보행자,남,26세,중상
2015110200100034,2015년 11월 2일 04시,월요일,인천광역시 계양구 박촌동,경상사고,0,0,1,0,차대차 - 정면충돌,중앙선침범,건조,맑음,교차로 - 교차로부근,승용,남,42세,상해없음,승용,남,45세,경상
2015110200100051,2015년 11월 2일 05시,월요일,인천광역시 부평구 십정동,중상사고,0,1,0,0,차대사람 - 횡단중,보행자보호의무위반,건조,맑음,교차로 - 교차로안,승용,남,48세,상해없음,보행자,남,46세,중상
2015110200100097,2015년 11월 2일 07시,월요일,인천광역시 남동구 남촌동,중상사고,0,1,0,0,차대차 - 측면직각충돌,신호위반,건조,맑음,교차로 - 교차로안,승용,남,68세,상해없음,이륜,여,53세,중상
2015110200100098,2015년 11월 2일 07시,월요일,인천광역시 남동구 구월동,경상사고,0,0,1,0,차대차 - 측면직각충돌,안전운전불이행,건조,맑음,단일로 - 기타,승용,여,39세,상해없음,화물,남,41세,경상
2015110200100133,2015년 11월 2일 08시,월요일,인천광역시 남동구 고잔동,중상사고,0,1,0,0,차대차 - 측면직각충돌,안전운전불이행,건조,맑음,교차로 - 교차로안,화물,남,63세,상해없음,승용,여,51세,중상
2015110200100134,2015년 11월 2일 08시,월요일,인천광역시 강화군 삼산면,경상사고,0,0,2,0,차대사람 - 기타,안전운전불이행,기타,맑음,기타 - 기타,승용,남,62세,상해없음,보행자,남,65세,경상
2015110200100172,2015년 11월 2일 09시,월요일,인천광역시 계양구 병방동,중상사고,0,1,0,0,차대사람 - 기타,안전운전불이행,건조,맑음,단일로 - 기타,승합,남,43세,상해없음,보행자,남,60세,중상
2015110200100260,2015년 11월 2일 12시,월요일,인천광역시 서구 심곡동,중상사고,0,1,0,0,차대차 - 추돌 - 진행중,안전운전불이행,건조,맑음,교차로 - 교차로부근,승용,남,66세,상해없음,승합,남,40세,상해없음
2015110200100261,2015년 11월 2일 12시,월요일,인천광역시 서구 가정동,경상사고,0,0,1,0,차대차 - 측면직각충돌,신호위반,건조,맑음,교차로 - 교차로부근,이륜,남,18세,상해없음,승용,남,23세,경상
2015110200100293,2015년 11월 2일 13시,월요일,인천광역시 부평구 부평동,경상사고,0,0,1,0,차대차 - 측면직각충돌,신호위반,건조,맑음,교차로 - 교차로안,화물,남,73세,상해없음,승용,여,22세,경상
2015110200100294,2015년 11월 2일 13시,월요일,인천광역시 남동구 논현동,중상사고,0,1,0,0,차대차 - 측면직각충돌,안전운전불이행,건조,맑음,단일로 - 기타,승용,남,54세,상해없음,자전거,남,67세,중상
2015110200100321,2015년 11월 2일 14시,월요일,인천광역시 중구 항동7가,경상사고,0,0,1,0,차대차 - 추돌 - 주정차중,안전운전불이행,건조,맑음,교차로 - 교차로부근,화물,남,66세,상해없음,승용,남,32세,경상
2015110200100322,2015년 11월 2일 14시,월요일,인천광역시 남구 도화동,경상사고,0,0,1,0,차대차 - 측면직각충돌,안전운전불이행,건조,맑음,단일로 - 기타,이륜,남,78세,상해없음,승용,남,55세,상해없음
2015110200100323,2015년 11월 2일 14시,월요일,인천광역시 계양구 박촌동,경상사고,0,0,2,0,차대차 - 추돌 - 진행중,안전운전불이행,건조,맑음,단일로 - 기타,화물,남,43세,상해없음,승용,남,58세,경상
2015110200100394,2015년 11월 2일 16시,월요일,인천광역시 부평구 산곡동,중상사고,0,1,0,0,차대차 - 기타,안전운전불이행,건조,맑음,단일로 - 기타,원동기,남,38세,상해없음,자전거,남,9세,중상
2015110200100395,2015년 11월 2일 16시,월요일,인천광역시 남동구 운연동,경상사고,0,0,1,0,차대차 - 기타,안전운전불이행,건조,맑음,교차로 - 교차로부근,화물,남,51세,상해없음,이륜,남,43세,경상
2015110200100396,2015년 11월 2일 16시,월요일,인천광역시 남동구 논현동,중상사고,0,1,0,0,차대차 - 측면직각충돌,안전운전불이행,건조,맑음,교차로 - 교차로안,승용,남,58세,상해없음,건설기계,남,53세,중상
2015110200100509,2015년 11월 2일 18시,월요일,인천광역시 중구 항동7가,경상사고,0,0,1,0,차대차 - 기타,안전운전불이행,건조,맑음,교차로 - 교차로안,이륜,남,37세,상해없음,화물,남,47세,경상
2015110200100510,2015년 11월 2일 18시,월요일,인천광역시 중구 운서동,부상신고사고,0,0,0,1,차대사람 - 횡단중,안전운전불이행,건조,맑음,단일로 - 기타,승용,여,39세,상해없음,보행자,남,3세,부상신고
2015110200100511,2015년 11월 2일 18시,월요일,인천광역시 남동구 고잔동,경상사고,0,0,1,0,차대사람 - 횡단중,기타,건조,맑음,단일로 - 기타,승용,남,34세,상해없음,보행자,남,44세,경상
2015110200100512,2015년 11월 2일 18시,월요일,인천광역시 남동구 수산동,중상사고,0,1,2,0,차대차 - 측면직각충돌,안전거리미확보,건조,맑음,단일로 - 기타,승용,남,26세,상해없음,승합,남,53세,상해없음
2015110200100513,2015년 11월 2일 18시,월요일,인천광역시 계양구 효성동,경상사고,0,0,1,0,차대차 - 기타,안전운전불이행,건조,맑음,교차로 - 교차로안,승합,남,47세,상해없음,승용,여,57세,경상
2015110200100568,2015년 11월 2일 19시,월요일,인천광역시 남동구 논현동,경상사고,0,0,2,0,차대차 - 측면직각충돌,중앙선침범,건조,맑음,단일로 - 기타,승용,남,59세,상해없음,승용,남,34세,경상
2015110200100606,2015년 11월 2일 20시,월요일,인천광역시 남구 도화동,중상사고,0,1,0,0,차대차 - 추돌 - 진행중,안전운전불이행,건조,흐림,단일로 - 기타,승용,남,54세,상해없음,이륜,남,37세,중상
2015110200100607,2015년 11월 2일 20시,월요일,인천광역시 부평구 삼산동,중상사고,0,1,0,0,차대사람 - 횡단중,안전운전불이행,건조,맑음,교차로 - 교차로부근,승용,여,45세,상해없음,보행자,여,62세,중상
2015110200100608,2015년 11월 2일 20시,월요일,인천광역시 부평구 부평동,중상사고,0,1,0,0,차대차 - 기타,차로위반,건조,맑음,단일로 - 기타,승용,남,58세,상해없음,이륜,남,19세,중상
2015110200100638,2015년 11월 2일 21시,월요일,인천광역시 중구 북성동1가,중상사고,0,1,0,0,차대차 - 측면직각충돌,안전거리미확보,건조,맑음,단일로 - 기타,자전거,남,55세,중상,승용,남,39세,상해없음
2015110200100639,2015년 11월 2일 21시,월요일,인천광역시 남구 관교동,중상사고,0,1,0,0,차대차 - 측면직각충돌,교차로운행방법위반,건조,맑음,교차로 - 교차로안,승용,남,40세,상해없음,이륜,남,18세,중상
2015110200100640,2015년 11월 2일 21시,월요일,인천광역시 남동구 간석동,중상사고,0,1,0,0,차대차 - 측면직각충돌,안전운전불이행,건조,맑음,교차로 - 교차로안,승용,여,42세,상해없음,이륜,남,18세,중상
2015110200100641,2015년 11월 2일 21시,월요일,인천광역시 남동구 논현동,경상사고,0,0,3,0,차대차 - 측면직각충돌,신호위반,건조,맑음,교차로 - 교차로안,이륜,남,35세,경상,승용,남,59세,경상
2015110200100642,2015년 11월 2일 21시,월요일,인천광역시 서구 가좌동,경상사고,0,0,1,0,차대차 - 추돌 - 진행중,안전운전불이행,건조,맑음,교차로 - 교차로안,승용,남,31세,경상,승합,남,65세,상해없음
2015110200100643,2015년 11월 2일 21시,월요일,인천광역시 연수구 동춘동,경상사고,0,0,1,0,차대차 - 측면직각충돌,안전운전불이행,건조,맑음,단일로 - 횡단보도상,승용,남,51세,상해없음,자전거,남,17세,경상
2015110200100644,2015년 11월 2일 21시,월요일,인천광역시 계양구 효성동,중상사고,0,1,2,1,차대차 - 추돌 - 주정차중,안전운전불이행,건조,맑음,단일로 - 기타,승용,남,30세,상해없음,승용,남,38세,중상
2015110200100672,2015년 11월 2일 22시,월요일,인천광역시 중구 중산동,중상사고,0,1,0,0,차대차 - 측면직각충돌,안전운전불이행,건조,맑음,단일로 - 기타,승용,남,33세,상해없음,승용,남,56세,중상
2015110200100673,2015년 11월 2일 22시,월요일,인천광역시 계양구 장기동,경상사고,0,0,4,0,차대차 - 기타,안전운전불이행,건조,맑음,단일로 - 기타,승용,여,37세,상해없음,승용,남,44세,경상
2015110200100695,2015년 11월 2일 23시,월요일,인천광역시 동구 송림동,중상사고,0,1,1,0,차대차 - 측면직각충돌,신호위반,건조,맑음,교차로 - 교차로안,승용,남,78세,상해없음,승용,남,53세,중상
2015110200100696,2015년 11월 2일 23시,월요일,인천광역시 남구 학익동,경상사고,0,0,1,0,차대차 - 기타,안전운전불이행,건조,맑음,단일로 - 기타,이륜,남,18세,상해없음,승용,남,44세,경상
2015110200100697,2015년 11월 2일 23시,월요일,인천광역시 계양구 계산동,경상사고,0,0,1,0,차량단독 - 공작물충돌,안전운전불이행,건조,맑음,단일로 - 기타,승용,여,23세,상해없음,,,,
2015110300100021,2015년 11월 3일 00시,화요일,인천광역시 남동구 간석동,중상사고,0,1,0,0,차대차 - 측면직각충돌,신호위반,건조,맑음,단일로 - 기타,승용,남,31세,상해없음,이륜,남,19세,중상
2015110300100038,2015년 11월 3일 01시,화요일,인천광역시 서구 심곡동,중상사고,0,1,0,0,차대사람 - 길가장자리구역통행중,안전운전불이행,건조,맑음,교차로 - 교차로부근,승용,남,68세,상해없음,보행자,여,55세,중상
2015110300100043,2015년 11월 3일 02시,화요일,인천광역시 남구 도화동,중상사고,0,1,3,0,차대차 - 추돌 - 주정차중,안전운전불이행,건조,맑음,교차로 - 교차로부근,승용,여,24세,상해없음,승용,남,53세,중상
2015110300100044,2015년 11월 3일 02시,화요일,인천광역시 부평구 산곡동,경상사고,0,0,1,0,차대차 - 측면직각충돌,차로위반,건조,맑음,단일로 - 기타,승용,남,32세,상해없음,승용,남,47세,상해없음
2015110300100061,2015년 11월 3일 05시,화요일,인천광역시 남구 주안동,경상사고,0,0,1,0,차대차 - 기타,안전거리미확보,건조,맑음,단일로 - 기타,승용,남,43세,상해없음,화물,남,51세,경상
2015110300100107,2015년 11월 3일 07시,화요일,인천광역시 서구 공촌동,경상사고,0,0,2,0,차대차 - 기타,안전운전불이행,건조,맑음,단일로 - 기타,화물,남,45세,상해없음,승용,여,44세,경상
2015110300100108,2015년 11월 3일 07시,화요일,인천광역시 계양구 계산동,경상사고,0,0,1,0,차대차 - 추돌 - 진행중,안전거리미확보,건조,맑음,단일로 - 기타,화물,남,62세,상해없음,승용,남,45세,경상
2015110300100166,2015년 11월 3일 08시,화요일,인천광역시 중구 북성동1가,경상사고,0,0,1,0,차대차 - 측면직각충돌,안전운전불이행,건조,맑음,단일로 - 기타,화물,남,54세,상해없음,화물,남,44세,경상
2015110300100167,2015년 11월 3일 08시,화요일,인천광역시 남동구 남촌동,경상사고,0,0,1,0,차대차 - 추돌 - 진행중,안전운전불이행,건조,맑음,단일로 - 기타,승용,남,18세,상해없음,승용,남,55세,경상
2015110300100270,2015년 11월 3일 11시,화요일,인천광역시 남동구 만수동,경상사고,0,0,1,0,차대차 - 추돌 - 진행중,안전운전불이행,건조,맑음,단일로 - 기타,화물,남,49세,상해없음,승용,여,47세,경상
2015110300100271,2015년 11월 3일 11시,화요일,인천광역시 연수구 송도동,중상사고,0,1,2,0,차대차 - 기타,중앙선침범,건조,맑음,단일로 - 기타,승용,여,48세,상해없음,승용,남,52세,중상
2015110300100362,2015년 11월 3일 14시,화요일,인천광역시 남구 주안동,경상사고,0,0,2,0,차대차 - 기타,안전운전불이행,건조,맑음,단일로 - 기타,승용,여,45세,상해없음,승용,남,47세,경상
2015110300100363,2015년 11월 3일 14시,화요일,인천광역시 계양구 효성동,중상사고,0,2,1,0,차대차 - 측면직각충돌,신호위반,건조,맑음,교차로 - 교차로안,승용,남,56세,상해없음,승용,남,55세,중상
2015110300100393,2015년 11월 3일 15시,화요일,인천광역시 부평구 부평동,부상신고사고,0,0,0,1,차대사람 - 기타,안전운전불이행,건조,맑음,단일로 - 기타,자전거,여,56세,상해없음,보행자,남,1세,부상신고
2015110300100542,2015년 11월 3일 18시,화요일,인천광역시 중구 신흥동3가,경상사고,0,0,1,0,차대차 - 기타,안전운전불이행,건조,맑음,단일로 - 기타,승용,남,56세,기타불명,자전거,남,12세,경상
2015110300100570,2015년 11월 3일 19시,화요일,인천광역시 연수구 옥련동,중상사고,0,2,0,0,차대사람 - 횡단중,안전운전불이행,건조,맑음,교차로 - 교차로부근,승용,남,38세,상해없음,보행자,여,58세,중상
2015110300100637,2015년 11월 3일 21시,화요일,인천광역시 남동구 구월동,경상사고,0,0,3,0,차대차 - 추돌 - 주정차중,안전거리미확보,건조,맑음,단일로 - 기타,화물,남,54세,상해없음,승용,여,56세,상해없음
2015110300100638,2015년 11월 3일 21시,화요일,인천광역시 남동구 구월동,경상사고,0,0,1,2,차대차 - 기타,안전운전불이행,건조,맑음,교차로 - 교차로안,승용,기타불명,기타불명,기타불명,승합,남,50세,부상신고
2015110300100695,2015년 11월 3일 23시,화요일,인천광역시 부평구 삼산동,부상신고사고,0,0,0,1,차대차 - 측면직각충돌,안전거리미확보,건조,맑음,단일로 - 교량,승용,남,21세,상해없음,승용,여,56세,부상신고
2015110400100018,2015년 11월 4일 00시,수요일,인천광역시 서구 연희동,경상사고,0,0,1,0,차대차 - 추돌 - 주정차중,안전운전불이행,건조,맑음,교차로 - 교차로부근,승용,남,43세,상해없음,승용,남,53세,경상
2015110400100035,2015년 11월 4일 01시,수요일,인천광역시 남동구 만수동,경상사고,0,0,1,0,차대차 - 추돌 - 주정차중,안전운전불이행,건조,맑음,단일로 - 기타,승용,남,30세,상해없음,승용,남,45세,경상
2015110400100058,2015년 11월 4일 03시,수요일,인천광역시 계양구 병방동,중상사고,0,1,0,0,차대차 - 측면직각충돌,안전운전불이행,건조,맑음,교차로 - 교차로안,승용,남,55세,상해없음,이륜,남,23세,중상
2015110400100066,2015년 11월 4일 04시,수요일,인천광역시 계양구 작전동,중상사고,0,1,0,0,차대사람 - 횡단중,안전운전불이행,건조,맑음,단일로 - 기타,승용,남,42세,상해없음,보행자,남,26세,중상
2015110400100100,2015년 11월 4일 06시,수요일,인천광역시 남동구 논현동,중상사고,0,3,0,0,차대차 - 측면직각충돌,신호위반,건조,맑음,교차로 - 교차로안,승용,남,67세,중상,승용,남,53세,중상
2015110400100129,2015년 11월 4일 07시,수요일,인천광역시 서구 가정동,경상사고,0,0,1,0,차대차 - 추돌 - 주정차중,안전운전불이행,건조,맑음,단일로 - 기타,승용,남,22세,상해없음,화물,남,72세,경상
2015110400100174,2015년 11월 4일 08시,수요일,인천광역시 남동구 논현동,경상사고,0,0,1,0,차대차 - 측면직각충돌,신호위반,건조,맑음,교차로 - 교차로안,승합,남,57세,상해없음,승용,남,28세,경상
2015110400100175,2015년 11월 4일 08시,수요일,인천광역시 연수구 송도동,경상사고,0,0,1,0,차대차 - 기타,신호위반,건조,맑음,단일로 - 기타,승용,여,53세,상해없음,자전거,여,15세,경상
2015110400100210,2015년 11월 4일 09시,수요일,인천광역시 남동구 간석동,중상사고,0,1,2,0,차대차 - 정면충돌,중앙선침범,건조,맑음,단일로 - 기타,승합,남,62세,상해없음,승용,남,75세,경상
2015110400100252,2015년 11월 4일 10시,수요일,인천광역시 중구 운서동,경상사고,0,0,1,0,차대차 - 추돌 - 진행중,안전운전불이행,건조,맑음,단일로 - 기타,화물,남,51세,상해없음,화물,남,55세,상해없음
2015110400100253,2015년 11월 4일 10시,수요일,인천광역시 남구 도화동,경상사고,0,0,4,0,차대차 - 추돌 - 주정차중,안전운전불이행,건조,맑음,단일로 - 기타,승용,남,22세,상해없음,승용,여,70세,경상
2015110400100254,2015년 11월 4일 10시,수요일,인천광역시 서구 석남동,중상사고,0,1,5,0,차대차 - 추돌 - 주정차중,안전운전불이행,건조,맑음,단일로 - 기타,승합,남,59세,상해없음,승합,남,53세,경상
2015110400100255,2015년 11월 4일 10시,수요일,인천광역시 서구 공촌동,경상사고,0,0,2,0,차대차 - 측면직각충돌,교차로운행방법위반,건조,맑음,교차로 - 교차로안,승용,여,37세,상해없음,승용,남,38세,경상
2015110400100289,2015년 11월 4일 11시,수요일,인천광역시 남동구 만수동,중상사고,0,1,0,0,차대사람 - 횡단중,보행자보호의무위반,건조,맑음,교차로 - 교차로부근,승용,남,34세,상해없음,보행자,여,59세,중상
2015110400100290,2015년 11월 4일 11시,수요일,인천광역시 서구 당하동,중상사고,0,1,0,0,차대사람 - 횡단중,안전운전불이행,건조,맑음,교차로 - 교차로안,화물,남,36세,상해없음,보행자,남,38세,중상
2015110400100291,2015년 11월 4일 11시,수요일,인천광역시 부평구 부개동,경상사고,0,0,2,0,차대차 - 측면직각충돌,교차로운행방법위반,건조,맑음,교차로 - 교차로안,승용,남,42세,상해없음,화물,남,39세,경상
2015110400100352,2015년 11월 4일 13시,수요일,인천광역시 남구 용현동,중상사고,0,1,1,0,차대차 - 정면충돌,신호위반,건조,맑음,교차로 - 교차로부근,승용,여,62세,상해없음,승용,남,56세,중상
2015110400100353,2015년 11월 4일 13시,수요일,인천광역시 남구 용현동,경상사고,0,0,1,0,차대차 - 측면직각충돌,안전운전불이행,건조,맑음,단일로 - 기타,화물,남,70세,상해없음,화물,남,54세,경상
2015110400100458,2015년 11월 4일 16시,수요일,인천광역시 남동구 간석동,중상사고,0,1,0,0,차대사람 - 횡단중,안전운전불이행,건조,맑음,단일로 - 기타,승용,남,30세,상해없음,보행자,남,19세,중상
2015110400100459,2015년 11월 4일 16시,수요일,인천광역시 서구 가정동,경상사고,0,0,1,0,차대차 - 측면직각충돌,신호위반,건조,맑음,교차로 - 교차로안,화물,남,24세,상해없음,승용,남,60세,경상
2015110400100460,2015년 11월 4일 16시,수요일,인천광역시 연수구 연수동,경상사고,0,0,2,0,차대차 - 측면직각충돌,교차로운행방법위반,건조,맑음,교차로 - 교차로안,승용,여,64세,상해없음,승용,남,61세,경상
2015110400100517,2015년 11월 4일 17시,수요일,인천광역시 남구 학익동,중상사고,0,1,0,0,차대사람 - 횡단중,안전운전불이행,건조,맑음,교차로 - 교차로부근,화물,남,40세,상해없음,보행자,남,78세,중상
2015110400100577,2015년 11월 4일 18시,수요일,인천광역시 중구 해안동2가,중상사고,0,1,0,0,차대차 - 기타,안전운전불이행,건조,맑음,교차로 - 교차로안,승용,남,30세,상해없음,승용,남,46세,중상
2015110400100578,2015년 11월 4일 18시,수요일,인천광역시 남구 학익동,경상사고,0,0,1,0,차대사람 - 횡단중,안전운전불이행,건조,맑음,교차로 - 교차로안,승용,남,32세,상해없음,보행자,남,5세,경상
2015110400100579,2015년 11월 4일 18시,수요일,인천광역시 남구 주안동,중상사고,0,1,0,0,차대사람 - 기타,안전운전불이행,건조,맑음,단일로 - 기타,승합,남,54세,상해없음,보행자,여,30세,중상
2015110400100626,2015년 11월 4일 19시,수요일,인천광역시 서구 경서동,경상사고,0,0,1,0,차대사람 - 길가장자리구역통행중,안전운전불이행,건조,맑음,단일로 - 기타,승용,남,57세,상해없음,보행자,여,16세,경상
2015110400100653,2015년 11월 4일 20시,수요일,인천광역시 남동구 논현동,경상사고,0,0,2,0,차대차 - 추돌 - 주정차중,안전운전불이행,건조,맑음,단일로 - 기타,승용,남,35세,상해없음,승용,여,29세,경상
2015110400100687,2015년 11월 4일 21시,수요일,인천광역시 남동구 간석동,경상사고,0,0,2,0,차대차 - 측면직각충돌,교차로운행방법위반,건조,맑음,교차로 - 교차로안,승용,남,41세,상해없음,승용,남,31세,경상
2015110400100688,2015년 11월 4일 21시,수요일,인천광역시 서구 가정동,경상사고,0,0,1,0,차대차 - 기타,안전운전불이행,건조,맑음,단일로 - 기타,승용,남,41세,상해없음,자전거,남,15세,경상