사고번호,사고일시,요일,시군구,사고내용,사망자수,중상자수,경상자수,부상신고자수,사고유형,법규위반,노면상태,기상상태,도로형태,가해운전자 차종,가해운전자 성별,가해운전자 연령,가해운전자 상해정도,피해운전자 차종,피해운전자 성별,피해운전자 연령,피해운전자 상해정도
2015110800100675,2015년 11월 8일 21시,일요일,인천광역시 남동구 간석동,경상사고,0,0,1,0,차대사람 - 횡단중,보행자보호의무위반,습기,비,교차로 - 교차로안,승용,기타불명,기타불명,기타불명,보행자,여,48세,경상
2015110800100676,2015년 11월 8일 21시,일요일,인천광역시 연수구 송도동,경상사고,0,0,1,0,차대차 - 추돌 - 주정차중,안전운전불이행,습기,비,교차로 - 교차로부근,승용,남,30세,상해없음,승용,남,32세,경상
2015110800100677,2015년 11월 8일 21시,일요일,인천광역시 연수구 연수동,중상사고,0,1,0,0,차대차 - 정면충돌,신호위반,습기,비,교차로 - 교차로안,승용,남,53세,상해없음,이륜,남,42세,중상
2015110800100713,2015년 11월 8일 22시,일요일,인천광역시 계양구 효성동,중상사고,0,1,0,0,차대사람 - 횡단중,안전운전불이행,습기,비,단일로 - 기타,승용,남,48세,상해없음,보행자,남,52세,중상
2015110800100739,2015년 11월 8일 23시,일요일,인천광역시 남구 주안동,중상사고,0,1,0,0,차대사람 - 횡단중,신호위반,습기,비,단일로 - 횡단보도상,이륜,남,17세,기타불명,보행자,여,53세,중상
2015110800100740,2015년 11월 8일 23시,일요일,인천광역시 연수구 선학동,경상사고,0,0,1,0,차대차 - 추돌 - 진행중,안전거리미확보,습기,비,단일로 - 기타,승용,남,42세,상해없음,승용,여,52세,경상
2015110800100741,2015년 11월 8일 23시,일요일,인천광역시 연수구 동춘동,중상사고,0,1,1,0,차대차 - 기타,안전운전불이행,건조,맑음,교차로 - 교차로안,승용,남,32세,상해없음,승용,남,63세,경상
2015110800100742,2015년 11월 8일 23시,일요일,인천광역시 부평구 부평동,경상사고,0,0,1,0,차대차 - 추돌 - 진행중,안전운전불이행,습기,비,단일로 - 기타,승용,남,32세,상해없음,승용,여,26세,경상
2015110900100027,2015년 11월 9일 00시,월요일,인천광역시 남동구 구월동,경상사고,0,0,1,0,차대사람 - 길가장자리구역통행중,안전운전불이행,건조,맑음,단일로 - 기타,승용,기타불명,기타불명,기타불명,보행자,남,17세,경상
2015110900100049,2015년 11월 9일 01시,월요일,인천광역시 중구 신흥동3가,경상사고,0,0,1,0,차대차 - 기타,신호위반,습기,비,교차로 - 교차로안,승용,여,42세,상해없음,승용,남,58세,경상
2015110900100061,2015년 11월 9일 02시,월요일,인천광역시 남동구 구월동,경상사고,0,0,2,0,차대차 - 정면충돌,중앙선침범,습기,비,단일로 - 기타,승합,남,26세,상해없음,승합,남,43세,경상
2015110900100062,2015년 11월 9일 02시,월요일,인천광역시 부평구 삼산동,중상사고,0,1,0,0,차대차 - 추돌 - 진행중,안전운전불이행,건조,맑음,단일로 - 교량,승용,여,26세,상해없음,화물,남,64세,중상
2015110900100072,2015년 11월 9일 03시,월요일,인천광역시 남동구 간석동,경상사고,0,0,1,0,차대차 - 추돌 - 진행중,안전운전불이행,습기,비,교차로 - 교차로안,기타불명,기타불명,기타불명,기타불명,승용,남,57세,경상
2015110900100073,2015년 11월 9일 03시,월요일,인천광역시 서구 불로동,경상사고,0,0,2,0,차대차 - 추돌 - 주정차중,안전운전불이행,습기,비,교차로 - 교차로부근,승용,여,41세,상해없음,승용,남,24세,경상
2015110900100074,2015년 11월 9일 03시,월요일,인천광역시 서구 석남동,경상사고,0,0,1,0,차량단독 - 공작물충돌,안전운전불이행,습기,비,단일로 - 기타,승용,남,50세,상해없음,,,,
2015110900100096,2015년 11월 9일 05시,월요일,인천광역시 남동구 서창동,중상사고,0,1,0,0,차대차 - 추돌 - 주정차중,안전운전불이행,건조,맑음,단일로 - 교량,승용,남,41세,상해없음,승용,남,38세,중상
2015110900100207,2015년 11월 9일 08시,월요일,인천광역시 서구 석남동,중상사고,0,1,0,0,차대차 - 측면직각충돌,신호위반,습기,맑음,교차로 - 교차로안,자전거,남,13세,중상,승용,남,59세,상해없음
2015110900100208,2015년 11월 9일 08시,월요일,인천광역시 계양구 계산동,경상사고,0,0,1,0,차대사람 - 횡단중,보행자보호의무위반,건조,맑음,단일로 - 횡단보도상,승용,남,66세,상해없음,보행자,여,17세,경상
2015110900100243,2015년 11월 9일 09시,월요일,인천광역시 남동구 만수동,경상사고,0,0,1,0,차대사람 - 보도통행중,안전운전불이행,건조,맑음,단일로 - 기타,원동기,남,28세,상해없음,보행자,남,21세,경상
2015110900100277,2015년 11월 9일 10시,월요일,인천광역시 부평구 청천동,경상사고,0,0,1,0,차대차 - 기타,안전운전불이행,건조,맑음,교차로 - 교차로안,승용,여,54세,상해없음,자전거,여,73세,경상
2015110900100313,2015년 11월 9일 11시,월요일,인천광역시 부평구 청천동,중상사고,0,1,0,0,차대사람 - 기타,안전운전불이행,건조,흐림,단일로 - 기타,화물,남,44세,상해없음,보행자,남,55세,중상
2015110900100387,2015년 11월 9일 14시,월요일,인천광역시 남구 주안동,경상사고,0,0,1,0,차대사람 - 기타,안전운전불이행,건조,맑음,단일로 - 기타,승용,남,41세,상해없음,보행자,여,54세,경상
2015110900100388,2015년 11월 9일 14시,월요일,인천광역시 부평구 삼산동,경상사고,0,0,1,0,차대차 - 기타,기타,건조,맑음,단일로 - 기타,승합,남,40세,상해없음,승용,여,36세,상해없음
2015110900100456,2015년 11월 9일 16시,월요일,인천광역시 남동구 간석동,경상사고,0,0,2,0,차대차 - 측면직각충돌,안전운전불이행,건조,맑음,교차로 - 교차로부근,승합,남,56세,상해없음,승합,여,52세,경상
2015110900100501,2015년 11월 9일 17시,월요일,인천광역시 부평구 청천동,중상사고,0,1,0,0,차대사람 - 횡단중,신호위반,건조,흐림,단일로 - 기타,원동기,남,17세,상해없음,보행자,여,22세,중상
2015110900100616,2015년 11월 9일 19시,월요일,인천광역시 부평구 산곡동,중상사고,0,1,1,0,차대차 - 정면충돌,신호위반,건조,맑음,교차로 - 교차로안,승용,남,50세,중상,화물,남,35세,경상
2015110900100650,2015년 11월 9일 20시,월요일,인천광역시 남동구 도림동,중상사고,0,1,0,0,차대차 - 추돌 - 진행중,안전운전불이행,건조,흐림,교차로 - 교차로부근,승용,남,41세,상해없음,승용,여,49세,중상
2015110900100651,2015년 11월 9일 20시,월요일,인천광역시 남동구 구월동,중상사고,0,1,0,0,차대사람 - 기타,안전운전불이행,건조,맑음,교차로 - 교차로부근,승합,남,47세,상해없음,보행자,여,64세,중상
2015110900100680,2015년 11월 9일 21시,월요일,인천광역시 연수구 동춘동,중상사고,0,1,0,0,차대사람 - 기타,안전운전불이행,건조,맑음,교차로 - 교차로부근,승용,남,73세,상해없음,보행자,여,55세,중상
2015110900100681,2015년 11월 9일 21시,월요일,인천광역시 연수구 동춘동,경상사고,0,0,1,0,차대차 - 추돌 - 주정차중,안전운전불이행,건조,맑음,단일로 - 기타,승용,남,25세,상해없음,승용,남,26세,경상
2015110900100708,2015년 11월 9일 22시,월요일,인천광역시 중구 운서동,중상사고,0,1,2,2,차대차 - 기타,신호위반,건조,맑음,교차로 - 교차로안,승합,남,57세,상해없음,자전거,여,16세,경상
2015110900100709,2015년 11월 9일 22시,월요일,인천광역시 남구 숭의동,중상사고,0,1,0,0,차대차 - 정면충돌,중앙선침범,건조,맑음,단일로 - 기타,승용,남,39세,상해없음,승합,남,65세,중상
2015110900100710,2015년 11월 9일 22시,월요일,인천광역시 부평구 십정동,중상사고,0,1,0,0,차대차 - 측면직각충돌,교차로운행방법위반,건조,맑음,교차로 - 교차로안,승용,여,46세,상해없음,원동기,남,21세,중상
2015110900100711,2015년 11월 9일 22시,월요일,인천광역시 남동구 논현동,중상사고,0,2,0,0,차량단독 - 공작물충돌,안전운전불이행,건조,맑음,미분류 - 미분류,승용,남,36세,중상,,,,
2015110900100712,2015년 11월 9일 22시,월요일,인천광역시 연수구 송도동,중상사고,0,1,0,0,차대차 - 측면직각충돌,안전운전불이행,건조,맑음,단일로 - 기타,승용,여,58세,상해없음,승용,여,42세,중상
2015110900100732,2015년 11월 9일 23시,월요일,인천광역시 계양구 임학동,경상사고,0,0,2,0,차대차 - 추돌 - 진행중,안전운전불이행,건조,맑음,미분류 - 미분류,승용,남,53세,상해없음,승용,남,47세,경상
2015111000100030,2015년 11월 10일 01시,화요일,인천광역시 남동구 구월동,중상사고,0,1,0,0,차대차 - 추돌 - 주정차중,안전운전불이행,건조,맑음,교차로 - 교차로부근,화물,남,24세,상해없음,승용,여,38세,중상
2015111000100031,2015년 11월 10일 01시,화요일,인천광역시 연수구 옥련동,경상사고,0,0,2,0,차대차 - 추돌 - 주정차중,안전운전불이행,건조,맑음,교차로 - 교차로부근,승용,남,32세,상해없음,승용,남,66세,경상
2015111000100040,2015년 11월 10일 02시,화요일,인천광역시 부평구 십정동,중상사고,0,1,0,0,차대차 - 측면직각충돌,불법유턴,건조,맑음,단일로 - 기타,자전거,남,46세,중상,화물,남,33세,상해없음
2015111000100065,2015년 11월 10일 05시,화요일,인천광역시 남동구 논현동,중상사고,0,1,0,0,차량단독 - 기타,기타,건조,맑음,교차로 - 교차로안,승합,남,31세,기타불명,,,,
2015111000100066,2015년 11월 10일 05시,화요일,인천광역시 부평구 구산동,경상사고,0,0,1,0,차대차 - 측면직각충돌,안전운전불이행,건조,맑음,교차로 - 교차로안,승용,남,70세,상해없음,자전거,남,76세,경상
2015111000100111,2015년 11월 10일 07시,화요일,인천광역시 부평구 일신동,경상사고,0,0,1,0,차대차 - 기타,교차로운행방법위반,건조,맑음,교차로 - 교차로부근,승용,남,45세,상해없음,승용,남,62세,경상
2015111000100158,2015년 11월 10일 08시,화요일,인천광역시 부평구 갈산동,중상사고,0,1,0,0,차대차 - 기타,안전운전불이행,건조,맑음,단일로 - 기타,승용,남,39세,상해없음,이륜,남,36세,중상
2015111000100191,2015년 11월 10일 09시,화요일,인천광역시 부평구 산곡동,경상사고,0,0,1,0,차대사람 - 기타,안전운전불이행,건조,맑음,단일로 - 기타,기타불명,기타불명,기타불명,기타불명,보행자,여,79세,경상
2015111000100192,2015년 11월 10일 09시,화요일,인천광역시 남동구 만수동,경상사고,0,0,3,0,차대차 - 측면직각충돌,교차로운행방법위반,건조,맑음,교차로 - 교차로안,승용,남,73세,상해없음,승용,여,58세,경상
2015111000100193,2015년 11월 10일 09시,화요일,인천광역시 서구 가좌동,중상사고,0,1,1,0,차대차 - 추돌 - 주정차중,안전운전불이행,건조,맑음,교차로 - 교차로안,승용,여,49세,상해없음,승용,남,65세,중상
2015111000100194,2015년 11월 10일 09시,화요일,인천광역시 서구 마전동,중상사고,0,1,0,0,차량단독 - 기타,신호위반,건조,맑음,단일로 - 횡단보도부근,승합,남,45세,기타불명,,,,
2015111000100195,2015년 11월 10일 09시,화요일,인천광역시 계양구 계산동,중상사고,0,1,0,0,차대차 - 측면직각충돌,교차로운행방법위반,건조,맑음,교차로 - 교차로안,화물,남,27세,상해없음,자전거,여,58세,중상
2015111000100196,2015년 11월 10일 09시,화요일,인천광역시 연수구 연수동,경상사고,0,0,1,0,차대차 - 측면직각충돌,신호위반,건조,맑음,단일로 - 기타,이륜,남,22세,경상,화물,남,54세,상해없음
2015111000100223,2015년 11월 10일 10시,화요일,인천광역시 연수구 청학동,경상사고,0,0,1,0,차대차 - 추돌 - 진행중,안전운전불이행,건조,맑음,단일로 - 기타,화물,남,50세,상해없음,승용,여,40세,경상
2015111000100224,2015년 11월 10일 10시,화요일,인천광역시 부평구 구산동,경상사고,0,0,1,0,차대차 - 기타,안전운전불이행,건조,맑음,교차로 - 교차로부근,승합,남,57세,상해없음,승용,남,58세,경상
2015111000100254,2015년 11월 10일 11시,화요일,인천광역시 중구 신흥동2가,경상사고,0,0,1,0,차대차 - 측면직각충돌,교차로운행방법위반,건조,맑음,교차로 - 교차로안,승용,남,72세,상해없음,승용,여,39세,경상
2015111000100255,2015년 11월 10일 11시,화요일,인천광역시 남구 주안동,중상사고,0,1,2,0,차대차 - 측면직각충돌,안전운전불이행,건조,맑음,교차로 - 교차로부근,승용,여,43세,상해없음,승용,남,57세,경상
2015111000100256,2015년 11월 10일 11시,화요일,인천광역시 남동구 구월동,경상사고,0,0,1,0,차대사람 - 길가장자리구역통행중,안전운전불이행,건조,맑음,단일로 - 기타,승용,여,29세,상해없음,보행자,남,54세,경상
2015111000100278,2015년 11월 10일 12시,화요일,인천광역시 부평구 십정동,경상사고,0,0,2,0,차대차 - 기타,안전운전불이행,건조,맑음,교차로 - 교차로부근,화물,남,40세,상해없음,화물,남,50세,상해없음
2015111000100279,2015년 11월 10일 12시,화요일,인천광역시 서구 경서동,중상사고,0,1,0,0,차대사람 - 기타,안전운전불이행,건조,맑음,교차로 - 교차로안,화물,남,37세,상해없음,보행자,남,61세,중상
2015111000100303,2015년 11월 10일 13시,화요일,인천광역시 서구 신현동,중상사고,0,1,0,0,차대사람 - 기타,안전운전불이행,건조,맑음,단일로 - 기타,이륜,남,36세,상해없음,보행자,여,52세,중상
2015111000100304,2015년 11월 10일 13시,화요일,인천광역시 서구 당하동,중상사고,0,1,0,0,차량단독 - 공작물충돌,안전운전불이행,건조,맑음,단일로 - 기타,승합,남,25세,상해없음,,,,
2015111000100305,2015년 11월 10일 13시,화요일,인천광역시 연수구 송도동,경상사고,0,0,3,0,차대차 - 기타,안전운전불이행,건조,맑음,교차로 - 교차로부근,승용,남,55세,상해없음,승용,남,32세,경상
2015111000100336,2015년 11월 10일 14시,화요일,인천광역시 남구 용현동,경상사고,0,0,2,0,차대차 - 측면직각충돌,교차로운행방법위반,건조,맑음,교차로 - 교차로안,승용,여,45세,상해없음,승용,남,50세,경상
2015111000100366,2015년 11월 10일 15시,화요일,인천광역시 계양구 계산동,중상사고,0,1,0,0,차량단독 - 기타,안전운전불이행,건조,맑음,단일로 - 횡단보도부근,승합,남,41세,상해없음,,,,
2015111000100402,2015년 11월 10일 16시,화요일,인천광역시 남동구 간석동,경상사고,0,0,2,0,차대차 - 측면직각충돌,차로위반,건조,맑음,교차로 - 교차로부근,승용,여,53세,상해없음,승용,여,55세,경상
2015111000100450,2015년 11월 10일 17시,화요일,인천광역시 옹진군 백령면,경상사고,0,0,2,0,차대차 - 기타,안전운전불이행,건조,맑음,단일로 - 기타,승용,남,66세,경상,자전거,남,51세,경상
2015111000100451,2015년 11월 10일 17시,화요일,인천광역시 부평구 십정동,경상사고,0,0,1,0,차대사람 - 기타,안전운전불이행,건조,맑음,단일로 - 기타,승용,여,52세,상해없음,보행자,여,51세,경상
2015111000100505,2015년 11월 10일 18시,화요일,인천광역시 남동구 구월동,경상사고,0,0,1,0,차대사람 - 횡단중,안전운전불이행,건조,맑음,단일로 - 기타,승용,기타불명,기타불명,기타불명,보행자,남,15세,경상
2015111000100506,2015년 11월 10일 18시,화요일,인천광역시 서구 가좌동,경상사고,0,0,1,0,차대차 - 측면직각충돌,안전운전불이행,건조,맑음,교차로 - 교차로안,승용,남,35세,상해없음,승용,남,35세,상해없음
2015111000100615,2015년 11월 10일 21시,화요일,인천광역시 서구 가정동,경상사고,0,0,1,0,차대차 - 측면직각충돌,기타,건조,맑음,단일로 - 기타,승용,남,44세,상해없음,이륜,남,18세,경상
2015111000100650,2015년 11월 10일 22시,화요일,인천광역시 남구 주안동,경상사고,0,0,1,0,차대사람 - 횡단중,신호위반,건조,맑음,교차로 - 교차로부근,기타불명,기타불명,기타불명,기타불명,보행자,여,61세,경상
2015111000100672,2015년 11월 10일 23시,화요일,인천광역시 부평구 갈산동,경상사고,0,0,2,0,차대차 - 기타,안전운전불이행,건조,맑음,교차로 - 교차로부근,승용,남,28세,상해없음,승용,남,44세,경상
2015111000100673,2015년 11월 10일 23시,화요일,인천광역시 남동구 구월동,부상신고사고,0,0,0,1,차대사람 - 기타,안전운전불이행,건조,맑음,단일로 - 기타,승합,남,48세,상해없음,보행자,남,25세,부상신고
2015111000100674,2015년 11월 10일 23시,화요일,인천광역시 서구 마전동,경상사고,0,0,1,0,차대차 - 측면직각충돌,교차로운행방법위반,건조,맑음,교차로 - 교차로안,승용,남,49세,상해없음,이륜,남,54세,경상
2015111100100016,2015년 11월 11일 00시,수요일,인천광역시 남동구 구월동,경상사고,0,0,2,3,차대차 - 추돌 - 주정차중,안전운전불이행,건조,맑음,단일로 - 기타,승용,남,41세,상해없음,승합,남,35세,부상신고
2015111100100045,2015년 11월 11일 02시,수요일,인천광역시 서구 경서동,중상사고,0,1,0,0,차대차 - 기타,안전운전불이행,건조,맑음,단일로 - 기타,기타불명,기타불명,기타불명,기타불명,이륜,남,16세,중상
2015111100100119,2015년 11월 11일 07시,수요일,인천광역시 남구 주안동,경상사고,0,0,1,0,차대차 - 측면직각충돌,안전운전불이행,건조,맑음,교차로 - 교차로부근,승용,남,60세,상해없음,승용,남,29세,경상
2015111100100120,2015년 11월 11일 07시,수요일,인천광역시 남동구 구월동,경상사고,0,0,1,0,차대차 - 추돌 - 진행중,차로위반,건조,맑음,단일로 - 기타,승용,남,30세,상해없음,승용,여,58세,경상
2015111100100121,2015년 11월 11일 07시,수요일,인천광역시 계양구 작전동,경상사고,0,0,1,0,차대차 - 추돌 - 진행중,안전운전불이행,건조,맑음,단일로 - 기타,승용,남,36세,상해없음,승용,남,40세,경상
2015111100100165,2015년 11월 11일 08시,수요일,인천광역시 계양구 귤현동,중상사고,0,1,0,0,차대차 - 추돌 - 진행중,안전운전불이행,건조,맑음,단일로 - 기타,승용,남,34세,상해없음,화물,남,31세,중상
2015111100100197,2015년 11월 11일 09시,수요일,인천광역시 강화군 강화읍,중상사고,0,1,3,0,차대차 - 기타,안전운전불이행,건조,맑음,교차로 - 교차로부근,화물,남,45세,상해없음,승용,여,66세,경상
2015111100100260,2015년 11월 11일 11시,수요일,인천광역시 중구 운서동,경상사고,0,0,1,0,차대차 - 측면직각충돌,안전운전불이행,건조,맑음,교차로 - 교차로안,화물,남,52세,상해없음,승합,남,31세,경상
2015111100100346,2015년 11월 11일 14시,수요일,인천광역시 부평구 부평동,중상사고,0,1,0,0,차대사람 - 기타,안전운전불이행,건조,맑음,교차로 - 교차로안,화물,남,54세,상해없음,보행자,남,62세,중상
2015111100100347,2015년 11월 11일 14시,수요일,인천광역시 계양구 계산동,경상사고,0,0,1,0,차대차 - 측면직각충돌,신호위반,건조,맑음,교차로 - 교차로부근,승용,여,63세,상해없음,원동기,남,73세,경상
2015111100100348,2015년 11월 11일 14시,수요일,인천광역시 강화군 길상면,중상사고,0,1,0,0,차대차 - 기타,안전운전불이행,건조,맑음,교차로 - 교차로안,승용,남,71세,상해없음,승용,남,70세,상해없음
2015111100100452,2015년 11월 11일 17시,수요일,인천광역시 서구 경서동,경상사고,0,0,1,0,차대차 - 측면직각충돌,교차로운행방법위반,건조,맑음,교차로 - 교차로부근,건설기계,남,48세,상해없음,승용,여,30세,경상
2015111100100524,2015년 11월 11일 18시,수요일,인천광역시 남구 숭의동,중상사고,0,1,0,0,차대사람 - 차도통행중,안전운전불이행,건조,맑음,단일로 - 기타,이륜,남,19세,상해없음,보행자,여,84세,중상
2015111100100525,2015년 11월 11일 18시,수요일,인천광역시 서구 경서동,경상사고,0,0,1,0,차대차 - 추돌 - 진행중,안전운전불이행,건조,맑음,단일로 - 기타,승용,남,30세,상해없음,승용,남,46세,경상
2015111100100526,2015년 11월 11일 18시,수요일,인천광역시 연수구 연수동,중상사고,0,1,0,0,차대차 - 측면직각충돌,안전운전불이행,건조,맑음,교차로 - 교차로안,승용,여,54세,상해없음,승용,남,33세,중상
2015111100100585,2015년 11월 11일 19시,수요일,인천광역시 남구 도화동,경상사고,0,0,2,0,차대차 - 기타,안전운전불이행,건조,흐림,교차로 - 교차로부근,승용,여,29세,경상,승용,남,45세,경상
2015111100100586,2015년 11월 11일 19시,수요일,인천광역시 부평구 일신동,중상사고,0,1,1,0,차대차 - 추돌 - 진행중,안전운전불이행,건조,맑음,단일로 - 기타,승용,남,44세,상해없음,승용,남,34세,중상
2015111100100616,2015년 11월 11일 20시,수요일,인천광역시 남동구 만수동,경상사고,0,0,1,0,차량단독 - 기타,기타,건조,맑음,단일로 - 기타,승합,남,58세,상해없음,,,,
2015111100100717,2015년 11월 11일 23시,수요일,인천광역시 중구 신흥동3가,경상사고,0,0,1,0,차대차 - 추돌 - 주정차중,안전운전불이행,건조,맑음,교차로 - 교차로부근,승용,남,53세,상해없음,승용,남,67세,경상
2015111100100718,2015년 11월 11일 23시,수요일,인천광역시 서구 가좌동,경상사고,0,0,1,0,차대차 - 추돌 - 주정차중,안전운전불이행,건조,맑음,단일로 - 기타,승용,남,38세,상해없음,승용,남,76세,경상
2015111200100021,2015년 11월 12일 00시,목요일,인천광역시 강화군 선원면,중상사고,0,1,0,0,차대차 - 측면직각충돌,교차로운행방법위반,건조,맑음,교차로 - 교차로안,승용,남,28세,상해없음,원동기,남,25세,중상
2015111200100054,2015년 11월 12일 03시,목요일,인천광역시 중구 북성동1가,부상신고사고,0,0,0,1,차대차 - 추돌 - 주정차중,안전운전불이행,건조,맑음,기타 - 기타,승용,남,18세,상해없음,이륜,남,20세,부상신고
2015111200100055,2015년 11월 12일 03시,목요일,인천광역시 계양구 효성동,중상사고,0,1,1,0,차대차 - 측면직각충돌,신호위반,건조,맑음,교차로 - 교차로안,승용,남,51세,상해없음,승용,남,54세,중상
2015111200100062,2015년 11월 12일 04시,목요일,인천광역시 서구 가좌동,경상사고,0,0,1,0,차대차 - 추돌 - 주정차중,신호위반,건조,맑음,교차로 - 교차로안,화물,남,47세,상해없음,이륜,남,55세,경상
2015111200100063,2015년 11월 12일 04시,목요일,인천광역시 서구 연희동,중상사고,0,1,0,0,차대차 - 추돌 - 주정차중,안전운전불이행,건조,맑음,단일로 - 기타,승용,남,26세,상해없음,건설기계,남,52세,중상
2015111200100074,2015년 11월 12일 05시,목요일,인천광역시 남구 주안동,중상사고,0,1,1,0,차대차 - 기타,안전운전불이행,습기,흐림,교차로 - 교차로안,승용,여,30세,상해없음,화물,남,50세,중상
2015111200100117,2015년 11월 12일 07시,목요일,인천광역시 중구 중산동,경상사고,0,0,1,0,차대차 - 측면직각충돌,안전운전불이행,건조,맑음,교차로 - 교차로부근,승용,남,39세,상해없음,승용,여,39세,경상
2015111200100118,2015년 11월 12일 07시,목요일,인천광역시 중구 신흥동3가,중상사고,0,1,0,0,차대차 - 정면충돌,안전거리미확보,건조,맑음,단일로 - 기타,승용,남,56세,상해없음,승용,남,48세,상해없음
2015111200100157,2015년 11월 12일 08시,목요일,인천광역시 중구 운서동,경상사고,0,0,4,0,차대차 - 기타,안전운전불이행,건조,맑음,단일로 - 기타,승용,남,32세,상해없음,승합,남,60세,경상
2015111200100158,2015년 11월 12일 08시,목요일,인천광역시 부평구 십정동,경상사고,0,0,1,0,차대사람 - 기타,안전운전불이행,건조,맑음,기타 - 기타,승용,남,34세,상해없음,보행자,여,46세,경상
2015111200100159,2015년 11월 12일 08시,목요일,인천광역시 부평구 부개동,경상사고,0,0,1,0,차대차 - 추돌 - 진행중,안전운전불이행,건조,맑음,교차로 - 교차로부근,승용,남,31세,상해없음,승용,남,38세,상해없음
2015111200100274,2015년 11월 12일 11시,목요일,인천광역시 남동구 논현동,경상사고,0,0,1,0,차대차 - 측면직각충돌,안전거리미확보,건조,맑음,단일로 - 기타,승용,남,61세,상해없음,승용,남,39세,경상
2015111200100275,2015년 11월 12일 11시,목요일,인천광역시 계양구 작전동,중상사고,0,1,0,0,차대사람 - 횡단중,안전운전불이행,건조,맑음,교차로 - 교차로안,이륜,남,57세,상해없음,보행자,여,67세,중상
2015111200100331,2015년 11월 12일 13시,목요일,인천광역시 남동구 논현동,중상사고,0,1,0,0,차대차 - 추돌 - 주정차중,안전운전불이행,건조,맑음,단일로 - 기타,화물,남,54세,상해없음,승용,여,39세,중상
2015111200100358,2015년 11월 12일 14시,목요일,인천광역시 남동구 구월동,경상사고,0,0,1,0,차대차 - 측면직각충돌,안전운전불이행,건조,맑음,교차로 - 교차로부근,승용,남,63세,상해없음,이륜,남,42세,경상
2015111200100359,2015년 11월 12일 14시,목요일,인천광역시 서구 당하동,경상사고,0,0,1,0,차대차 - 측면직각충돌,안전운전불이행,건조,맑음,교차로 - 교차로부근,승용,남,46세,상해없음,승용,여,39세,경상
2015111200100360,2015년 11월 12일 14시,목요일,인천광역시 강화군 불은면,경상사고,0,0,2,0,차대차 - 측면직각충돌,중앙선침범,건조,맑음,단일로 - 기타,승용,남,57세,상해없음,승용,남,49세,경상
2015111200100484,2015년 11월 12일 17시,목요일,인천광역시 부평구 부평동,중상사고,0,1,0,0,차대사람 - 기타,안전운전불이행,건조,맑음,단일로 - 기타,승용,남,49세,기타불명,보행자,여,19세,중상
2015111200100535,2015년 11월 12일 18시,목요일,인천광역시 남구 도화동,경상사고,0,0,1,0,차대차 - 기타,안전운전불이행,건조,맑음,교차로 - 교차로안,승용,여,43세,상해없음,승용,남,39세,경상
2015111200100536,2015년 11월 12일 18시,목요일,인천광역시 부평구 산곡동,경상사고,0,0,1,0,차대차 - 측면직각충돌,안전운전불이행,건조,맑음,단일로 - 기타,승용,남,45세,상해없음,이륜,남,17세,경상
2015111200100537,2015년 11월 12일 18시,목요일,인천광역시 남동구 구월동,중상사고,0,1,0,0,차대차 - 추돌 - 주정차중,안전거리미확보,건조,맑음,단일로 - 기타,승용,남,22세,상해없음,승용,여,35세,중상
2015111200100584,2015년 11월 12일 19시,목요일,인천광역시 부평구 십정동,경상사고,0,0,1,0,차대차 - 기타,안전운전불이행,건조,맑음,교차로 - 교차로안,승용,남,53세,상해없음,승용,남,34세,경상
2015111200100585,2015년 11월 12일 19시,목요일,인천광역시 계양구 작전동,경상사고,0,0,1,1,차대차 - 정면충돌,신호위반,건조,맑음,교차로 - 교차로안,승용,여,23세,상해없음,승용,여,57세,경상
2015111200100625,2015년 11월 12일 20시,목요일,인천광역시 서구 백석동,부상신고사고,0,0,0,1,차대차 - 기타,안전운전불이행,건조,맑음,단일로 - 교량,승용,기타불명,기타불명,기타불명,화물,남,59세,부상신고
2015111200100685,2015년 11월 12일 22시,목요일,인천광역시 계양구 계산동,경상사고,0,0,1,0,차대사람 - 횡단중,안전운전불이행,건조,맑음,교차로 - 교차로안,승용,남,38세,상해없음,보행자,남,26세,경상
2015111300100015,2015년 11월 13일 00시,금요일,인천광역시 강화군 길상면,중상사고,0,2,0,0,차대차 - 추돌 - 진행중,안전운전불이행,건조,맑음,단일로 - 기타,승용,남,37세,상해없음,승용,남,32세,중상
2015111300100132,2015년 11월 13일 07시,금요일,인천광역시 남동구 고잔동,중상사고,0,2,2,0,차대차 - 추돌 - 진행중,안전거리미확보,건조,맑음,단일로 - 기타,승합,남,52세,상해없음,화물,남,60세,경상
2015111300100133,2015년 11월 13일 07시,금요일,인천광역시 서구 공촌동,경상사고,0,0,2,0,차대차 - 추돌 - 진행중,안전운전불이행,습기,비,단일로 - 기타,승용,남,50세,상해없음,승용,여,26세,경상
2015111300100181,2015년 11월 13일 08시,금요일,인천광역시 남동구 구월동,경상사고,0,0,1,0,차대차 - 측면직각충돌,중앙선침범,건조,맑음,단일로 - 기타,승용,남,25세,상해없음,승용,남,33세,경상