사고번호,사고일시,요일,시군구,사고내용,사망자수,중상자수,경상자수,부상신고자수,사고유형,법규위반,노면상태,기상상태,도로형태,가해운전자 차종,가해운전자 성별,가해운전자 연령,가해운전자 상해정도,피해운전자 차종,피해운전자 성별,피해운전자 연령,피해운전자 상해정도
2015111300100254,2015년 11월 13일 10시,금요일,인천광역시 강화군 교동면,중상사고,0,2,0,0,차대차 - 정면충돌,안전운전불이행,습기,비,교차로 - 교차로안,승용,남,62세,중상,화물,남,56세,중상
2015111300100310,2015년 11월 13일 12시,금요일,인천광역시 남구 문학동,중상사고,0,1,0,0,차대차 - 측면직각충돌,신호위반,건조,맑음,교차로 - 교차로안,화물,남,42세,상해없음,이륜,남,50세,중상
2015111300100311,2015년 11월 13일 12시,금요일,인천광역시 남동구 간석동,경상사고,0,0,1,0,차대차 - 측면직각충돌,안전운전불이행,습기,비,단일로 - 기타,승용,남,44세,상해없음,화물,남,50세,상해없음
2015111300100382,2015년 11월 13일 14시,금요일,인천광역시 계양구 병방동,중상사고,0,1,0,0,차대사람 - 기타,안전운전불이행,습기,비,단일로 - 기타,승용,남,56세,상해없음,보행자,여,84세,중상
2015111300100451,2015년 11월 13일 16시,금요일,인천광역시 부평구 부평동,중상사고,0,1,1,0,차대차 - 측면직각충돌,신호위반,건조,맑음,교차로 - 교차로안,승용,여,45세,상해없음,이륜,남,16세,중상
2015111300100452,2015년 11월 13일 16시,금요일,인천광역시 부평구 갈산동,경상사고,0,0,2,0,차대차 - 추돌 - 주정차중,안전운전불이행,습기,비,단일로 - 기타,화물,남,32세,상해없음,승용,남,64세,경상
2015111300100524,2015년 11월 13일 17시,금요일,인천광역시 남동구 논현동,중상사고,0,1,0,0,차대사람 - 횡단중,보행자보호의무위반,습기,비,단일로 - 횡단보도상,승합,남,65세,상해없음,보행자,남,40세,중상
2015111300100525,2015년 11월 13일 17시,금요일,인천광역시 부평구 부개동,경상사고,0,0,1,0,차대차 - 기타,중앙선침범,건조,맑음,단일로 - 기타,승용,남,43세,상해없음,승용,여,36세,경상
2015111300100635,2015년 11월 13일 18시,금요일,인천광역시 남동구 간석동,중상사고,0,1,0,0,차대차 - 정면충돌,중앙선침범,습기,비,단일로 - 기타,화물,남,23세,상해없음,승용,여,47세,중상
2015111300100636,2015년 11월 13일 18시,금요일,인천광역시 연수구 청학동,경상사고,0,0,1,0,차대사람 - 기타,안전운전불이행,습기,비,교차로 - 교차로부근,승용,남,26세,상해없음,보행자,여,55세,경상
2015111300100637,2015년 11월 13일 18시,금요일,인천광역시 연수구 송도동,경상사고,0,0,2,0,차대차 - 기타,안전운전불이행,건조,맑음,단일로 - 기타,승용,남,35세,상해없음,승용,남,66세,경상
2015111300100715,2015년 11월 13일 19시,금요일,인천광역시 남동구 남촌동,중상사고,0,1,0,0,차대사람 - 횡단중,안전운전불이행,습기,비,교차로 - 교차로부근,승용,남,31세,상해없음,보행자,남,18세,중상
2015111300100716,2015년 11월 13일 19시,금요일,인천광역시 서구 금곡동,중상사고,0,1,0,0,차대사람 - 횡단중,보행자보호의무위반,습기,비,교차로 - 교차로부근,승합,남,65세,상해없음,보행자,남,41세,중상
2015111300100717,2015년 11월 13일 19시,금요일,인천광역시 서구 가정동,경상사고,0,0,1,0,차대차 - 추돌 - 진행중,안전운전불이행,습기,비,교차로 - 교차로부근,승용,남,51세,상해없음,승용,여,43세,경상
2015111300100718,2015년 11월 13일 19시,금요일,인천광역시 강화군 강화읍,경상사고,0,0,3,0,차대차 - 정면충돌,신호위반,습기,비,교차로 - 교차로안,승용,남,39세,상해없음,승용,여,49세,경상
2015111300100782,2015년 11월 13일 20시,금요일,인천광역시 강화군 강화읍,경상사고,0,0,2,0,차대차 - 정면충돌,신호위반,습기,비,교차로 - 교차로안,승용,여,55세,상해없음,승용,남,29세,경상
2015111300100783,2015년 11월 13일 20시,금요일,인천광역시 연수구 송도동,경상사고,0,0,2,0,차대차 - 기타,안전거리미확보,습기,비,교차로 - 교차로부근,승합,남,53세,상해없음,승용,남,43세,경상
2015111300100836,2015년 11월 13일 21시,금요일,인천광역시 서구 석남동,경상사고,0,0,1,0,차대차 - 추돌 - 진행중,안전운전불이행,건조,맑음,단일로 - 기타,승용,기타불명,기타불명,기타불명,승용,남,54세,경상
2015111300100901,2015년 11월 13일 22시,금요일,인천광역시 부평구 산곡동,경상사고,0,0,1,0,차대차 - 추돌 - 주정차중,안전운전불이행,건조,맑음,단일로 - 기타,승용,남,63세,상해없음,승용,남,29세,경상
2015111300100902,2015년 11월 13일 22시,금요일,인천광역시 부평구 부개동,중상사고,0,1,0,0,차대차 - 정면충돌,중앙선침범,습기,비,단일로 - 기타,승용,남,42세,상해없음,승용,남,29세,중상
2015111300100903,2015년 11월 13일 22시,금요일,인천광역시 부평구 부개동,중상사고,0,1,0,0,차량단독 - 공작물충돌,안전운전불이행,습기,비,단일로 - 기타,특수,남,33세,중상,,,,
2015111300100904,2015년 11월 13일 22시,금요일,인천광역시 부평구 갈산동,경상사고,0,0,1,0,차대차 - 기타,안전운전불이행,건조,맑음,단일로 - 기타,승용,남,31세,상해없음,화물,남,52세,경상
2015111300100961,2015년 11월 13일 23시,금요일,인천광역시 남동구 수산동,경상사고,0,0,2,0,차대차 - 측면직각충돌,차로위반,습기,비,단일로 - 기타,화물,남,43세,상해없음,승용,남,56세,경상
2015111400100035,2015년 11월 14일 00시,토요일,인천광역시 서구 경서동,경상사고,0,0,2,0,차대차 - 추돌 - 진행중,안전운전불이행,습기,비,단일로 - 기타,승용,남,52세,상해없음,승용,남,55세,경상
2015111400100074,2015년 11월 14일 01시,토요일,인천광역시 남구 숭의동,경상사고,0,0,1,0,차대차 - 추돌 - 진행중,안전운전불이행,습기,비,단일로 - 기타,승용,남,63세,상해없음,원동기,남,59세,경상
2015111400100075,2015년 11월 14일 01시,토요일,인천광역시 연수구 연수동,중상사고,0,1,1,0,차대차 - 추돌 - 주정차중,안전운전불이행,습기,비,교차로 - 교차로부근,승용,남,37세,상해없음,승용,남,42세,중상
2015111400100076,2015년 11월 14일 01시,토요일,인천광역시 부평구 삼산동,중상사고,0,1,1,0,차대차 - 추돌 - 주정차중,안전운전불이행,건조,맑음,미분류 - 미분류,화물,남,56세,상해없음,승용,남,67세,중상
2015111400100077,2015년 11월 14일 01시,토요일,인천광역시 부평구 부평동,중상사고,0,1,0,0,차대사람 - 횡단중,안전운전불이행,습기,비,교차로 - 교차로부근,화물,남,46세,상해없음,보행자,남,39세,중상
2015111400100108,2015년 11월 14일 02시,토요일,인천광역시 남구 주안동,경상사고,0,0,2,0,차대차 - 측면직각충돌,신호위반,습기,비,단일로 - 기타,승용,남,26세,상해없음,승용,남,37세,경상
2015111400100109,2015년 11월 14일 02시,토요일,인천광역시 남구 숭의동,경상사고,0,0,1,0,차대차 - 측면직각충돌,안전운전불이행,습기,비,단일로 - 기타,승용,남,53세,상해없음,이륜,남,21세,경상
2015111400100137,2015년 11월 14일 03시,토요일,인천광역시 부평구 부평동,경상사고,0,0,1,0,차대차 - 측면직각충돌,안전운전불이행,건조,기타,단일로 - 기타,승용,남,47세,기타불명,승용,남,55세,경상
2015111400100163,2015년 11월 14일 04시,토요일,인천광역시 서구 가좌동,경상사고,0,0,1,0,차대차 - 측면직각충돌,신호위반,습기,비,교차로 - 교차로안,승용,남,25세,상해없음,화물,남,62세,경상
2015111400100184,2015년 11월 14일 05시,토요일,인천광역시 남동구 간석동,중상사고,0,1,0,0,차대사람 - 횡단중,신호위반,습기,맑음,교차로 - 교차로부근,승용,남,67세,상해없음,보행자,남,83세,중상
2015111400100201,2015년 11월 14일 06시,토요일,인천광역시 중구 을왕동,경상사고,0,0,1,0,차대차 - 측면직각충돌,안전운전불이행,습기,비,단일로 - 기타,승용,남,31세,상해없음,화물,남,57세,경상
2015111400100202,2015년 11월 14일 06시,토요일,인천광역시 남동구 간석동,경상사고,0,0,1,0,차대차 - 정면충돌,신호위반,습기,흐림,교차로 - 교차로안,승용,여,47세,상해없음,승용,남,55세,경상
2015111400100203,2015년 11월 14일 06시,토요일,인천광역시 계양구 작전동,중상사고,0,1,0,0,차대차 - 측면직각충돌,안전운전불이행,습기,비,교차로 - 교차로안,승용,남,38세,상해없음,이륜,남,39세,중상
2015111400100222,2015년 11월 14일 07시,토요일,인천광역시 남구 용현동,경상사고,0,0,1,0,차대차 - 측면직각충돌,중앙선침범,습기,비,교차로 - 교차로안,승용,남,42세,상해없음,화물,남,58세,경상
2015111400100223,2015년 11월 14일 07시,토요일,인천광역시 계양구 장기동,중상사고,0,1,0,0,차대차 - 측면직각충돌,중앙선침범,건조,맑음,단일로 - 기타,승용,남,23세,상해없음,승용,여,37세,중상
2015111400100255,2015년 11월 14일 08시,토요일,인천광역시 연수구 옥련동,경상사고,0,0,1,0,차대차 - 기타,안전운전불이행,건조,맑음,교차로 - 교차로부근,특수,남,42세,상해없음,승용,남,23세,경상
2015111400100284,2015년 11월 14일 09시,토요일,인천광역시 동구 송림동,경상사고,0,0,1,0,차대차 - 추돌 - 주정차중,안전운전불이행,습기,비,교차로 - 교차로안,화물,남,56세,상해없음,승용,남,33세,경상
2015111400100285,2015년 11월 14일 09시,토요일,인천광역시 계양구 계산동,경상사고,0,0,4,0,차대차 - 추돌 - 주정차중,안전운전불이행,건조,맑음,단일로 - 기타,승용,남,66세,상해없음,승용,여,54세,경상
2015111400100286,2015년 11월 14일 09시,토요일,인천광역시 연수구 동춘동,중상사고,0,2,2,0,차대차 - 측면직각충돌,신호위반,습기,비,교차로 - 교차로안,승합,남,43세,상해없음,승용,남,47세,경상
2015111400100383,2015년 11월 14일 12시,토요일,인천광역시 남동구 간석동,경상사고,0,0,1,0,차대차 - 측면직각충돌,안전거리미확보,건조,맑음,단일로 - 기타,승합,남,51세,상해없음,승용,여,35세,경상
2015111400100413,2015년 11월 14일 13시,토요일,인천광역시 동구 송림동,경상사고,0,0,1,1,차대차 - 측면직각충돌,신호위반,습기,비,교차로 - 교차로안,승용,남,27세,상해없음,승용,여,41세,경상
2015111400100414,2015년 11월 14일 13시,토요일,인천광역시 남구 주안동,중상사고,0,1,0,0,차대사람 - 횡단중,안전운전불이행,습기,흐림,교차로 - 교차로안,화물,남,48세,상해없음,보행자,남,8세,중상
2015111400100444,2015년 11월 14일 14시,토요일,인천광역시 남동구 구월동,경상사고,0,0,1,0,차대사람 - 횡단중,안전운전불이행,건조,맑음,교차로 - 교차로부근,승용,여,47세,상해없음,보행자,여,81세,경상
2015111400100484,2015년 11월 14일 15시,토요일,인천광역시 남동구 장수동,경상사고,0,0,1,0,차대차 - 추돌 - 진행중,안전운전불이행,건조,맑음,단일로 - 기타,승용,남,52세,상해없음,승용,여,24세,경상
2015111400100519,2015년 11월 14일 16시,토요일,인천광역시 중구 관동1가,경상사고,0,0,1,0,차대사람 - 횡단중,안전운전불이행,건조,맑음,단일로 - 기타,승용,남,19세,기타불명,보행자,여,35세,경상
2015111400100520,2015년 11월 14일 16시,토요일,인천광역시 남구 주안동,중상사고,0,1,0,0,차대차 - 측면직각충돌,안전거리미확보,건조,맑음,단일로 - 기타,이륜,남,34세,중상,승용,남,65세,상해없음
2015111400100521,2015년 11월 14일 16시,토요일,인천광역시 부평구 부평동,경상사고,0,0,1,1,차대사람 - 기타,안전운전불이행,건조,맑음,단일로 - 기타,승합,남,46세,상해없음,보행자,남,24세,경상
2015111400100575,2015년 11월 14일 17시,토요일,인천광역시 부평구 갈산동,경상사고,0,0,1,0,차대차 - 기타,안전운전불이행,습기,비,단일로 - 기타,자전거,남,76세,경상,이륜,남,57세,상해없음
2015111400100633,2015년 11월 14일 18시,토요일,인천광역시 중구 운서동,중상사고,0,2,0,1,차대차 - 추돌 - 진행중,안전운전불이행,건조,맑음,교차로 - 교차로부근,화물,남,37세,부상신고,승용,남,45세,중상
2015111400100677,2015년 11월 14일 19시,토요일,인천광역시 남구 주안동,경상사고,0,0,1,0,차대사람 - 기타,안전운전불이행,습기,흐림,단일로 - 기타,승용,남,51세,상해없음,보행자,여,51세,경상
2015111400100678,2015년 11월 14일 19시,토요일,인천광역시 부평구 청천동,경상사고,0,0,2,0,차대차 - 추돌 - 진행중,안전운전불이행,습기,비,단일로 - 기타,승용,남,53세,상해없음,승용,여,59세,경상
2015111400100679,2015년 11월 14일 19시,토요일,인천광역시 서구 마전동,중상사고,0,1,0,0,차대사람 - 보도통행중,보행자보호의무위반,습기,비,교차로 - 교차로안,승용,남,24세,상해없음,보행자,여,36세,중상
2015111400100680,2015년 11월 14일 19시,토요일,인천광역시 서구 마전동,중상사고,0,1,0,0,차대차 - 측면직각충돌,신호위반,습기,비,교차로 - 교차로안,이륜,남,23세,중상,승용,남,50세,상해없음
2015111400100714,2015년 11월 14일 20시,토요일,인천광역시 서구 경서동,경상사고,0,0,1,0,차대차 - 측면직각충돌,신호위반,습기,비,단일로 - 기타,승합,남,55세,상해없음,이륜,남,33세,경상
2015111400100715,2015년 11월 14일 20시,토요일,인천광역시 서구 경서동,경상사고,0,0,1,0,차대차 - 측면직각충돌,안전운전불이행,건조,맑음,교차로 - 교차로안,승용,남,60세,상해없음,자전거,남,14세,경상
2015111400100716,2015년 11월 14일 20시,토요일,인천광역시 연수구 연수동,경상사고,0,0,2,0,차대차 - 추돌 - 진행중,안전운전불이행,습기,비,교차로 - 교차로부근,승용,여,50세,상해없음,승용,남,65세,경상
2015111400100805,2015년 11월 14일 23시,토요일,인천광역시 남동구 간석동,경상사고,0,0,3,0,차대차 - 측면직각충돌,교차로운행방법위반,습기,비,교차로 - 교차로안,승용,남,28세,경상,승용,남,22세,경상
2015111500100019,2015년 11월 15일 00시,일요일,인천광역시 부평구 청천동,경상사고,0,0,2,0,차대차 - 기타,안전운전불이행,습기,비,교차로 - 교차로부근,승용,남,30세,상해없음,승용,남,28세,경상
2015111500100035,2015년 11월 15일 01시,일요일,인천광역시 부평구 삼산동,경상사고,0,0,2,0,차대차 - 추돌 - 주정차중,안전운전불이행,건조,맑음,단일로 - 기타,승용,남,25세,상해없음,승용,남,56세,경상
2015111500100049,2015년 11월 15일 02시,일요일,인천광역시 서구 가정동,경상사고,0,0,1,0,차대차 - 측면직각충돌,신호위반,습기,비,교차로 - 교차로안,승용,여,32세,상해없음,승용,남,45세,경상
2015111500100050,2015년 11월 15일 02시,일요일,인천광역시 계양구 계산동,경상사고,0,0,1,0,차대차 - 기타,안전운전불이행,건조,맑음,단일로 - 기타,승용,남,28세,상해없음,승용,여,47세,기타불명
2015111500100090,2015년 11월 15일 05시,일요일,인천광역시 남구 주안동,경상사고,0,0,1,0,차대차 - 기타,안전운전불이행,건조,맑음,단일로 - 기타,화물,남,57세,상해없음,이륜,남,23세,경상
2015111500100109,2015년 11월 15일 07시,일요일,인천광역시 서구 공촌동,경상사고,0,0,1,0,차대차 - 측면직각충돌,중앙선침범,습기,비,단일로 - 기타,승용,남,49세,상해없음,승용,남,37세,경상
2015111500100159,2015년 11월 15일 10시,일요일,인천광역시 남구 관교동,경상사고,0,0,1,0,차대차 - 측면직각충돌,신호위반,건조,맑음,교차로 - 교차로안,승용,남,67세,상해없음,승용,남,58세,경상
2015111500100217,2015년 11월 15일 12시,일요일,인천광역시 남구 도화동,중상사고,0,1,1,0,차대차 - 측면직각충돌,안전운전불이행,건조,맑음,교차로 - 교차로부근,승용,남,73세,상해없음,승용,남,39세,상해없음
2015111500100254,2015년 11월 15일 13시,일요일,인천광역시 남동구 구월동,경상사고,0,0,1,0,차대차 - 측면직각충돌,안전운전불이행,건조,맑음,교차로 - 교차로안,승용,남,26세,상해없음,자전거,남,39세,경상
2015111500100287,2015년 11월 15일 14시,일요일,인천광역시 부평구 갈산동,경상사고,0,0,3,0,차대차 - 측면직각충돌,불법유턴,건조,맑음,단일로 - 기타,승용,남,62세,상해없음,승용,남,56세,경상
2015111500100288,2015년 11월 15일 14시,일요일,인천광역시 부평구 부평동,중상사고,0,1,0,0,차대차 - 기타,안전운전불이행,건조,맑음,단일로 - 기타,승용,남,15세,상해없음,승용,남,57세,중상
2015111500100385,2015년 11월 15일 17시,일요일,인천광역시 계양구 효성동,경상사고,0,0,1,0,차대차 - 측면직각충돌,안전운전불이행,건조,맑음,단일로 - 횡단보도부근,승합,남,60세,상해없음,승용,여,37세,경상
2015111500100427,2015년 11월 15일 18시,일요일,인천광역시 부평구 부평동,경상사고,0,0,2,0,차대차 - 추돌 - 주정차중,안전운전불이행,건조,흐림,교차로 - 교차로부근,화물,남,29세,상해없음,승용,남,40세,경상
2015111500100480,2015년 11월 15일 19시,일요일,인천광역시 서구 시천동,중상사고,0,1,0,0,차대차 - 측면직각충돌,중앙선침범,건조,맑음,단일로 - 기타,이륜,남,27세,상해없음,승용,남,67세,중상
2015111500100500,2015년 11월 15일 20시,일요일,인천광역시 부평구 부평동,경상사고,0,0,2,0,차대차 - 기타,교차로운행방법위반,건조,맑음,교차로 - 교차로안,승용,남,32세,상해없음,승용,남,34세,경상
2015111500100529,2015년 11월 15일 21시,일요일,인천광역시 중구 덕교동,중상사고,0,1,0,0,차대차 - 정면충돌,중앙선침범,건조,맑음,단일로 - 기타,승용,여,59세,상해없음,자전거,남,16세,중상
2015111500100549,2015년 11월 15일 22시,일요일,인천광역시 부평구 산곡동,경상사고,0,0,2,0,차대차 - 추돌 - 주정차중,안전운전불이행,건조,맑음,단일로 - 기타,승용,남,75세,상해없음,화물,남,38세,경상
2015111600100012,2015년 11월 16일 00시,월요일,인천광역시 남구 도화동,경상사고,0,0,3,0,차대차 - 기타,안전운전불이행,건조,맑음,단일로 - 기타,승용,남,67세,상해없음,승용,남,36세,경상
2015111600100033,2015년 11월 16일 03시,월요일,인천광역시 중구 신흥동3가,중상사고,0,1,0,0,차대차 - 추돌 - 주정차중,안전운전불이행,건조,맑음,교차로 - 교차로부근,승용,남,47세,상해없음,화물,남,45세,중상
2015111600100048,2015년 11월 16일 05시,월요일,인천광역시 남구 주안동,사망사고,1,0,0,0,차대차 - 측면직각충돌,중앙선침범,습기,흐림,교차로 - 교차로안,자전거,남,78세,사망,승합,남,52세,상해없음
2015111600100063,2015년 11월 16일 06시,월요일,인천광역시 부평구 구산동,중상사고,0,1,0,0,차대차 - 측면직각충돌,안전운전불이행,건조,맑음,단일로 - 기타,승용,남,39세,상해없음,자전거,여,55세,중상
2015111600100134,2015년 11월 16일 08시,월요일,인천광역시 동구 송림동,부상신고사고,0,0,0,1,차대사람 - 보도통행중,안전운전불이행,건조,맑음,단일로 - 기타,승용,여,47세,기타불명,보행자,남,12세,부상신고
2015111600100135,2015년 11월 16일 08시,월요일,인천광역시 중구 중산동,중상사고,0,1,0,0,차대사람 - 기타,안전운전불이행,건조,맑음,단일로 - 기타,화물,남,42세,상해없음,보행자,남,78세,중상
2015111600100136,2015년 11월 16일 08시,월요일,인천광역시 남구 주안동,경상사고,0,0,1,0,차량단독 - 기타,신호위반,건조,맑음,교차로 - 교차로안,승합,남,53세,상해없음,,,,
2015111600100137,2015년 11월 16일 08시,월요일,인천광역시 강화군 교동면,경상사고,0,0,1,0,차대차 - 정면충돌,안전운전불이행,건조,맑음,단일로 - 기타,승용,남,62세,상해없음,승용,남,49세,경상
2015111600100171,2015년 11월 16일 09시,월요일,인천광역시 남동구 구월동,경상사고,0,0,1,0,차대사람 - 길가장자리구역통행중,안전운전불이행,건조,흐림,교차로 - 교차로부근,승용,남,54세,상해없음,보행자,남,36세,경상
2015111600100263,2015년 11월 16일 12시,월요일,인천광역시 중구 경동,경상사고,0,0,1,0,차대사람 - 횡단중,신호위반,건조,맑음,교차로 - 교차로안,승합,남,53세,상해없음,보행자,남,66세,경상
2015111600100305,2015년 11월 16일 13시,월요일,인천광역시 남동구 논현동,사망사고,1,0,0,0,차대차 - 추돌 - 진행중,신호위반,건조,흐림,교차로 - 교차로안,승용,남,23세,상해없음,이륜,남,58세,사망
2015111600100328,2015년 11월 16일 14시,월요일,인천광역시 남동구 남촌동,경상사고,0,0,2,0,차대차 - 측면직각충돌,안전운전불이행,습기,비,단일로 - 기타,승용,남,50세,상해없음,승용,남,37세,경상
2015111600100329,2015년 11월 16일 14시,월요일,인천광역시 강화군 길상면,경상사고,0,0,1,0,차대차 - 기타,신호위반,습기,비,교차로 - 교차로안,승용,남,79세,상해없음,승용,여,61세,경상
2015111600100372,2015년 11월 16일 15시,월요일,인천광역시 남구 학익동,경상사고,0,0,1,0,차대차 - 기타,안전운전불이행,습기,비,단일로 - 기타,화물,남,25세,상해없음,승용,남,61세,상해없음
2015111600100373,2015년 11월 16일 15시,월요일,인천광역시 서구 가정동,중상사고,0,1,0,0,차대사람 - 횡단중,안전운전불이행,습기,비,교차로 - 교차로안,승용,남,47세,상해없음,보행자,여,75세,중상
2015111600100426,2015년 11월 16일 16시,월요일,인천광역시 서구 경서동,중상사고,0,1,0,0,차대사람 - 횡단중,보행자보호의무위반,건조,흐림,교차로 - 교차로안,승용,여,51세,상해없음,보행자,남,8세,중상
2015111600100427,2015년 11월 16일 16시,월요일,인천광역시 서구 검암동,경상사고,0,0,1,0,차대사람 - 기타,안전운전불이행,습기,비,단일로 - 기타,승합,남,62세,상해없음,보행자,남,76세,경상
2015111600100428,2015년 11월 16일 16시,월요일,인천광역시 부평구 갈산동,경상사고,0,0,1,0,차대사람 - 기타,안전운전불이행,습기,비,기타 - 기타,승용,여,38세,상해없음,보행자,남,34세,경상
2015111600100487,2015년 11월 16일 17시,월요일,인천광역시 부평구 산곡동,부상신고사고,0,0,0,1,차대사람 - 기타,안전운전불이행,건조,맑음,단일로 - 기타,기타불명,기타불명,기타불명,기타불명,보행자,여,13세,부상신고
2015111600100488,2015년 11월 16일 17시,월요일,인천광역시 계양구 작전동,사망사고,1,0,0,0,차대사람 - 횡단중,안전운전불이행,습기,비,교차로 - 교차로안,승용,남,37세,상해없음,보행자,여,79세,사망
2015111600100572,2015년 11월 16일 18시,월요일,인천광역시 남동구 만수동,중상사고,0,1,0,0,차대사람 - 횡단중,안전운전불이행,습기,비,단일로 - 횡단보도상,화물,남,26세,상해없음,보행자,여,85세,중상
2015111600100573,2015년 11월 16일 18시,월요일,인천광역시 남동구 구월동,경상사고,0,0,1,0,차대차 - 추돌 - 주정차중,안전운전불이행,습기,비,단일로 - 기타,승용,남,40세,상해없음,승용,남,37세,경상
2015111600100574,2015년 11월 16일 18시,월요일,인천광역시 남동구 구월동,중상사고,0,1,0,0,차대사람 - 횡단중,보행자보호의무위반,습기,비,단일로 - 횡단보도상,승합,남,72세,상해없음,보행자,여,61세,중상
2015111600100575,2015년 11월 16일 18시,월요일,인천광역시 서구 가좌동,경상사고,0,0,1,0,차대사람 - 기타,보행자보호의무위반,습기,비,교차로 - 교차로안,승용,남,59세,상해없음,보행자,남,27세,경상
2015111600100576,2015년 11월 16일 18시,월요일,인천광역시 계양구 귤현동,경상사고,0,0,1,0,차대사람 - 보도통행중,안전운전불이행,습기,비,단일로 - 횡단보도상,승용,남,36세,상해없음,보행자,남,36세,경상
2015111600100577,2015년 11월 16일 18시,월요일,인천광역시 부평구 부개동,중상사고,0,1,0,0,차대사람 - 횡단중,보행자보호의무위반,습기,비,교차로 - 교차로안,승용,여,50세,기타불명,보행자,남,30세,중상
2015111600100644,2015년 11월 16일 19시,월요일,인천광역시 연수구 연수동,경상사고,0,0,1,0,차대차 - 추돌 - 진행중,안전운전불이행,건조,맑음,단일로 - 기타,승용,남,46세,기타불명,승용,여,49세,경상
2015111600100645,2015년 11월 16일 19시,월요일,인천광역시 연수구 동춘동,경상사고,0,0,1,0,차대차 - 측면직각충돌,안전운전불이행,습기,비,단일로 - 기타,화물,남,56세,기타불명,승용,남,52세,경상
2015111600100734,2015년 11월 16일 21시,월요일,인천광역시 부평구 부평동,중상사고,0,2,0,0,차대사람 - 기타,안전운전불이행,습기,비,단일로 - 기타,승용,남,22세,상해없음,보행자,남,35세,중상
2015111600100802,2015년 11월 16일 23시,월요일,인천광역시 계양구 작전동,경상사고,0,0,1,0,차량단독 - 기타,안전운전불이행,건조,맑음,단일로 - 횡단보도부근,승합,남,46세,상해없음,,,,
2015111700100018,2015년 11월 17일 00시,화요일,인천광역시 남구 용현동,경상사고,0,0,1,0,차대차 - 기타,안전운전불이행,습기,비,단일로 - 기타,승용,남,47세,상해없음,승용,남,52세,상해없음
2015111700100066,2015년 11월 17일 05시,화요일,인천광역시 남구 숭의동,중상사고,0,1,0,0,차대차 - 측면직각충돌,신호위반,건조,맑음,교차로 - 교차로안,승용,남,32세,상해없음,승용,남,72세,중상
2015111700100108,2015년 11월 17일 07시,화요일,인천광역시 남구 주안동,중상사고,0,1,0,0,차대차 - 기타,안전운전불이행,건조,맑음,단일로 - 교량,기타불명,기타불명,기타불명,기타불명,승용,남,34세,중상
2015111700100109,2015년 11월 17일 07시,화요일,인천광역시 부평구 부평동,경상사고,0,0,1,0,차대차 - 기타,안전운전불이행,건조,맑음,교차로 - 교차로안,화물,남,28세,상해없음,승용,남,35세,경상
2015111700100110,2015년 11월 17일 07시,화요일,인천광역시 계양구 작전동,경상사고,0,0,1,0,차대차 - 측면직각충돌,안전거리미확보,건조,맑음,교차로 - 교차로안,승용,남,19세,상해없음,승용,남,58세,경상
2015111700100144,2015년 11월 17일 08시,화요일,인천광역시 연수구 청학동,경상사고,0,0,2,0,차대사람 - 보도통행중,기타,건조,맑음,교차로 - 교차로부근,승용,남,19세,상해없음,보행자,남,29세,경상
2015111700100145,2015년 11월 17일 08시,화요일,인천광역시 부평구 부평동,중상사고,0,1,0,0,차대사람 - 기타,안전운전불이행,건조,맑음,기타 - 기타,승용,여,43세,상해없음,보행자,여,60세,중상
2015111700100212,2015년 11월 17일 10시,화요일,인천광역시 부평구 부평동,중상사고,0,1,0,0,차대사람 - 횡단중,안전운전불이행,건조,맑음,단일로 - 횡단보도상,승용,여,66세,상해없음,보행자,여,61세,중상
2015111700100213,2015년 11월 17일 10시,화요일,인천광역시 남동구 구월동,경상사고,0,0,1,0,차대차 - 측면직각충돌,차로위반,건조,맑음,단일로 - 기타,승용,남,28세,상해없음,화물,여,52세,경상
2015111700100240,2015년 11월 17일 11시,화요일,인천광역시 중구 운남동,경상사고,0,0,1,0,차대차 - 정면충돌,신호위반,건조,맑음,교차로 - 교차로안,승용,남,62세,상해없음,승용,여,46세,경상
2015111700100241,2015년 11월 17일 11시,화요일,인천광역시 남동구 간석동,경상사고,0,0,1,0,차대사람 - 기타,기타,건조,맑음,단일로 - 기타,승용,남,51세,상해없음,보행자,남,62세,경상
2015111700100242,2015년 11월 17일 11시,화요일,인천광역시 서구 가정동,중상사고,0,1,0,0,차대사람 - 기타,안전운전불이행,건조,맑음,교차로 - 교차로안,승용,여,47세,상해없음,보행자,남,74세,중상
2015111700100243,2015년 11월 17일 11시,화요일,인천광역시 계양구 계산동,중상사고,0,1,0,0,차대사람 - 기타,기타,건조,맑음,단일로 - 기타,승합,남,60세,상해없음,보행자,여,58세,중상
2015111700100293,2015년 11월 17일 13시,화요일,인천광역시 동구 만석동,중상사고,0,1,0,0,차대사람 - 횡단중,안전운전불이행,건조,맑음,교차로 - 교차로부근,승용,남,46세,상해없음,보행자,여,55세,중상