사고번호,사고일시,요일,시군구,사고내용,사망자수,중상자수,경상자수,부상신고자수,사고유형,법규위반,노면상태,기상상태,도로형태,가해운전자 차종,가해운전자 성별,가해운전자 연령,가해운전자 상해정도,피해운전자 차종,피해운전자 성별,피해운전자 연령,피해운전자 상해정도
2015111700100294,2015년 11월 17일 13시,화요일,인천광역시 남동구 구월동,경상사고,0,0,1,0,차대사람 - 보도통행중,안전운전불이행,건조,맑음,단일로 - 기타,승용,여,52세,상해없음,보행자,남,25세,경상
2015111700100386,2015년 11월 17일 16시,화요일,인천광역시 서구 가좌동,중상사고,0,1,0,0,차대사람 - 보도통행중,안전운전불이행,건조,맑음,단일로 - 기타,화물,남,46세,상해없음,보행자,여,79세,중상
2015111700100387,2015년 11월 17일 16시,화요일,인천광역시 서구 연희동,중상사고,0,1,0,0,차량단독 - 기타,안전운전불이행,건조,맑음,교차로 - 교차로안,승합,남,49세,상해없음,,,,
2015111700100438,2015년 11월 17일 17시,화요일,인천광역시 남구 학익동,경상사고,0,0,1,0,차대차 - 추돌 - 주정차중,안전운전불이행,건조,맑음,단일로 - 기타,승용,남,35세,상해없음,승용,남,33세,경상
2015111700100439,2015년 11월 17일 17시,화요일,인천광역시 계양구 계산동,경상사고,0,0,2,0,차대차 - 추돌 - 진행중,안전운전불이행,습기,흐림,교차로 - 교차로안,승용,남,28세,상해없음,승용,남,30세,경상
2015111700100497,2015년 11월 17일 18시,화요일,인천광역시 남구 용현동,경상사고,0,0,1,0,차대사람 - 횡단중,보행자보호의무위반,건조,흐림,교차로 - 교차로안,화물,남,54세,상해없음,보행자,여,31세,경상
2015111700100498,2015년 11월 17일 18시,화요일,인천광역시 부평구 청천동,경상사고,0,0,1,0,차대차 - 측면직각충돌,안전운전불이행,건조,맑음,단일로 - 기타,화물,남,48세,상해없음,원동기,남,49세,경상
2015111700100541,2015년 11월 17일 19시,화요일,인천광역시 서구 연희동,경상사고,0,0,2,0,차대사람 - 기타,안전운전불이행,건조,맑음,교차로 - 교차로안,승용,여,53세,상해없음,보행자,남,22세,경상
2015111700100542,2015년 11월 17일 19시,화요일,인천광역시 계양구 박촌동,중상사고,0,1,0,0,차대차 - 측면직각충돌,안전운전불이행,건조,맑음,교차로 - 교차로안,승용,여,56세,상해없음,이륜,남,49세,중상
2015111700100543,2015년 11월 17일 19시,화요일,인천광역시 남동구 남촌동,경상사고,0,0,2,0,차대차 - 측면직각충돌,안전거리미확보,건조,맑음,단일로 - 교량,승용,여,54세,상해없음,승용,남,26세,경상
2015111700100579,2015년 11월 17일 20시,화요일,인천광역시 남구 주안동,중상사고,0,1,1,0,차대차 - 측면직각충돌,신호위반,건조,맑음,교차로 - 교차로안,이륜,남,21세,상해없음,이륜,남,17세,경상
2015111700100581,2015년 11월 17일 20시,화요일,인천광역시 남동구 장수동,경상사고,0,0,1,0,차대차 - 추돌 - 진행중,차로위반,건조,맑음,단일로 - 기타,화물,남,47세,상해없음,승용,남,34세,경상
2015111700100582,2015년 11월 17일 20시,화요일,인천광역시 서구 원당동,경상사고,0,0,1,0,차대차 - 추돌 - 주정차중,안전운전불이행,건조,맑음,단일로 - 기타,승용,남,42세,상해없음,승용,여,41세,상해없음
2015111700100620,2015년 11월 17일 21시,화요일,인천광역시 남동구 간석동,경상사고,0,0,2,0,차대차 - 추돌 - 주정차중,안전운전불이행,건조,흐림,단일로 - 기타,승용,남,50세,상해없음,승용,여,23세,경상
2015111700100621,2015년 11월 17일 21시,화요일,인천광역시 부평구 부개동,중상사고,0,1,0,0,차대사람 - 기타,안전운전불이행,건조,맑음,단일로 - 횡단보도상,승합,남,59세,상해없음,보행자,남,58세,중상
2015111700100652,2015년 11월 17일 22시,화요일,인천광역시 연수구 송도동,중상사고,0,1,0,0,차대사람 - 기타,안전운전불이행,건조,맑음,단일로 - 기타,승용,남,48세,상해없음,보행자,여,41세,중상
2015111700100676,2015년 11월 17일 23시,화요일,인천광역시 서구 가정동,경상사고,0,0,4,1,차대차 - 측면직각충돌,신호위반,건조,맑음,교차로 - 교차로안,승용,여,36세,상해없음,승합,남,52세,경상
2015111700100677,2015년 11월 17일 23시,화요일,인천광역시 계양구 작전동,경상사고,0,0,1,0,차대차 - 측면직각충돌,안전운전불이행,건조,맑음,단일로 - 기타,이륜,남,16세,상해없음,이륜,남,34세,경상
2015111800100015,2015년 11월 18일 00시,수요일,인천광역시 부평구 부평동,경상사고,0,0,1,0,차대사람 - 기타,안전운전불이행,건조,맑음,단일로 - 기타,승용,남,23세,상해없음,보행자,여,29세,경상
2015111800100039,2015년 11월 18일 02시,수요일,인천광역시 계양구 서운동,경상사고,0,0,1,0,차대차 - 측면직각충돌,신호위반,건조,맑음,교차로 - 교차로안,승용,여,43세,상해없음,승용,여,34세,경상
2015111800100094,2015년 11월 18일 06시,수요일,인천광역시 서구 가좌동,중상사고,0,2,0,0,차대사람 - 횡단중,신호위반,건조,맑음,교차로 - 교차로부근,승용,남,56세,상해없음,보행자,여,43세,중상
2015111800100095,2015년 11월 18일 06시,수요일,인천광역시 연수구 송도동,경상사고,0,0,1,0,차대차 - 측면직각충돌,신호위반,건조,맑음,교차로 - 교차로부근,승용,남,24세,상해없음,화물,남,34세,경상
2015111800100125,2015년 11월 18일 07시,수요일,인천광역시 강화군 강화읍,경상사고,0,0,1,0,차대차 - 기타,신호위반,건조,맑음,교차로 - 교차로안,승용,남,56세,상해없음,승용,남,65세,경상
2015111800100154,2015년 11월 18일 08시,수요일,인천광역시 중구 운서동,부상신고사고,0,0,0,1,차대차 - 기타,안전운전불이행,건조,맑음,교차로 - 교차로부근,이륜,남,68세,부상신고,화물,남,25세,상해없음
2015111800100155,2015년 11월 18일 08시,수요일,인천광역시 남동구 만수동,중상사고,0,1,0,0,차대사람 - 횡단중,보행자보호의무위반,건조,맑음,교차로 - 교차로부근,승용,남,56세,상해없음,보행자,여,72세,중상
2015111800100211,2015년 11월 18일 10시,수요일,인천광역시 서구 석남동,경상사고,0,0,1,0,차대차 - 추돌 - 진행중,안전운전불이행,습기,흐림,교차로 - 교차로부근,승용,남,52세,상해없음,승용,남,59세,경상
2015111800100236,2015년 11월 18일 11시,수요일,인천광역시 연수구 청학동,경상사고,0,0,3,0,차대차 - 정면충돌,안전거리미확보,습기,흐림,단일로 - 기타,승용,여,60세,경상,화물,남,56세,경상
2015111800100269,2015년 11월 18일 12시,수요일,인천광역시 부평구 부평동,중상사고,0,1,0,0,차대차 - 추돌 - 진행중,교차로운행방법위반,습기,비,교차로 - 교차로안,승용,남,52세,상해없음,이륜,남,54세,중상
2015111800100295,2015년 11월 18일 13시,수요일,인천광역시 남동구 구월동,경상사고,0,0,1,0,차대차 - 기타,안전운전불이행,습기,비,단일로 - 기타,승용,여,59세,상해없음,승용,남,28세,경상
2015111800100296,2015년 11월 18일 13시,수요일,인천광역시 남동구 장수동,경상사고,0,0,1,0,차대차 - 추돌 - 진행중,안전운전불이행,습기,비,단일로 - 기타,화물,남,55세,상해없음,승용,남,54세,경상
2015111800100360,2015년 11월 18일 15시,수요일,인천광역시 서구 가좌동,경상사고,0,0,1,0,차대차 - 측면직각충돌,안전운전불이행,습기,비,단일로 - 기타,승용,남,39세,경상,기타불명,기타불명,기타불명,기타불명
2015111800100403,2015년 11월 18일 16시,수요일,인천광역시 남동구 장수동,중상사고,0,1,0,0,차대차 - 추돌 - 주정차중,안전운전불이행,습기,비,단일로 - 기타,승용,남,19세,상해없음,화물,남,55세,중상
2015111800100465,2015년 11월 18일 17시,수요일,인천광역시 남구 숭의동,경상사고,0,0,1,0,차대차 - 측면직각충돌,안전운전불이행,습기,비,교차로 - 교차로부근,화물,남,58세,상해없음,승용,남,45세,경상
2015111800100466,2015년 11월 18일 17시,수요일,인천광역시 부평구 청천동,중상사고,0,1,0,0,차량단독 - 공작물충돌,안전운전불이행,습기,비,단일로 - 기타,승합,남,51세,상해없음,,,,
2015111800100536,2015년 11월 18일 18시,수요일,인천광역시 남동구 고잔동,경상사고,0,0,1,0,차대차 - 추돌 - 주정차중,안전운전불이행,습기,비,단일로 - 기타,승용,남,33세,상해없음,승용,남,41세,경상
2015111800100537,2015년 11월 18일 18시,수요일,인천광역시 계양구 계산동,경상사고,0,0,3,0,차대차 - 기타,안전운전불이행,건조,맑음,단일로 - 기타,화물,남,66세,상해없음,승용,남,50세,경상
2015111800100603,2015년 11월 18일 19시,수요일,인천광역시 남동구 구월동,경상사고,0,0,4,0,차대차 - 측면직각충돌,중앙선침범,습기,비,단일로 - 기타,승용,여,47세,경상,승합,남,75세,경상
2015111900100016,2015년 11월 19일 00시,목요일,인천광역시 부평구 일신동,경상사고,0,0,1,0,차대사람 - 기타,안전운전불이행,건조,맑음,단일로 - 기타,승합,남,54세,상해없음,보행자,남,49세,경상
2015111900100032,2015년 11월 19일 01시,목요일,인천광역시 남구 주안동,중상사고,0,1,1,0,차대차 - 추돌 - 진행중,안전거리미확보,건조,맑음,교차로 - 교차로부근,승용,여,53세,상해없음,승용,남,37세,중상
2015111900100033,2015년 11월 19일 01시,목요일,인천광역시 연수구 송도동,중상사고,0,1,4,1,차대차 - 추돌 - 주정차중,안전운전불이행,건조,맑음,교차로 - 교차로부근,승용,남,31세,상해없음,승합,남,56세,경상
2015111900100089,2015년 11월 19일 06시,목요일,인천광역시 동구 창영동,중상사고,0,1,1,0,차대사람 - 횡단중,안전운전불이행,건조,맑음,단일로 - 횡단보도상,승용,남,67세,상해없음,보행자,남,38세,중상
2015111900100090,2015년 11월 19일 06시,목요일,인천광역시 남구 도화동,경상사고,0,0,2,0,차대차 - 측면직각충돌,신호위반,건조,맑음,교차로 - 교차로안,이륜,여,16세,상해없음,승용,남,46세,경상
2015111900100091,2015년 11월 19일 06시,목요일,인천광역시 남구 주안동,경상사고,0,0,1,0,차대차 - 정면충돌,신호위반,건조,맑음,단일로 - 기타,이륜,남,73세,경상,승용,남,35세,상해없음
2015111900100092,2015년 11월 19일 06시,목요일,인천광역시 서구 가좌동,경상사고,0,0,1,0,차대차 - 측면직각충돌,안전운전불이행,건조,맑음,교차로 - 교차로부근,승용,남,62세,상해없음,승용,여,30세,경상
2015111900100119,2015년 11월 19일 07시,목요일,인천광역시 남동구 만수동,경상사고,0,0,2,0,차대차 - 기타,안전거리미확보,건조,맑음,단일로 - 기타,승용,남,45세,상해없음,승합,남,55세,상해없음
2015111900100152,2015년 11월 19일 08시,목요일,인천광역시 남동구 고잔동,중상사고,0,1,0,0,차대차 - 측면직각충돌,안전운전불이행,건조,맑음,교차로 - 교차로부근,승용,남,39세,상해없음,자전거,여,50세,중상
2015111900100153,2015년 11월 19일 08시,목요일,인천광역시 서구 가좌동,중상사고,0,1,0,0,차대사람 - 기타,안전운전불이행,건조,맑음,단일로 - 기타,승용,남,54세,상해없음,보행자,남,24세,중상
2015111900100241,2015년 11월 19일 11시,목요일,인천광역시 계양구 서운동,경상사고,0,0,1,0,차대차 - 추돌 - 주정차중,안전운전불이행,건조,흐림,단일로 - 기타,승용,남,52세,상해없음,화물,남,41세,경상
2015111900100264,2015년 11월 19일 12시,목요일,인천광역시 부평구 부평동,중상사고,0,1,0,0,차대사람 - 횡단중,안전운전불이행,건조,맑음,단일로 - 기타,승합,남,54세,상해없음,보행자,남,50세,중상
2015111900100293,2015년 11월 19일 13시,목요일,인천광역시 부평구 십정동,경상사고,0,0,1,0,차대사람 - 횡단중,안전운전불이행,건조,맑음,기타 - 기타,자전거,남,20세,상해없음,보행자,남,31세,경상
2015111900100328,2015년 11월 19일 14시,목요일,인천광역시 중구 중산동,경상사고,0,0,2,0,차대차 - 기타,안전운전불이행,건조,맑음,단일로 - 기타,승용,여,45세,경상,승용,여,47세,경상
2015111900100361,2015년 11월 19일 15시,목요일,인천광역시 동구 송림동,중상사고,0,1,0,0,차대사람 - 기타,안전운전불이행,건조,맑음,단일로 - 횡단보도상,자전거,남,15세,상해없음,보행자,여,50세,중상
2015111900100395,2015년 11월 19일 16시,목요일,인천광역시 중구 중산동,경상사고,0,0,2,0,차대차 - 정면충돌,신호위반,건조,흐림,교차로 - 교차로안,승용,남,60세,상해없음,승용,남,29세,경상
2015111900100396,2015년 11월 19일 16시,목요일,인천광역시 계양구 작전동,경상사고,0,0,1,0,차대사람 - 횡단중,신호위반,건조,맑음,교차로 - 교차로안,승합,남,52세,상해없음,보행자,여,49세,경상
2015111900100530,2015년 11월 19일 18시,목요일,인천광역시 남동구 구월동,중상사고,0,1,0,0,차대사람 - 기타,안전운전불이행,건조,맑음,교차로 - 교차로안,승용,남,65세,상해없음,보행자,남,25세,중상
2015111900100531,2015년 11월 19일 18시,목요일,인천광역시 서구 공촌동,경상사고,0,0,2,0,차대차 - 추돌 - 주정차중,안전운전불이행,건조,맑음,단일로 - 기타,승용,남,66세,상해없음,승합,남,56세,경상
2015111900100568,2015년 11월 19일 19시,목요일,인천광역시 남구 문학동,중상사고,0,1,0,0,차대차 - 기타,신호위반,건조,맑음,단일로 - 기타,승용,남,37세,상해없음,이륜,남,18세,중상
2015111900100570,2015년 11월 19일 19시,목요일,인천광역시 계양구 효성동,중상사고,0,1,1,0,차대차 - 측면직각충돌,신호위반,건조,맑음,교차로 - 교차로안,승용,여,36세,경상,승용,남,49세,중상
2015111900100612,2015년 11월 19일 20시,목요일,인천광역시 중구 신흥동1가,중상사고,0,1,1,0,차대사람 - 횡단중,안전운전불이행,건조,맑음,단일로 - 기타,승용,남,41세,상해없음,보행자,여,54세,중상
2015111900100613,2015년 11월 19일 20시,목요일,인천광역시 남구 숭의동,중상사고,0,1,0,0,차대차 - 정면충돌,신호위반,건조,맑음,교차로 - 교차로안,승용,남,47세,상해없음,원동기,남,25세,중상
2015111900100679,2015년 11월 19일 22시,목요일,인천광역시 중구 운서동,중상사고,0,1,6,0,차대차 - 정면충돌,안전운전불이행,건조,맑음,교차로 - 교차로부근,승용,남,42세,상해없음,승용,남,32세,경상
2015111900100711,2015년 11월 19일 23시,목요일,인천광역시 부평구 청천동,중상사고,0,1,0,0,차대사람 - 보도통행중,기타,건조,맑음,단일로 - 기타,승용,남,55세,상해없음,보행자,여,43세,중상
2015111900100712,2015년 11월 19일 23시,목요일,인천광역시 서구 가정동,경상사고,0,0,1,0,차대차 - 추돌 - 진행중,안전운전불이행,건조,맑음,단일로 - 기타,원동기,남,18세,경상,화물,남,55세,상해없음
2015112000100023,2015년 11월 20일 00시,금요일,인천광역시 남동구 간석동,중상사고,0,1,0,0,차대차 - 측면직각충돌,신호위반,건조,맑음,교차로 - 교차로안,승용,남,47세,상해없음,이륜,남,16세,중상
2015112000100057,2015년 11월 20일 04시,금요일,인천광역시 연수구 동춘동,중상사고,0,1,0,0,차대차 - 측면직각충돌,안전운전불이행,건조,맑음,단일로 - 횡단보도상,자전거,남,73세,중상,승용,남,63세,상해없음
2015112000100127,2015년 11월 20일 07시,금요일,인천광역시 계양구 박촌동,부상신고사고,0,0,0,1,차대차 - 측면직각충돌,안전운전불이행,건조,맑음,단일로 - 기타,승용,남,51세,상해없음,자전거,남,17세,부상신고
2015112000100188,2015년 11월 20일 09시,금요일,인천광역시 서구 신현동,경상사고,0,0,1,0,차대사람 - 횡단중,보행자보호의무위반,건조,맑음,교차로 - 교차로부근,기타불명,기타불명,기타불명,기타불명,보행자,여,21세,경상
2015112000100213,2015년 11월 20일 10시,금요일,인천광역시 부평구 십정동,경상사고,0,0,1,0,차대차 - 정면충돌,신호위반,건조,맑음,교차로 - 교차로안,원동기,남,23세,상해없음,원동기,남,77세,경상
2015112000100214,2015년 11월 20일 10시,금요일,인천광역시 연수구 선학동,경상사고,0,0,1,0,차대사람 - 기타,안전운전불이행,건조,맑음,단일로 - 기타,승용,남,25세,상해없음,보행자,남,23세,경상
2015112000100246,2015년 11월 20일 11시,금요일,인천광역시 중구 신흥동3가,경상사고,0,0,2,0,차대차 - 측면직각충돌,차로위반,건조,맑음,교차로 - 교차로부근,건설기계,남,53세,상해없음,승용,여,44세,경상
2015112000100247,2015년 11월 20일 11시,금요일,인천광역시 남구 학익동,부상신고사고,0,0,0,1,차대차 - 기타,안전운전불이행,건조,맑음,교차로 - 교차로부근,기타불명,기타불명,기타불명,기타불명,화물,남,32세,부상신고
2015112000100280,2015년 11월 20일 12시,금요일,인천광역시 남동구 만수동,경상사고,0,0,2,0,차대사람 - 횡단중,보행자보호의무위반,건조,맑음,단일로 - 기타,승용,남,24세,상해없음,보행자,남,53세,경상
2015112000100314,2015년 11월 20일 13시,금요일,인천광역시 중구 운남동,부상신고사고,0,0,0,1,차대차 - 정면충돌,안전운전불이행,건조,맑음,단일로 - 기타,원동기,남,20세,부상신고,화물,남,43세,기타불명
2015112000100348,2015년 11월 20일 14시,금요일,인천광역시 남구 용현동,경상사고,0,0,1,0,차대차 - 측면직각충돌,안전운전불이행,건조,맑음,교차로 - 교차로안,승합,남,55세,상해없음,화물,남,38세,경상
2015112000100349,2015년 11월 20일 14시,금요일,인천광역시 남동구 구월동,중상사고,0,1,0,0,차대차 - 측면직각충돌,교차로운행방법위반,건조,맑음,교차로 - 교차로안,승합,남,67세,상해없음,승용,남,44세,중상
2015112000100380,2015년 11월 20일 15시,금요일,인천광역시 남동구 남촌동,중상사고,0,1,0,0,차대사람 - 횡단중,안전운전불이행,건조,맑음,단일로 - 횡단보도상,승용,남,52세,상해없음,보행자,남,61세,중상
2015112000100416,2015년 11월 20일 16시,금요일,인천광역시 계양구 효성동,경상사고,0,0,1,0,차대차 - 측면직각충돌,신호위반,건조,맑음,교차로 - 교차로안,승합,남,43세,상해없음,자전거,남,12세,경상
2015112000100470,2015년 11월 20일 17시,금요일,인천광역시 남동구 만수동,중상사고,0,1,0,0,차대사람 - 횡단중,보행자보호의무위반,건조,흐림,교차로 - 교차로안,승용,남,54세,상해없음,보행자,남,9세,중상
2015112000100471,2015년 11월 20일 17시,금요일,인천광역시 서구 연희동,경상사고,0,0,1,0,차대차 - 추돌 - 주정차중,안전거리미확보,건조,맑음,단일로 - 기타,승용,여,36세,상해없음,승용,남,58세,경상
2015112000100472,2015년 11월 20일 17시,금요일,인천광역시 연수구 동춘동,중상사고,0,1,0,0,차대차 - 기타,안전운전불이행,건조,맑음,교차로 - 교차로안,승용,여,44세,상해없음,승용,남,21세,중상
2015112000100540,2015년 11월 20일 18시,금요일,인천광역시 남구 도화동,중상사고,0,1,0,0,차대차 - 기타,안전운전불이행,건조,맑음,단일로 - 기타,자전거,남,47세,상해없음,승합,남,53세,상해없음
2015112000100541,2015년 11월 20일 18시,금요일,인천광역시 부평구 산곡동,경상사고,0,0,2,0,차대차 - 기타,신호위반,건조,맑음,교차로 - 교차로안,승용,여,60세,상해없음,승용,남,24세,경상
2015112000100542,2015년 11월 20일 18시,금요일,인천광역시 부평구 십정동,경상사고,0,0,1,0,차대사람 - 기타,신호위반,건조,맑음,단일로 - 기타,승용,여,44세,상해없음,보행자,남,32세,경상
2015112000100543,2015년 11월 20일 18시,금요일,인천광역시 남동구 논현동,경상사고,0,0,1,0,차대차 - 측면직각충돌,신호위반,건조,맑음,교차로 - 교차로부근,승용,남,59세,상해없음,승용,남,33세,경상
2015112000100544,2015년 11월 20일 18시,금요일,인천광역시 남동구 고잔동,중상사고,0,2,4,0,차대차 - 측면직각충돌,차로위반,건조,맑음,단일로 - 기타,승용,여,43세,중상,승용,남,29세,경상
2015112000100545,2015년 11월 20일 18시,금요일,인천광역시 계양구 동양동,중상사고,0,1,0,0,차대차 - 측면직각충돌,안전운전불이행,건조,맑음,교차로 - 교차로안,승용,남,72세,상해없음,원동기,남,25세,중상
2015112000100546,2015년 11월 20일 18시,금요일,인천광역시 부평구 갈산동,경상사고,0,0,1,0,차량단독 - 기타,기타,건조,맑음,교차로 - 교차로부근,승합,남,55세,상해없음,,,,
2015112000100602,2015년 11월 20일 19시,금요일,인천광역시 서구 가정동,경상사고,0,0,1,0,차대사람 - 차도통행중,안전운전불이행,건조,맑음,단일로 - 기타,화물,남,43세,상해없음,보행자,여,42세,경상
2015112000100639,2015년 11월 20일 20시,금요일,인천광역시 부평구 갈산동,중상사고,0,1,0,0,차대차 - 측면직각충돌,안전거리미확보,건조,흐림,단일로 - 기타,승용,남,42세,상해없음,이륜,남,52세,중상
2015112000100680,2015년 11월 20일 21시,금요일,인천광역시 부평구 산곡동,경상사고,0,0,4,0,차대차 - 기타,안전운전불이행,건조,맑음,단일로 - 기타,승용,남,25세,기타불명,승용,남,46세,상해없음
2015112000100700,2015년 11월 20일 22시,금요일,인천광역시 부평구 부평동,부상신고사고,0,0,0,1,차대차 - 기타,안전거리미확보,건조,맑음,단일로 - 기타,승용,기타불명,기타불명,기타불명,승용,남,57세,상해없음
2015112000100736,2015년 11월 20일 23시,금요일,인천광역시 부평구 부평동,경상사고,0,0,2,0,차대차 - 추돌 - 진행중,안전운전불이행,건조,맑음,교차로 - 교차로부근,승용,남,52세,상해없음,승용,남,35세,상해없음
2015112100100022,2015년 11월 21일 00시,토요일,인천광역시 계양구 작전동,경상사고,0,0,1,0,차대차 - 추돌 - 주정차중,안전거리미확보,습기,비,교차로 - 교차로안,승용,남,35세,상해없음,승용,남,59세,상해없음
2015112100100084,2015년 11월 21일 03시,토요일,인천광역시 부평구 십정동,경상사고,0,0,1,0,차대차 - 기타,안전운전불이행,건조,맑음,교차로 - 교차로안,승용,남,45세,상해없음,승용,남,25세,경상
2015112100100137,2015년 11월 21일 06시,토요일,인천광역시 서구 가정동,경상사고,0,0,1,0,차대차 - 측면직각충돌,신호위반,건조,맑음,교차로 - 교차로안,승합,남,62세,상해없음,승용,여,60세,경상
2015112100100138,2015년 11월 21일 06시,토요일,인천광역시 계양구 효성동,경상사고,0,0,1,0,차대차 - 추돌 - 주정차중,안전운전불이행,건조,맑음,교차로 - 교차로부근,승용,남,45세,상해없음,승용,남,60세,경상
2015112100100139,2015년 11월 21일 06시,토요일,인천광역시 계양구 계산동,경상사고,0,0,1,0,차량단독 - 기타,안전운전불이행,건조,맑음,단일로 - 횡단보도부근,승합,남,47세,상해없음,,,,
2015112100100140,2015년 11월 21일 06시,토요일,인천광역시 부평구 갈산동,중상사고,0,1,0,0,차대사람 - 횡단중,과속,건조,맑음,단일로 - 횡단보도부근,승용,남,60세,상해없음,보행자,남,80세,중상
2015112100100210,2015년 11월 21일 09시,토요일,인천광역시 서구 불로동,중상사고,0,1,0,0,차대차 - 추돌 - 진행중,안전거리미확보,건조,맑음,단일로 - 기타,화물,남,53세,상해없음,승용,여,36세,중상
2015112100100211,2015년 11월 21일 09시,토요일,인천광역시 강화군 길상면,중상사고,0,1,0,0,차대차 - 추돌 - 진행중,안전운전불이행,건조,맑음,기타 - 기타,화물,남,80세,상해없음,이륜,남,75세,중상
2015112100100243,2015년 11월 21일 10시,토요일,인천광역시 서구 연희동,경상사고,0,0,1,0,차대차 - 측면직각충돌,안전운전불이행,건조,맑음,교차로 - 교차로부근,승용,남,64세,상해없음,자전거,여,23세,경상
2015112100100307,2015년 11월 21일 12시,토요일,인천광역시 동구 송림동,중상사고,0,1,3,0,차대차 - 추돌 - 진행중,과속,건조,맑음,단일로 - 기타,화물,남,47세,상해없음,승용,남,60세,중상
2015112100100385,2015년 11월 21일 14시,토요일,인천광역시 남동구 장수동,경상사고,0,0,1,0,차대차 - 추돌 - 주정차중,안전거리미확보,건조,맑음,단일로 - 기타,승용,남,44세,상해없음,승용,남,28세,경상
2015112100100386,2015년 11월 21일 14시,토요일,인천광역시 서구 당하동,경상사고,0,0,1,0,차대차 - 측면직각충돌,차로위반,건조,맑음,단일로 - 기타,승용,남,60세,상해없음,승용,남,27세,경상
2015112100100457,2015년 11월 21일 16시,토요일,인천광역시 남구 관교동,경상사고,0,0,2,0,차대차 - 측면직각충돌,안전운전불이행,기타,맑음,기타 - 기타,승용,남,56세,상해없음,승용,남,29세,경상
2015112100100570,2015년 11월 21일 18시,토요일,인천광역시 연수구 송도동,경상사고,0,0,1,0,차대차 - 기타,안전운전불이행,건조,맑음,단일로 - 기타,승용,여,55세,기타불명,승용,남,25세,경상
2015112100100616,2015년 11월 21일 19시,토요일,인천광역시 남구 주안동,중상사고,0,1,0,0,차대차 - 측면직각충돌,신호위반,습기,맑음,교차로 - 교차로안,화물,남,53세,상해없음,이륜,남,36세,중상
2015112100100617,2015년 11월 21일 19시,토요일,인천광역시 남동구 간석동,경상사고,0,0,1,0,차대차 - 측면직각충돌,신호위반,건조,맑음,단일로 - 기타,승합,남,36세,상해없음,승용,여,54세,경상
2015112100100618,2015년 11월 21일 19시,토요일,인천광역시 남동구 구월동,사망사고,1,0,0,0,차대사람 - 횡단중,보행자보호의무위반,건조,맑음,교차로 - 교차로안,화물,남,51세,상해없음,보행자,남,47세,사망
2015112100100619,2015년 11월 21일 19시,토요일,인천광역시 남동구 구월동,경상사고,0,0,2,0,차대차 - 기타,안전운전불이행,건조,맑음,교차로 - 교차로안,승용,남,24세,상해없음,승용,남,32세,경상
2015112100100620,2015년 11월 21일 19시,토요일,인천광역시 서구 석남동,경상사고,0,0,4,0,차대차 - 측면직각충돌,안전운전불이행,건조,맑음,교차로 - 교차로부근,특수,남,41세,상해없음,승용,남,34세,경상
2015112100100672,2015년 11월 21일 21시,토요일,인천광역시 계양구 효성동,중상사고,0,1,1,0,차대차 - 측면직각충돌,신호위반,건조,맑음,교차로 - 교차로안,화물,남,50세,상해없음,승용,남,69세,중상
2015112200100019,2015년 11월 22일 00시,일요일,인천광역시 남동구 논현동,경상사고,0,0,2,0,차대차 - 측면직각충돌,교차로운행방법위반,건조,맑음,교차로 - 교차로안,승용,남,60세,경상,승용,남,60세,경상
2015112200100020,2015년 11월 22일 00시,일요일,인천광역시 계양구 효성동,경상사고,0,0,1,0,차대사람 - 길가장자리구역통행중,안전운전불이행,건조,맑음,단일로 - 기타,승용,남,24세,상해없음,보행자,여,18세,경상
2015112200100037,2015년 11월 22일 01시,일요일,인천광역시 서구 연희동,경상사고,0,0,3,0,차대차 - 추돌 - 주정차중,안전운전불이행,건조,맑음,교차로 - 교차로부근,승용,남,31세,상해없음,승용,남,58세,경상
2015112200100038,2015년 11월 22일 01시,일요일,인천광역시 연수구 옥련동,경상사고,0,0,1,0,차대차 - 추돌 - 주정차중,안전운전불이행,건조,맑음,단일로 - 기타,승용,남,50세,상해없음,승용,남,43세,상해없음
2015112200100056,2015년 11월 22일 02시,일요일,인천광역시 남동구 수산동,경상사고,0,0,1,0,차대차 - 추돌 - 진행중,안전운전불이행,건조,맑음,단일로 - 기타,승용,남,51세,상해없음,화물,남,48세,경상
2015112200100086,2015년 11월 22일 04시,일요일,인천광역시 계양구 갈현동,경상사고,0,0,2,0,차대차 - 추돌 - 주정차중,안전운전불이행,건조,맑음,교차로 - 교차로부근,승용,남,56세,상해없음,승용,남,61세,경상
2015112200100099,2015년 11월 22일 05시,일요일,인천광역시 계양구 효성동,중상사고,0,2,0,0,차대차 - 추돌 - 진행중,안전운전불이행,건조,맑음,단일로 - 기타,화물,남,34세,중상,화물,남,49세,중상
2015112200100122,2015년 11월 22일 07시,일요일,인천광역시 남구 학익동,경상사고,0,0,1,0,차대사람 - 횡단중,보행자보호의무위반,건조,맑음,교차로 - 교차로안,승용,남,49세,상해없음,보행자,남,60세,경상
2015112200100197,2015년 11월 22일 11시,일요일,인천광역시 남구 주안동,경상사고,0,0,1,0,차대사람 - 기타,안전운전불이행,건조,맑음,단일로 - 기타,승합,남,52세,상해없음,보행자,여,55세,경상