사고번호,사고일시,요일,시군구,사고내용,사망자수,중상자수,경상자수,부상신고자수,사고유형,법규위반,노면상태,기상상태,도로형태,가해운전자 차종,가해운전자 성별,가해운전자 연령,가해운전자 상해정도,피해운전자 차종,피해운전자 성별,피해운전자 연령,피해운전자 상해정도
2015120100100505,2015년 12월 1일 18시,화요일,인천광역시 남구 용현동,경상사고,0,0,1,0,차대사람 - 횡단중,보행자보호의무위반,건조,맑음,교차로 - 교차로부근,이륜,남,17세,상해없음,보행자,여,56세,경상
2015120100100506,2015년 12월 1일 18시,화요일,인천광역시 부평구 산곡동,경상사고,0,0,1,0,차대차 - 정면충돌,안전운전불이행,건조,맑음,단일로 - 기타,승용,남,54세,상해없음,자전거,남,80세,경상
2015120100100507,2015년 12월 1일 18시,화요일,인천광역시 연수구 송도동,중상사고,0,1,0,0,차대차 - 추돌 - 진행중,안전운전불이행,건조,맑음,단일로 - 기타,승용,여,47세,기타불명,승용,여,58세,중상
2015120100100549,2015년 12월 1일 19시,화요일,인천광역시 남구 문학동,경상사고,0,0,1,0,차대차 - 측면직각충돌,안전거리미확보,건조,맑음,단일로 - 기타,화물,남,54세,상해없음,승용,남,32세,경상
2015120100100550,2015년 12월 1일 19시,화요일,인천광역시 서구 원창동,경상사고,0,0,1,0,차대차 - 추돌 - 주정차중,안전운전불이행,건조,흐림,단일로 - 기타,화물,남,52세,상해없음,승용,남,45세,경상
2015120100100598,2015년 12월 1일 21시,화요일,인천광역시 남동구 도림동,경상사고,0,0,3,0,차대차 - 추돌 - 진행중,안전거리미확보,건조,맑음,교차로 - 교차로부근,승합,남,66세,상해없음,승용,여,56세,경상
2015120100100599,2015년 12월 1일 21시,화요일,인천광역시 부평구 부개동,경상사고,0,0,2,0,차대차 - 기타,안전운전불이행,건조,맑음,단일로 - 기타,승용,남,66세,상해없음,승용,남,26세,경상
2015120100100627,2015년 12월 1일 22시,화요일,인천광역시 중구 항동7가,중상사고,0,1,0,0,차대차 - 정면충돌,안전운전불이행,건조,맑음,교차로 - 교차로부근,승용,남,35세,상해없음,승용,남,49세,중상
2015120100100628,2015년 12월 1일 22시,화요일,인천광역시 서구 연희동,경상사고,0,0,3,0,차대사람 - 횡단중,안전운전불이행,건조,맑음,단일로 - 기타,승용,남,28세,상해없음,보행자,남,19세,경상
2015120200100053,2015년 12월 2일 04시,수요일,인천광역시 남구 주안동,중상사고,0,1,0,0,차대사람 - 길가장자리구역통행중,안전운전불이행,건조,흐림,교차로 - 교차로부근,승용,남,39세,상해없음,보행자,남,64세,중상
2015120200100063,2015년 12월 2일 05시,수요일,인천광역시 남동구 도림동,경상사고,0,0,1,0,차대차 - 추돌 - 진행중,안전거리미확보,습기,비,단일로 - 기타,화물,남,41세,상해없음,승용,남,50세,경상
2015120200100083,2015년 12월 2일 06시,수요일,인천광역시 남동구 논현동,사망사고,1,0,0,0,차대차 - 추돌 - 주정차중,안전운전불이행,습기,비,교차로 - 교차로부근,승용,남,66세,사망,화물,남,40세,상해없음
2015120200100111,2015년 12월 2일 07시,수요일,인천광역시 연수구 선학동,경상사고,0,0,1,0,차대사람 - 횡단중,안전운전불이행,습기,비,단일로 - 기타,승용,남,42세,기타불명,보행자,여,61세,경상
2015120200100155,2015년 12월 2일 08시,수요일,인천광역시 남동구 구월동,경상사고,0,0,1,0,차대차 - 측면직각충돌,안전거리미확보,습기,비,단일로 - 기타,승용,남,67세,상해없음,승용,남,65세,경상
2015120200100214,2015년 12월 2일 10시,수요일,인천광역시 중구 신흥동2가,중상사고,0,1,1,0,차대차 - 기타,신호위반,습기,비,교차로 - 교차로안,승용,여,50세,상해없음,승용,여,44세,경상
2015120200100283,2015년 12월 2일 13시,수요일,인천광역시 남구 주안동,중상사고,0,1,0,0,차대사람 - 기타,안전운전불이행,건조,맑음,단일로 - 기타,승용,남,68세,상해없음,보행자,여,87세,중상
2015120200100321,2015년 12월 2일 14시,수요일,인천광역시 중구 운서동,경상사고,0,0,1,1,차대차 - 기타,과속,습기,흐림,단일로 - 기타,승용,남,42세,부상신고,화물,남,57세,경상
2015120200100322,2015년 12월 2일 14시,수요일,인천광역시 계양구 작전동,중상사고,0,1,0,0,차대차 - 기타,안전운전불이행,습기,흐림,교차로 - 교차로안,이륜,남,51세,중상,승용,여,36세,상해없음
2015120200100357,2015년 12월 2일 15시,수요일,인천광역시 서구 연희동,경상사고,0,0,2,0,차대차 - 추돌 - 주정차중,안전운전불이행,건조,맑음,단일로 - 기타,승용,여,39세,상해없음,승용,남,36세,경상
2015120200100433,2015년 12월 2일 17시,수요일,인천광역시 남구 용현동,경상사고,0,0,2,0,차대차 - 추돌 - 진행중,안전운전불이행,습기,맑음,단일로 - 교량,건설기계,남,40세,상해없음,승용,남,64세,경상
2015120200100524,2015년 12월 2일 19시,수요일,인천광역시 서구 가정동,경상사고,0,0,2,0,차대차 - 추돌 - 진행중,안전운전불이행,건조,맑음,교차로 - 교차로부근,승용,남,24세,상해없음,승용,여,21세,경상
2015120200100525,2015년 12월 2일 19시,수요일,인천광역시 계양구 병방동,경상사고,0,0,2,3,차대차 - 측면직각충돌,신호위반,건조,맑음,교차로 - 교차로안,승용,여,50세,상해없음,승용,남,38세,경상
2015120200100597,2015년 12월 2일 21시,수요일,인천광역시 중구 답동,경상사고,0,0,1,0,차대차 - 정면충돌,안전운전불이행,건조,맑음,교차로 - 교차로안,승용,남,47세,상해없음,이륜,남,38세,경상
2015120200100598,2015년 12월 2일 21시,수요일,인천광역시 서구 시천동,경상사고,0,0,1,0,차대차 - 측면직각충돌,기타,건조,맑음,단일로 - 기타,승용,남,48세,상해없음,승용,남,35세,경상
2015120200100627,2015년 12월 2일 22시,수요일,인천광역시 계양구 계산동,중상사고,0,1,2,0,차대차 - 추돌 - 주정차중,안전운전불이행,건조,맑음,단일로 - 기타,승용,남,37세,상해없음,승용,남,60세,경상
2015120200100650,2015년 12월 2일 23시,수요일,인천광역시 남구 도화동,중상사고,0,2,0,0,차대차 - 기타,중앙선침범,습기,비,교차로 - 교차로부근,승용,남,23세,상해없음,승용,남,24세,중상
2015120200100651,2015년 12월 2일 23시,수요일,인천광역시 서구 가정동,경상사고,0,0,1,0,차대차 - 추돌 - 주정차중,안전운전불이행,적설,맑음,단일로 - 기타,승용,여,35세,상해없음,승용,여,50세,경상
2015120200100652,2015년 12월 2일 23시,수요일,인천광역시 강화군 강화읍,중상사고,0,2,0,0,차대차 - 정면충돌,신호위반,건조,맑음,교차로 - 교차로안,승용,여,36세,상해없음,승용,남,55세,중상
2015120200100653,2015년 12월 2일 23시,수요일,인천광역시 부평구 삼산동,중상사고,0,1,1,0,차대차 - 정면충돌,신호위반,습기,눈,교차로 - 교차로안,원동기,남,22세,경상,원동기,남,40세,중상
2015120300100016,2015년 12월 3일 00시,목요일,인천광역시 연수구 송도동,중상사고,0,1,0,0,차대차 - 정면충돌,안전운전불이행,건조,맑음,교차로 - 교차로안,승용,남,50세,상해없음,승용,남,36세,중상
2015120300100032,2015년 12월 3일 01시,목요일,인천광역시 남구 주안동,중상사고,0,1,0,0,차대사람 - 기타,안전운전불이행,건조,맑음,단일로 - 횡단보도부근,승용,여,65세,상해없음,보행자,남,35세,중상
2015120300100033,2015년 12월 3일 01시,목요일,인천광역시 계양구 계산동,중상사고,0,1,0,0,차대사람 - 차도통행중,안전운전불이행,습기,눈,교차로 - 교차로안,승용,남,67세,상해없음,보행자,남,49세,중상
2015120300100084,2015년 12월 3일 06시,목요일,인천광역시 부평구 부평동,중상사고,0,2,0,0,차대차 - 정면충돌,안전운전불이행,습기,눈,교차로 - 교차로부근,승용,남,67세,상해없음,승용,남,29세,중상
2015120300100109,2015년 12월 3일 07시,목요일,인천광역시 부평구 갈산동,경상사고,0,0,2,0,차대차 - 정면충돌,안전운전불이행,습기,눈,단일로 - 기타,승용,남,52세,기타불명,승용,남,32세,경상
2015120300100174,2015년 12월 3일 09시,목요일,인천광역시 남구 도화동,경상사고,0,0,1,0,차대사람 - 기타,안전운전불이행,습기,비,교차로 - 교차로안,승합,남,43세,상해없음,보행자,여,49세,경상
2015120300100175,2015년 12월 3일 09시,목요일,인천광역시 서구 마전동,경상사고,0,0,1,0,차대사람 - 보도통행중,안전운전불이행,습기,눈,단일로 - 기타,승용,여,44세,상해없음,보행자,여,22세,경상
2015120300100205,2015년 12월 3일 10시,목요일,인천광역시 연수구 청학동,경상사고,0,0,2,0,차대차 - 기타,신호위반,습기,눈,교차로 - 교차로안,승용,여,47세,상해없음,승합,남,46세,상해없음
2015120300100297,2015년 12월 3일 13시,목요일,인천광역시 남구 주안동,경상사고,0,0,1,0,차대차 - 기타,불법유턴,결빙,눈,단일로 - 기타,기타불명,기타불명,기타불명,기타불명,승용,남,32세,경상
2015120300100358,2015년 12월 3일 15시,목요일,인천광역시 부평구 청천동,경상사고,0,0,1,0,차대사람 - 기타,신호위반,건조,맑음,단일로 - 기타,승합,남,60세,상해없음,보행자,여,61세,경상
2015120300100439,2015년 12월 3일 17시,목요일,인천광역시 남동구 논현동,경상사고,0,0,1,0,차대차 - 측면직각충돌,신호위반,건조,맑음,단일로 - 기타,기타불명,기타불명,기타불명,기타불명,자전거,여,48세,경상
2015120300100479,2015년 12월 3일 18시,목요일,인천광역시 계양구 계산동,경상사고,0,0,1,0,차대사람 - 횡단중,신호위반,습기,흐림,단일로 - 횡단보도상,승용,여,43세,상해없음,보행자,여,56세,경상
2015120300100577,2015년 12월 3일 21시,목요일,인천광역시 남동구 서창동,경상사고,0,0,5,0,차대차 - 측면직각충돌,안전운전불이행,건조,맑음,단일로 - 기타,승용,남,21세,상해없음,승용,여,30세,경상
2015120300100578,2015년 12월 3일 21시,목요일,인천광역시 서구 원창동,경상사고,0,0,2,0,차대차 - 정면충돌,신호위반,건조,맑음,교차로 - 교차로안,승용,여,39세,경상,승용,남,57세,경상
2015120300100579,2015년 12월 3일 21시,목요일,인천광역시 서구 가정동,중상사고,0,1,1,0,차대차 - 측면직각충돌,신호위반,건조,맑음,교차로 - 교차로안,원동기,남,16세,중상,승용,남,30세,경상
2015120300100637,2015년 12월 3일 23시,목요일,인천광역시 중구 운서동,중상사고,0,1,2,0,차대차 - 측면직각충돌,신호위반,건조,맑음,교차로 - 교차로안,승용,남,35세,기타불명,승합,남,50세,경상
2015120300100638,2015년 12월 3일 23시,목요일,인천광역시 부평구 부평동,경상사고,0,0,1,0,차대차 - 추돌 - 주정차중,안전운전불이행,건조,맑음,단일로 - 기타,승용,남,45세,상해없음,승용,여,59세,경상
2015120300100639,2015년 12월 3일 23시,목요일,인천광역시 계양구 효성동,사망사고,1,0,0,0,차대사람 - 횡단중,안전운전불이행,결빙,눈,교차로 - 교차로안,승합,남,50세,상해없음,보행자,남,53세,사망
2015120300100640,2015년 12월 3일 23시,목요일,인천광역시 연수구 연수동,중상사고,0,1,1,0,차대차 - 정면충돌,안전운전불이행,건조,맑음,교차로 - 교차로부근,승용,남,53세,상해없음,승용,남,53세,중상
2015120400100031,2015년 12월 4일 01시,금요일,인천광역시 부평구 부평동,경상사고,0,0,1,0,차대차 - 정면충돌,신호위반,건조,맑음,단일로 - 기타,승용,남,23세,상해없음,승용,남,63세,상해없음
2015120400100032,2015년 12월 4일 01시,금요일,인천광역시 남동구 서창동,경상사고,0,0,2,0,차대차 - 측면직각충돌,안전운전불이행,건조,맑음,단일로 - 기타,승용,남,37세,상해없음,승합,남,52세,경상
2015120400100055,2015년 12월 4일 04시,금요일,인천광역시 연수구 선학동,중상사고,0,2,0,1,차대차 - 추돌 - 진행중,안전운전불이행,건조,맑음,단일로 - 기타,승용,남,33세,부상신고,건설기계,남,37세,중상
2015120400100068,2015년 12월 4일 05시,금요일,인천광역시 부평구 부평동,경상사고,0,0,1,0,차대차 - 정면충돌,안전운전불이행,건조,맑음,교차로 - 교차로부근,승용,남,23세,상해없음,승합,남,56세,경상
2015120400100134,2015년 12월 4일 08시,금요일,인천광역시 계양구 계산동,경상사고,0,0,2,0,차대차 - 측면직각충돌,중앙선침범,결빙,맑음,단일로 - 기타,화물,남,68세,상해없음,승용,남,32세,경상
2015120400100172,2015년 12월 4일 09시,금요일,인천광역시 남동구 고잔동,경상사고,0,0,4,0,차대차 - 추돌 - 진행중,안전거리미확보,건조,맑음,단일로 - 기타,승합,남,51세,상해없음,승용,여,34세,경상
2015120400100246,2015년 12월 4일 12시,금요일,인천광역시 남동구 구월동,경상사고,0,0,2,0,차대차 - 측면직각충돌,교차로운행방법위반,건조,맑음,교차로 - 교차로안,승용,여,51세,상해없음,승용,남,55세,경상
2015120400100280,2015년 12월 4일 13시,금요일,인천광역시 연수구 송도동,경상사고,0,0,1,0,차대차 - 기타,중앙선침범,건조,맑음,교차로 - 교차로부근,승용,남,46세,상해없음,이륜,남,19세,경상
2015120400100296,2015년 12월 4일 14시,금요일,인천광역시 남동구 장수동,경상사고,0,0,4,0,차대차 - 추돌 - 주정차중,안전운전불이행,건조,맑음,미분류 - 미분류,승용,남,57세,상해없음,승용,남,22세,경상
2015120400100298,2015년 12월 4일 14시,금요일,인천광역시 부평구 구산동,경상사고,0,0,1,0,차대차 - 정면충돌,안전운전불이행,건조,맑음,단일로 - 교량,승용,남,36세,상해없음,승용,여,54세,경상
2015120400100335,2015년 12월 4일 15시,금요일,인천광역시 연수구 송도동,중상사고,0,1,0,0,차대사람 - 횡단중,보행자보호의무위반,건조,맑음,교차로 - 교차로안,승합,남,54세,상해없음,보행자,여,12세,중상
2015120400100336,2015년 12월 4일 15시,금요일,인천광역시 부평구 부평동,경상사고,0,0,1,0,차대사람 - 횡단중,안전운전불이행,건조,맑음,단일로 - 기타,화물,남,58세,상해없음,보행자,여,15세,경상
2015120400100365,2015년 12월 4일 16시,금요일,인천광역시 중구 항동7가,경상사고,0,0,1,0,차대차 - 기타,안전거리미확보,건조,맑음,단일로 - 기타,화물,남,60세,상해없음,승용,남,50세,경상
2015120400100366,2015년 12월 4일 16시,금요일,인천광역시 연수구 옥련동,경상사고,0,0,1,0,차대사람 - 횡단중,안전운전불이행,건조,맑음,단일로 - 기타,승용,여,50세,상해없음,보행자,여,42세,경상
2015120400100418,2015년 12월 4일 17시,금요일,인천광역시 남구 주안동,사망사고,1,0,0,0,차대차 - 기타,안전운전불이행,건조,맑음,교차로 - 교차로안,건설기계,남,63세,상해없음,자전거,남,61세,사망
2015120400100420,2015년 12월 4일 17시,금요일,인천광역시 계양구 효성동,중상사고,0,1,0,0,차대사람 - 기타,안전운전불이행,건조,맑음,단일로 - 기타,이륜,남,41세,상해없음,보행자,남,51세,중상
2015120400100421,2015년 12월 4일 17시,금요일,인천광역시 부평구 부개동,경상사고,0,0,1,0,차대차 - 측면직각충돌,신호위반,건조,맑음,단일로 - 횡단보도상,이륜,남,23세,상해없음,자전거,여,50세,경상
2015120400100524,2015년 12월 4일 19시,금요일,인천광역시 남동구 장수동,경상사고,0,0,1,0,차대차 - 측면직각충돌,안전운전불이행,건조,맑음,단일로 - 기타,승용,남,72세,상해없음,승용,남,45세,경상
2015120400100525,2015년 12월 4일 19시,금요일,인천광역시 남동구 고잔동,중상사고,0,1,5,0,차대차 - 측면직각충돌,교차로운행방법위반,건조,맑음,교차로 - 교차로안,승용,남,24세,중상,승용,여,47세,경상
2015120400100526,2015년 12월 4일 19시,금요일,인천광역시 서구 가좌동,중상사고,0,1,0,0,차대사람 - 보도통행중,안전운전불이행,건조,맑음,단일로 - 횡단보도부근,승용,남,52세,상해없음,보행자,남,49세,중상
2015120400100527,2015년 12월 4일 19시,금요일,인천광역시 서구 마전동,중상사고,0,1,0,0,차대사람 - 길가장자리구역통행중,안전운전불이행,건조,맑음,단일로 - 기타,승합,남,59세,상해없음,보행자,남,15세,중상
2015120400100599,2015년 12월 4일 21시,금요일,인천광역시 서구 신현동,경상사고,0,0,1,0,차대차 - 추돌 - 주정차중,안전운전불이행,건조,맑음,단일로 - 기타,승용,기타불명,기타불명,기타불명,승합,남,34세,경상
2015120400100600,2015년 12월 4일 21시,금요일,인천광역시 서구 불로동,부상신고사고,0,0,0,2,차대차 - 측면직각충돌,신호위반,건조,맑음,교차로 - 교차로안,승용,남,53세,상해없음,화물,남,41세,부상신고
2015120400100628,2015년 12월 4일 22시,금요일,인천광역시 중구 을왕동,경상사고,0,0,1,0,차량단독 - 공작물충돌,안전운전불이행,습기,맑음,단일로 - 기타,승용,남,47세,경상,,,,
2015120400100629,2015년 12월 4일 22시,금요일,인천광역시 연수구 연수동,중상사고,0,1,0,0,차대사람 - 기타,안전운전불이행,건조,흐림,단일로 - 기타,승용,남,63세,상해없음,보행자,남,48세,중상
2015120400100662,2015년 12월 4일 23시,금요일,인천광역시 서구 마전동,중상사고,0,1,0,0,차대차 - 정면충돌,안전운전불이행,건조,맑음,단일로 - 기타,승용,남,63세,상해없음,원동기,남,28세,중상
2015120400100663,2015년 12월 4일 23시,금요일,인천광역시 서구 경서동,경상사고,0,0,1,1,차대차 - 측면직각충돌,신호위반,건조,맑음,교차로 - 교차로안,승용,남,33세,상해없음,승용,여,28세,경상
2015120400100664,2015년 12월 4일 23시,금요일,인천광역시 서구 백석동,경상사고,0,0,2,0,차대차 - 기타,안전운전불이행,건조,맑음,단일로 - 기타,승용,남,35세,상해없음,승용,남,53세,경상
2015120400100665,2015년 12월 4일 23시,금요일,인천광역시 부평구 부평동,중상사고,0,1,0,0,차대사람 - 횡단중,안전운전불이행,건조,맑음,단일로 - 기타,원동기,남,19세,상해없음,보행자,남,40세,중상
2015120500100020,2015년 12월 5일 00시,토요일,인천광역시 서구 석남동,부상신고사고,0,0,0,1,차대차 - 측면직각충돌,안전운전불이행,건조,맑음,단일로 - 기타,승용,기타불명,기타불명,기타불명,승용,남,31세,부상신고
2015120500100076,2015년 12월 5일 03시,토요일,인천광역시 남동구 간석동,중상사고,0,1,0,0,차대사람 - 횡단중,안전운전불이행,건조,맑음,단일로 - 횡단보도상,화물,남,56세,상해없음,보행자,여,18세,중상
2015120500100101,2015년 12월 5일 05시,토요일,인천광역시 계양구 서운동,중상사고,0,1,1,0,차대차 - 기타,안전운전불이행,건조,맑음,교차로 - 교차로안,승용,남,29세,상해없음,화물,남,48세,중상
2015120500100153,2015년 12월 5일 08시,토요일,인천광역시 남동구 간석동,경상사고,0,0,1,0,차대차 - 측면직각충돌,안전거리미확보,건조,맑음,단일로 - 기타,승용,남,59세,상해없음,승용,여,30세,상해없음
2015120500100185,2015년 12월 5일 09시,토요일,인천광역시 계양구 선주지동,중상사고,0,1,0,0,차대차 - 측면직각충돌,과속,건조,맑음,단일로 - 기타,승합,남,42세,상해없음,화물,남,68세,중상
2015120500100219,2015년 12월 5일 10시,토요일,인천광역시 남구 도화동,중상사고,0,1,0,0,차대사람 - 횡단중,신호위반,건조,맑음,단일로 - 기타,승용,여,42세,상해없음,보행자,여,65세,중상
2015120500100220,2015년 12월 5일 10시,토요일,인천광역시 부평구 청천동,중상사고,0,1,4,0,차대차 - 기타,신호위반,건조,맑음,교차로 - 교차로안,승용,남,56세,상해없음,승용,남,50세,경상
2015120500100318,2015년 12월 5일 13시,토요일,인천광역시 부평구 부평동,중상사고,0,1,1,0,차대차 - 추돌 - 진행중,안전운전불이행,건조,맑음,단일로 - 기타,승용,여,34세,상해없음,승용,남,40세,중상
2015120500100319,2015년 12월 5일 13시,토요일,인천광역시 부평구 십정동,중상사고,0,1,0,0,차대사람 - 횡단중,보행자보호의무위반,건조,맑음,교차로 - 교차로안,승합,남,51세,상해없음,보행자,여,53세,중상
2015120500100320,2015년 12월 5일 13시,토요일,인천광역시 부평구 부평동,중상사고,0,1,0,0,차대사람 - 횡단중,신호위반,건조,맑음,교차로 - 교차로부근,승용,남,31세,상해없음,보행자,남,66세,중상
2015120500100352,2015년 12월 5일 14시,토요일,인천광역시 남동구 구월동,중상사고,0,1,0,0,차대차 - 측면직각충돌,신호위반,건조,맑음,교차로 - 교차로안,승합,남,30세,상해없음,승용,남,58세,중상
2015120500100353,2015년 12월 5일 14시,토요일,인천광역시 서구 신현동,경상사고,0,0,1,0,차대차 - 기타,안전운전불이행,건조,맑음,교차로 - 교차로안,승용,남,20세,상해없음,승용,남,32세,경상
2015120500100354,2015년 12월 5일 14시,토요일,인천광역시 남동구 장수동,경상사고,0,0,3,0,차대차 - 추돌 - 진행중,안전운전불이행,건조,맑음,단일로 - 기타,승용,남,30세,상해없음,승용,남,48세,경상
2015120500100460,2015년 12월 5일 17시,토요일,인천광역시 중구 인현동,중상사고,0,1,0,0,차대사람 - 기타,안전운전불이행,건조,맑음,교차로 - 교차로부근,승용,여,30세,상해없음,보행자,남,41세,중상
2015120500100461,2015년 12월 5일 17시,토요일,인천광역시 남구 도화동,중상사고,0,1,0,0,차대사람 - 기타,안전운전불이행,건조,맑음,단일로 - 기타,화물,남,31세,상해없음,보행자,여,73세,중상
2015120500100462,2015년 12월 5일 17시,토요일,인천광역시 서구 당하동,중상사고,0,1,0,0,차대사람 - 횡단중,보행자보호의무위반,건조,맑음,단일로 - 횡단보도상,화물,남,48세,상해없음,보행자,남,9세,중상
2015120500100463,2015년 12월 5일 17시,토요일,인천광역시 서구 검암동,경상사고,0,0,1,0,차대차 - 추돌 - 주정차중,안전운전불이행,건조,맑음,교차로 - 교차로부근,승용,남,68세,상해없음,승용,남,56세,경상
2015120500100521,2015년 12월 5일 18시,토요일,인천광역시 중구 경동,경상사고,0,0,6,0,차대차 - 기타,신호위반,건조,맑음,교차로 - 교차로안,승용,남,41세,상해없음,승합,남,41세,상해없음
2015120500100598,2015년 12월 5일 20시,토요일,인천광역시 중구 항동6가,중상사고,0,1,0,0,차대차 - 추돌 - 진행중,안전운전불이행,건조,맑음,교차로 - 교차로부근,기타불명,기타불명,기타불명,기타불명,승용,남,39세,중상
2015120500100599,2015년 12월 5일 20시,토요일,인천광역시 남구 주안동,중상사고,0,1,0,0,차대차 - 측면직각충돌,안전운전불이행,건조,맑음,단일로 - 기타,이륜,남,34세,중상,승용,남,26세,상해없음
2015120500100600,2015년 12월 5일 20시,토요일,인천광역시 서구 석남동,경상사고,0,0,2,0,차대차 - 추돌 - 주정차중,안전운전불이행,건조,맑음,단일로 - 기타,승합,남,41세,상해없음,승용,남,22세,경상
2015120500100654,2015년 12월 5일 22시,토요일,인천광역시 부평구 부평동,중상사고,0,1,0,0,차량단독 - 공작물충돌,안전운전불이행,건조,맑음,교차로 - 교차로안,승용,남,48세,상해없음,,,,
2015120500100655,2015년 12월 5일 22시,토요일,인천광역시 부평구 구산동,경상사고,0,0,1,0,차대차 - 추돌 - 진행중,안전운전불이행,건조,맑음,교차로 - 교차로부근,승용,남,43세,상해없음,승용,남,34세,경상
2015120500100676,2015년 12월 5일 23시,토요일,인천광역시 계양구 효성동,중상사고,0,2,0,0,차대차 - 측면직각충돌,안전운전불이행,건조,맑음,교차로 - 교차로안,승용,여,34세,상해없음,승용,여,66세,중상
2015120600100022,2015년 12월 6일 00시,일요일,인천광역시 남구 주안동,경상사고,0,0,1,1,차대차 - 정면충돌,신호위반,건조,맑음,교차로 - 교차로안,승용,남,64세,상해없음,승용,남,55세,부상신고
2015120600100074,2015년 12월 6일 02시,일요일,인천광역시 부평구 부평동,경상사고,0,0,1,0,차대차 - 정면충돌,안전운전불이행,건조,맑음,단일로 - 기타,승용,남,20세,상해없음,승용,남,63세,경상
2015120600100123,2015년 12월 6일 07시,일요일,인천광역시 중구 유동,부상신고사고,0,0,0,1,차량단독 - 전도전복,안전운전불이행,건조,맑음,교차로 - 교차로부근,이륜,남,20세,상해없음,,,,
2015120600100124,2015년 12월 6일 07시,일요일,인천광역시 계양구 병방동,경상사고,0,0,2,0,차대차 - 추돌 - 진행중,안전운전불이행,건조,맑음,단일로 - 기타,승용,남,62세,상해없음,승용,남,61세,경상
2015120600100138,2015년 12월 6일 08시,일요일,인천광역시 부평구 산곡동,경상사고,0,0,1,0,차대차 - 정면충돌,중앙선침범,건조,맑음,교차로 - 교차로부근,승용,여,26세,상해없음,승용,여,41세,경상
2015120600100139,2015년 12월 6일 08시,일요일,인천광역시 남동구 구월동,경상사고,0,0,1,0,차대차 - 추돌 - 주정차중,안전운전불이행,건조,맑음,단일로 - 기타,승용,여,22세,상해없음,화물,남,37세,상해없음
2015120600100153,2015년 12월 6일 09시,일요일,인천광역시 부평구 십정동,중상사고,0,1,0,0,차대사람 - 횡단중,안전운전불이행,건조,맑음,단일로 - 기타,승용,남,60세,상해없음,보행자,여,46세,중상
2015120600100172,2015년 12월 6일 10시,일요일,인천광역시 강화군 강화읍,중상사고,0,2,0,0,차대차 - 정면충돌,중앙선침범,건조,맑음,단일로 - 기타,승용,남,22세,상해없음,승용,남,61세,중상
2015120600100224,2015년 12월 6일 12시,일요일,인천광역시 계양구 용종동,중상사고,0,1,0,0,차대차 - 측면직각충돌,중앙선침범,건조,맑음,단일로 - 횡단보도부근,자전거,남,48세,중상,승용,남,51세,상해없음
2015120600100287,2015년 12월 6일 15시,일요일,인천광역시 부평구 삼산동,경상사고,0,0,1,0,차대사람 - 기타,안전운전불이행,건조,맑음,교차로 - 교차로부근,승용,남,45세,상해없음,보행자,남,43세,경상
2015120600100312,2015년 12월 6일 16시,일요일,인천광역시 연수구 옥련동,경상사고,0,0,1,0,차대사람 - 횡단중,안전운전불이행,건조,맑음,단일로 - 기타,승용,남,62세,상해없음,보행자,남,36세,경상
2015120600100412,2015년 12월 6일 19시,일요일,인천광역시 부평구 산곡동,중상사고,0,1,0,0,차대차 - 측면직각충돌,교차로운행방법위반,건조,맑음,교차로 - 교차로안,자전거,여,22세,중상,승용,남,55세,상해없음
2015120600100434,2015년 12월 6일 20시,일요일,인천광역시 서구 석남동,경상사고,0,0,1,0,차대차 - 측면직각충돌,안전운전불이행,건조,맑음,단일로 - 기타,승용,남,29세,상해없음,원동기,남,20세,경상
2015120600100435,2015년 12월 6일 20시,일요일,인천광역시 연수구 동춘동,중상사고,0,1,0,0,차대차 - 측면직각충돌,교차로운행방법위반,건조,맑음,교차로 - 교차로안,승용,남,49세,상해없음,자전거,남,17세,중상
2015120600100492,2015년 12월 6일 22시,일요일,인천광역시 남구 관교동,중상사고,0,1,0,0,차대차 - 측면직각충돌,신호위반,건조,맑음,교차로 - 교차로안,승용,남,31세,상해없음,승용,남,52세,중상
2015120700100034,2015년 12월 7일 04시,월요일,인천광역시 서구 가정동,경상사고,0,0,3,0,차대차 - 측면직각충돌,신호위반,건조,맑음,교차로 - 교차로안,승용,남,51세,경상,승합,여,53세,경상
2015120700100035,2015년 12월 7일 04시,월요일,인천광역시 부평구 부평동,경상사고,0,0,2,0,차대차 - 추돌 - 주정차중,안전운전불이행,건조,맑음,교차로 - 교차로부근,승용,남,23세,상해없음,승용,여,43세,경상
2015120700100069,2015년 12월 7일 06시,월요일,인천광역시 연수구 청학동,중상사고,0,1,0,0,차대사람 - 횡단중,보행자보호의무위반,습기,비,단일로 - 횡단보도상,승용,남,36세,상해없음,보행자,여,24세,중상
2015120700100191,2015년 12월 7일 09시,월요일,인천광역시 부평구 산곡동,경상사고,0,0,1,0,차대사람 - 기타,안전운전불이행,건조,맑음,단일로 - 기타,기타불명,기타불명,기타불명,기타불명,보행자,남,14세,경상
2015120700100218,2015년 12월 7일 10시,월요일,인천광역시 남동구 만수동,중상사고,0,1,1,0,차대사람 - 기타,기타,건조,맑음,단일로 - 기타,승합,남,54세,상해없음,보행자,여,63세,중상