사고번호,사고일시,요일,시군구,사고내용,사망자수,중상자수,경상자수,부상신고자수,사고유형,법규위반,노면상태,기상상태,도로형태,가해운전자 차종,가해운전자 성별,가해운전자 연령,가해운전자 상해정도,피해운전자 차종,피해운전자 성별,피해운전자 연령,피해운전자 상해정도
2015121100100536,2015년 12월 11일 18시,금요일,인천광역시 동구 송림동,중상사고,0,1,0,0,차대사람 - 횡단중,안전운전불이행,건조,맑음,단일로 - 횡단보도상,승합,남,61세,상해없음,보행자,여,76세,중상
2015121100100537,2015년 12월 11일 18시,금요일,인천광역시 동구 송현동,경상사고,0,0,4,1,차대차 - 정면충돌,안전운전불이행,건조,맑음,단일로 - 기타,승용,남,51세,상해없음,승용,남,45세,경상
2015121100100538,2015년 12월 11일 18시,금요일,인천광역시 부평구 청천동,중상사고,0,1,0,0,차대차 - 측면직각충돌,안전운전불이행,건조,맑음,단일로 - 기타,승용,남,46세,상해없음,자전거,남,41세,중상
2015121100100539,2015년 12월 11일 18시,금요일,인천광역시 남동구 고잔동,중상사고,0,1,0,0,차대차 - 추돌 - 진행중,교차로운행방법위반,건조,맑음,교차로 - 교차로안,승용,남,62세,상해없음,이륜,남,17세,중상
2015121100100540,2015년 12월 11일 18시,금요일,인천광역시 계양구 작전동,중상사고,0,1,1,0,차대차 - 기타,중앙선침범,건조,맑음,단일로 - 기타,승용,남,62세,경상,원동기,남,27세,중상
2015121100100589,2015년 12월 11일 19시,금요일,인천광역시 남동구 구월동,중상사고,0,1,0,0,차대사람 - 차도통행중,안전운전불이행,건조,맑음,단일로 - 기타,승용,남,21세,상해없음,보행자,여,54세,중상
2015121100100590,2015년 12월 11일 19시,금요일,인천광역시 남동구 간석동,경상사고,0,0,2,0,차대차 - 측면직각충돌,교차로운행방법위반,건조,맑음,교차로 - 교차로안,승용,남,35세,상해없음,승합,남,63세,상해없음
2015121100100591,2015년 12월 11일 19시,금요일,인천광역시 서구 가정동,중상사고,0,1,0,0,차대차 - 측면직각충돌,중앙선침범,건조,맑음,단일로 - 기타,승용,남,48세,상해없음,자전거,남,13세,중상
2015121100100651,2015년 12월 11일 21시,금요일,인천광역시 부평구 부평동,경상사고,0,0,2,0,차대차 - 추돌 - 주정차중,안전거리미확보,건조,맑음,단일로 - 기타,승용,남,44세,기타불명,승용,남,26세,경상
2015121100100652,2015년 12월 11일 21시,금요일,인천광역시 서구 석남동,경상사고,0,0,3,0,차대차 - 추돌 - 주정차중,안전운전불이행,건조,맑음,단일로 - 기타,승용,남,40세,상해없음,승용,여,24세,경상
2015121200100034,2015년 12월 12일 00시,토요일,인천광역시 부평구 부개동,경상사고,0,0,5,0,차대차 - 추돌 - 주정차중,안전운전불이행,건조,맑음,단일로 - 기타,승용,남,39세,상해없음,승용,남,39세,경상
2015121200100058,2015년 12월 12일 01시,토요일,인천광역시 서구 심곡동,중상사고,0,1,0,0,차대차 - 측면직각충돌,교차로운행방법위반,건조,흐림,교차로 - 교차로부근,승용,여,54세,상해없음,승용,남,29세,중상
2015121200100059,2015년 12월 12일 01시,토요일,인천광역시 연수구 연수동,중상사고,0,2,0,0,차대사람 - 횡단중,안전운전불이행,건조,맑음,단일로 - 기타,승용,남,63세,상해없음,보행자,남,22세,중상
2015121200100076,2015년 12월 12일 02시,토요일,인천광역시 남구 학익동,경상사고,0,0,1,0,차대차 - 추돌 - 주정차중,안전운전불이행,건조,맑음,교차로 - 교차로부근,승용,여,31세,상해없음,승용,남,59세,경상
2015121200100077,2015년 12월 12일 02시,토요일,인천광역시 부평구 산곡동,경상사고,0,0,2,0,차대차 - 정면충돌,차로위반,건조,맑음,교차로 - 교차로부근,승용,여,34세,상해없음,승용,남,57세,경상
2015121200100078,2015년 12월 12일 02시,토요일,인천광역시 서구 가좌동,경상사고,0,0,1,0,차대차 - 정면충돌,중앙선침범,건조,맑음,단일로 - 기타,승용,남,27세,상해없음,승용,남,59세,경상
2015121200100099,2015년 12월 12일 03시,토요일,인천광역시 부평구 부평동,경상사고,0,0,1,0,차대사람 - 기타,안전운전불이행,건조,맑음,교차로 - 교차로부근,승용,남,62세,상해없음,보행자,남,52세,경상
2015121200100205,2015년 12월 12일 09시,토요일,인천광역시 남구 도화동,중상사고,0,1,0,0,차대사람 - 횡단중,안전운전불이행,건조,맑음,교차로 - 교차로부근,승용,남,74세,상해없음,보행자,남,32세,중상
2015121200100343,2015년 12월 12일 13시,토요일,인천광역시 계양구 계산동,경상사고,0,0,1,0,차대차 - 측면직각충돌,안전거리미확보,건조,맑음,교차로 - 교차로안,승용,여,59세,상해없음,승용,여,47세,경상
2015121200100380,2015년 12월 12일 14시,토요일,인천광역시 남구 숭의동,경상사고,0,0,1,0,차대차 - 기타,안전운전불이행,건조,맑음,단일로 - 기타,승용,남,45세,상해없음,승용,남,58세,상해없음
2015121200100413,2015년 12월 12일 15시,토요일,인천광역시 옹진군 연평면,경상사고,0,0,1,0,차대사람 - 기타,안전운전불이행,건조,맑음,단일로 - 기타,화물,남,57세,기타불명,보행자,남,20세,경상
2015121200100414,2015년 12월 12일 15시,토요일,인천광역시 계양구 서운동,경상사고,0,0,6,0,차대차 - 정면충돌,안전운전불이행,건조,맑음,단일로 - 기타,승합,남,43세,상해없음,화물,남,47세,경상
2015121200100474,2015년 12월 12일 17시,토요일,인천광역시 부평구 부평동,중상사고,0,2,10,0,차대차 - 측면직각충돌,안전운전불이행,건조,맑음,단일로 - 기타,승합,남,50세,상해없음,승합,남,47세,상해없음
2015121200100531,2015년 12월 12일 18시,토요일,인천광역시 남구 도화동,경상사고,0,0,1,0,차대사람 - 기타,안전운전불이행,건조,맑음,단일로 - 기타,승용,남,57세,상해없음,보행자,여,52세,경상
2015121200100532,2015년 12월 12일 18시,토요일,인천광역시 부평구 부평동,경상사고,0,0,1,0,차대차 - 정면충돌,교차로운행방법위반,건조,맑음,교차로 - 교차로안,승용,남,34세,상해없음,이륜,남,16세,경상
2015121200100533,2015년 12월 12일 18시,토요일,인천광역시 연수구 청학동,경상사고,0,0,1,0,차대차 - 기타,안전운전불이행,건조,맑음,교차로 - 교차로안,승용,여,41세,상해없음,승용,남,66세,경상
2015121200100564,2015년 12월 12일 19시,토요일,인천광역시 남구 숭의동,경상사고,0,0,4,0,차대차 - 측면직각충돌,안전운전불이행,건조,맑음,교차로 - 교차로안,승용,남,25세,상해없음,승용,남,35세,경상
2015121200100565,2015년 12월 12일 19시,토요일,인천광역시 남동구 만수동,중상사고,0,1,0,0,차대차 - 측면직각충돌,안전거리미확보,건조,맑음,단일로 - 기타,화물,남,53세,상해없음,승합,남,46세,중상
2015121200100567,2015년 12월 12일 19시,토요일,인천광역시 서구 불로동,경상사고,0,0,1,0,차량단독 - 기타,안전운전불이행,건조,맑음,단일로 - 기타,승합,남,38세,상해없음,,,,
2015121200100568,2015년 12월 12일 19시,토요일,인천광역시 연수구 청학동,사망사고,1,0,0,0,차대사람 - 횡단중,신호위반,건조,맑음,단일로 - 횡단보도상,승합,남,63세,상해없음,보행자,여,76세,사망
2015121200100589,2015년 12월 12일 20시,토요일,인천광역시 남구 도화동,경상사고,0,0,1,0,차대차 - 측면직각충돌,안전운전불이행,건조,맑음,단일로 - 기타,화물,남,52세,상해없음,승용,남,57세,경상
2015121200100590,2015년 12월 12일 20시,토요일,인천광역시 남동구 구월동,경상사고,0,0,3,0,차대차 - 측면직각충돌,교차로운행방법위반,건조,맑음,교차로 - 교차로안,승용,남,43세,경상,승용,남,30세,상해없음
2015121200100663,2015년 12월 12일 22시,토요일,인천광역시 남구 용현동,중상사고,0,1,0,0,차대차 - 기타,중앙선침범,건조,맑음,단일로 - 기타,기타불명,기타불명,기타불명,기타불명,원동기,남,18세,중상
2015121200100664,2015년 12월 12일 22시,토요일,인천광역시 남동구 구월동,경상사고,0,0,1,0,차대사람 - 길가장자리구역통행중,안전운전불이행,건조,맑음,교차로 - 교차로부근,승용,남,54세,상해없음,보행자,남,35세,경상
2015121200100702,2015년 12월 12일 23시,토요일,인천광역시 남동구 고잔동,경상사고,0,0,3,0,차대차 - 측면직각충돌,신호위반,건조,맑음,교차로 - 교차로안,승용,남,32세,상해없음,승용,남,52세,경상
2015121300100026,2015년 12월 13일 00시,일요일,인천광역시 부평구 갈산동,중상사고,0,1,0,0,차대차 - 정면충돌,신호위반,건조,맑음,교차로 - 교차로안,이륜,남,18세,중상,승용,남,62세,상해없음
2015121300100074,2015년 12월 13일 02시,일요일,인천광역시 서구 석남동,부상신고사고,0,0,0,1,차대차 - 추돌 - 진행중,안전운전불이행,건조,맑음,단일로 - 기타,승용,남,29세,상해없음,승용,여,32세,부상신고
2015121300100101,2015년 12월 13일 04시,일요일,인천광역시 남구 주안동,중상사고,0,1,0,0,차대사람 - 횡단중,과속,건조,맑음,단일로 - 기타,승용,남,51세,상해없음,보행자,남,33세,중상
2015121300100222,2015년 12월 13일 11시,일요일,인천광역시 남구 주안동,경상사고,0,0,1,0,차대차 - 기타,안전운전불이행,건조,맑음,단일로 - 기타,승용,남,37세,상해없음,승용,여,31세,경상
2015121300100247,2015년 12월 13일 12시,일요일,인천광역시 남동구 장수동,경상사고,0,0,2,0,차대차 - 측면직각충돌,신호위반,건조,맑음,교차로 - 교차로안,승용,남,57세,상해없음,승용,남,51세,경상
2015121300100248,2015년 12월 13일 12시,일요일,인천광역시 계양구 작전동,경상사고,0,0,2,0,차대차 - 추돌 - 주정차중,안전운전불이행,건조,맑음,교차로 - 교차로부근,승용,남,31세,상해없음,승용,여,56세,경상
2015121300100249,2015년 12월 13일 12시,일요일,인천광역시 부평구 부개동,경상사고,0,0,1,0,차대차 - 측면직각충돌,차로위반,건조,맑음,교차로 - 교차로부근,승용,여,31세,상해없음,승용,여,52세,경상
2015121300100268,2015년 12월 13일 13시,일요일,인천광역시 서구 당하동,중상사고,0,1,2,0,차대차 - 기타,교차로운행방법위반,건조,맑음,교차로 - 교차로안,승용,남,29세,상해없음,승용,여,25세,경상
2015121300100325,2015년 12월 13일 15시,일요일,인천광역시 강화군 내가면,중상사고,0,1,0,0,차대차 - 정면충돌,중앙선침범,건조,맑음,단일로 - 기타,이륜,남,71세,중상,승용,여,39세,상해없음
2015121300100427,2015년 12월 13일 18시,일요일,인천광역시 남구 학익동,경상사고,0,0,1,0,차대차 - 추돌 - 진행중,안전운전불이행,건조,맑음,단일로 - 기타,승용,남,54세,상해없음,자전거,남,66세,경상
2015121300100482,2015년 12월 13일 20시,일요일,인천광역시 부평구 산곡동,사망사고,1,1,1,0,차대차 - 추돌 - 진행중,신호위반,건조,맑음,교차로 - 교차로안,이륜,남,50세,사망,이륜,남,31세,경상
2015121300100516,2015년 12월 13일 22시,일요일,인천광역시 남구 주안동,경상사고,0,0,2,0,차대차 - 측면직각충돌,불법유턴,건조,맑음,단일로 - 기타,승용,남,27세,경상,승용,여,53세,경상
2015121300100525,2015년 12월 13일 23시,일요일,인천광역시 부평구 부평동,중상사고,0,1,0,0,차대사람 - 횡단중,안전운전불이행,건조,맑음,단일로 - 기타,승용,남,49세,상해없음,보행자,여,20세,중상
2015121400100012,2015년 12월 14일 01시,월요일,인천광역시 남구 도화동,중상사고,0,1,0,0,차대사람 - 차도통행중,안전운전불이행,건조,맑음,단일로 - 기타,승용,남,58세,상해없음,보행자,남,47세,중상
2015121400100013,2015년 12월 14일 01시,월요일,인천광역시 연수구 송도동,경상사고,0,0,2,0,차대차 - 추돌 - 주정차중,안전운전불이행,건조,맑음,단일로 - 기타,화물,남,43세,상해없음,승용,남,29세,경상
2015121400100031,2015년 12월 14일 04시,월요일,인천광역시 남동구 남촌동,경상사고,0,0,1,0,차대차 - 정면충돌,기타,건조,맑음,단일로 - 기타,특수,남,41세,상해없음,화물,남,41세,경상
2015121400100046,2015년 12월 14일 05시,월요일,인천광역시 계양구 효성동,경상사고,0,0,1,0,차대차 - 측면직각충돌,신호위반,건조,맑음,교차로 - 교차로안,승용,남,55세,상해없음,승용,남,59세,경상
2015121400100058,2015년 12월 14일 06시,월요일,인천광역시 중구 운남동,경상사고,0,0,1,0,차대차 - 기타,안전운전불이행,건조,맑음,교차로 - 교차로안,승용,남,59세,상해없음,건설기계,남,46세,경상
2015121400100079,2015년 12월 14일 07시,월요일,인천광역시 서구 가좌동,중상사고,0,1,0,0,차대차 - 측면직각충돌,중앙선침범,건조,맑음,단일로 - 기타,승용,남,58세,상해없음,자전거,남,59세,중상
2015121400100131,2015년 12월 14일 08시,월요일,인천광역시 남동구 구월동,경상사고,0,0,2,0,차대차 - 측면직각충돌,신호위반,건조,맑음,교차로 - 교차로부근,승용,남,65세,상해없음,승합,남,47세,상해없음
2015121400100132,2015년 12월 14일 08시,월요일,인천광역시 서구 검암동,중상사고,0,2,1,0,차대차 - 추돌 - 진행중,안전운전불이행,건조,맑음,교차로 - 교차로부근,승용,남,45세,상해없음,승용,여,35세,중상
2015121400100133,2015년 12월 14일 08시,월요일,인천광역시 부평구 삼산동,부상신고사고,0,0,0,1,차대차 - 기타,안전거리미확보,건조,맑음,단일로 - 기타,승용,여,54세,상해없음,이륜,남,28세,부상신고
2015121400100188,2015년 12월 14일 10시,월요일,인천광역시 남동구 만수동,경상사고,0,0,1,0,차대차 - 측면직각충돌,교차로운행방법위반,건조,맑음,교차로 - 교차로부근,승합,남,53세,상해없음,이륜,남,56세,경상
2015121400100214,2015년 12월 14일 11시,월요일,인천광역시 남동구 고잔동,경상사고,0,0,1,0,차대차 - 측면직각충돌,안전운전불이행,건조,맑음,단일로 - 기타,화물,남,56세,상해없음,승용,남,34세,경상
2015121400100241,2015년 12월 14일 12시,월요일,인천광역시 서구 마전동,경상사고,0,0,2,0,차대차 - 측면직각충돌,중앙선침범,건조,맑음,단일로 - 기타,승용,남,27세,상해없음,승용,남,28세,경상
2015121400100242,2015년 12월 14일 12시,월요일,인천광역시 부평구 부개동,중상사고,0,1,0,0,차대사람 - 기타,안전운전불이행,건조,맑음,교차로 - 교차로안,승용,남,74세,상해없음,보행자,여,54세,중상
2015121400100265,2015년 12월 14일 13시,월요일,인천광역시 서구 연희동,경상사고,0,0,1,0,차대차 - 추돌 - 주정차중,안전운전불이행,건조,맑음,단일로 - 기타,승용,여,29세,상해없음,화물,남,31세,경상
2015121400100323,2015년 12월 14일 15시,월요일,인천광역시 남구 용현동,중상사고,0,1,3,0,차대차 - 측면직각충돌,안전거리미확보,습기,비,단일로 - 기타,화물,남,38세,경상,승용,남,51세,중상
2015121400100429,2015년 12월 14일 17시,월요일,인천광역시 남동구 구월동,경상사고,0,0,2,0,차대차 - 측면직각충돌,교차로운행방법위반,건조,맑음,교차로 - 교차로안,승합,남,50세,상해없음,승용,남,29세,경상
2015121400100430,2015년 12월 14일 17시,월요일,인천광역시 계양구 동양동,경상사고,0,0,1,0,차대차 - 측면직각충돌,교차로운행방법위반,습기,비,교차로 - 교차로안,화물,남,34세,상해없음,자전거,남,11세,경상
2015121400100494,2015년 12월 14일 18시,월요일,인천광역시 남구 주안동,경상사고,0,0,1,0,차대차 - 기타,안전운전불이행,건조,맑음,단일로 - 기타,승용,남,60세,상해없음,승용,여,23세,경상
2015121400100540,2015년 12월 14일 19시,월요일,인천광역시 남동구 구월동,경상사고,0,0,2,0,차대차 - 측면직각충돌,안전거리미확보,건조,맑음,단일로 - 기타,승용,남,27세,상해없음,승용,여,32세,경상
2015121400100541,2015년 12월 14일 19시,월요일,인천광역시 연수구 선학동,중상사고,0,1,0,0,차대사람 - 횡단중,안전운전불이행,습기,비,단일로 - 횡단보도상,승용,남,59세,상해없음,보행자,남,69세,중상
2015121400100613,2015년 12월 14일 21시,월요일,인천광역시 계양구 임학동,경상사고,0,0,1,0,차대차 - 추돌 - 주정차중,안전운전불이행,습기,맑음,단일로 - 기타,승용,여,53세,상해없음,승용,남,20세,경상
2015121400100614,2015년 12월 14일 21시,월요일,인천광역시 부평구 삼산동,경상사고,0,0,1,0,차대차 - 측면직각충돌,신호위반,건조,맑음,교차로 - 교차로안,승용,남,30세,상해없음,이륜,남,22세,경상
2015121500100027,2015년 12월 15일 00시,화요일,인천광역시 연수구 옥련동,경상사고,0,0,1,0,차대차 - 측면직각충돌,안전운전불이행,건조,맑음,단일로 - 기타,승용,남,29세,상해없음,승용,남,46세,경상
2015121500100131,2015년 12월 15일 07시,화요일,인천광역시 남동구 남촌동,경상사고,0,0,1,0,차대차 - 측면직각충돌,안전거리미확보,건조,맑음,교차로 - 교차로안,승용,남,57세,상해없음,승용,남,28세,상해없음
2015121500100194,2015년 12월 15일 09시,화요일,인천광역시 부평구 십정동,경상사고,0,0,1,0,차대사람 - 횡단중,안전운전불이행,건조,맑음,교차로 - 교차로부근,승용,남,63세,상해없음,보행자,여,23세,경상
2015121500100195,2015년 12월 15일 09시,화요일,인천광역시 강화군 강화읍,중상사고,0,1,0,0,차대사람 - 횡단중,안전운전불이행,건조,맑음,단일로 - 기타,이륜,남,71세,상해없음,보행자,여,83세,중상
2015121500100246,2015년 12월 15일 11시,화요일,인천광역시 중구 항동7가,사망사고,1,0,0,0,차대사람 - 기타,안전운전불이행,건조,맑음,단일로 - 기타,승용,여,30세,상해없음,보행자,남,83세,사망
2015121500100247,2015년 12월 15일 11시,화요일,인천광역시 남동구 만수동,경상사고,0,0,1,0,차대차 - 측면직각충돌,안전운전불이행,건조,맑음,교차로 - 교차로부근,승용,남,32세,상해없음,승용,남,67세,상해없음
2015121500100301,2015년 12월 15일 13시,화요일,인천광역시 부평구 구산동,사망사고,1,0,1,0,차대차 - 추돌 - 진행중,안전운전불이행,건조,맑음,단일로 - 기타,화물,남,53세,사망,화물,남,47세,경상
2015121500100432,2015년 12월 15일 17시,화요일,인천광역시 계양구 임학동,경상사고,0,0,1,0,차대사람 - 횡단중,보행자보호의무위반,건조,맑음,교차로 - 교차로안,승용,남,21세,상해없음,보행자,남,61세,경상
2015121500100482,2015년 12월 15일 18시,화요일,인천광역시 남동구 구월동,경상사고,0,0,2,0,차대차 - 측면직각충돌,안전운전불이행,건조,맑음,단일로 - 기타,승용,여,40세,상해없음,화물,남,49세,경상
2015121500100513,2015년 12월 15일 19시,화요일,인천광역시 남동구 간석동,경상사고,0,0,1,0,차대차 - 측면직각충돌,안전운전불이행,건조,맑음,교차로 - 교차로안,승용,남,43세,상해없음,자전거,남,41세,경상
2015121500100542,2015년 12월 15일 20시,화요일,인천광역시 남구 주안동,경상사고,0,0,1,0,차대차 - 측면직각충돌,안전운전불이행,습기,흐림,단일로 - 기타,승용,여,53세,상해없음,이륜,남,32세,경상
2015121500100563,2015년 12월 15일 21시,화요일,인천광역시 동구 송현동,경상사고,0,0,1,0,차대차 - 측면직각충돌,신호위반,건조,맑음,교차로 - 교차로안,승용,남,34세,상해없음,승용,남,50세,경상
2015121500100565,2015년 12월 15일 21시,화요일,인천광역시 서구 심곡동,중상사고,0,1,0,0,차대사람 - 차도통행중,안전운전불이행,건조,맑음,단일로 - 기타,승용,여,39세,상해없음,보행자,여,19세,중상
2015121500100624,2015년 12월 15일 23시,화요일,인천광역시 남동구 간석동,경상사고,0,0,1,0,차대차 - 추돌 - 진행중,안전운전불이행,건조,맑음,교차로 - 교차로부근,승용,남,50세,상해없음,승용,남,39세,경상
2015121600100034,2015년 12월 16일 01시,수요일,인천광역시 부평구 부평동,경상사고,0,0,1,0,차대차 - 정면충돌,차로위반,건조,맑음,단일로 - 기타,승용,남,21세,상해없음,승용,남,63세,경상
2015121600100057,2015년 12월 16일 03시,수요일,인천광역시 부평구 부개동,경상사고,0,0,1,0,차대차 - 측면직각충돌,신호위반,건조,맑음,교차로 - 교차로안,승용,남,60세,상해없음,승용,남,70세,경상
2015121600100062,2015년 12월 16일 04시,수요일,인천광역시 남동구 간석동,경상사고,0,0,1,0,차대차 - 측면직각충돌,안전운전불이행,건조,맑음,교차로 - 교차로안,승용,남,37세,상해없음,승용,남,32세,경상
2015121600100131,2015년 12월 16일 08시,수요일,인천광역시 남구 용현동,경상사고,0,0,1,0,차대사람 - 기타,안전운전불이행,건조,맑음,기타 - 기타,승용,여,44세,상해없음,보행자,여,12세,경상
2015121600100213,2015년 12월 16일 11시,수요일,인천광역시 계양구 서운동,경상사고,0,0,1,0,차대차 - 추돌 - 주정차중,안전운전불이행,건조,맑음,단일로 - 교량,승용,여,50세,상해없음,승용,남,26세,경상
2015121600100301,2015년 12월 16일 14시,수요일,인천광역시 남구 용현동,경상사고,0,0,1,0,차량단독 - 기타,기타,건조,맑음,단일로 - 기타,승합,남,56세,상해없음,,,,
2015121600100302,2015년 12월 16일 14시,수요일,인천광역시 남동구 만수동,경상사고,0,0,2,0,차대차 - 추돌 - 진행중,안전거리미확보,건조,맑음,교차로 - 교차로안,승용,남,56세,상해없음,승용,여,50세,경상
2015121600100345,2015년 12월 16일 15시,수요일,인천광역시 남구 주안동,경상사고,0,0,1,0,차량단독 - 기타,안전운전불이행,건조,맑음,교차로 - 교차로부근,승합,남,52세,상해없음,,,,
2015121600100346,2015년 12월 16일 15시,수요일,인천광역시 남구 숭의동,경상사고,0,0,1,0,차대차 - 추돌 - 진행중,안전운전불이행,건조,맑음,단일로 - 기타,승합,남,62세,상해없음,이륜,남,17세,경상
2015121600100375,2015년 12월 16일 16시,수요일,인천광역시 남구 관교동,경상사고,0,0,2,0,차대차 - 측면직각충돌,안전운전불이행,건조,맑음,교차로 - 교차로안,승용,남,43세,상해없음,승용,남,57세,경상
2015121600100422,2015년 12월 16일 17시,수요일,인천광역시 남동구 구월동,경상사고,0,0,1,0,차대차 - 측면직각충돌,신호위반,건조,맑음,단일로 - 기타,승용,남,61세,상해없음,승용,남,72세,경상
2015121600100423,2015년 12월 16일 17시,수요일,인천광역시 연수구 송도동,경상사고,0,0,1,0,차대사람 - 횡단중,보행자보호의무위반,건조,맑음,단일로 - 횡단보도상,승용,여,34세,상해없음,보행자,여,16세,경상
2015121600100424,2015년 12월 16일 17시,수요일,인천광역시 연수구 옥련동,경상사고,0,0,2,0,차대차 - 추돌 - 진행중,안전거리미확보,건조,맑음,단일로 - 기타,승용,남,44세,상해없음,승용,남,45세,경상
2015121600100483,2015년 12월 16일 18시,수요일,인천광역시 서구 경서동,경상사고,0,0,1,0,차대차 - 측면직각충돌,신호위반,건조,맑음,교차로 - 교차로안,승용,남,51세,상해없음,승용,여,33세,경상
2015121600100484,2015년 12월 16일 18시,수요일,인천광역시 서구 오류동,중상사고,0,1,0,0,차대사람 - 횡단중,안전운전불이행,건조,맑음,단일로 - 기타,승합,남,43세,상해없음,보행자,남,39세,중상
2015121600100485,2015년 12월 16일 18시,수요일,인천광역시 서구 가좌동,경상사고,0,0,1,0,차대사람 - 차도통행중,안전운전불이행,건조,맑음,단일로 - 기타,승용,남,46세,상해없음,보행자,남,22세,경상
2015121600100523,2015년 12월 16일 19시,수요일,인천광역시 서구 경서동,경상사고,0,0,1,0,차대차 - 측면직각충돌,안전운전불이행,건조,맑음,교차로 - 교차로부근,승용,여,51세,상해없음,승용,남,43세,경상
2015121600100524,2015년 12월 16일 19시,수요일,인천광역시 계양구 서운동,경상사고,0,0,1,0,차대차 - 측면직각충돌,교차로운행방법위반,건조,맑음,교차로 - 교차로안,승용,여,44세,상해없음,승용,여,43세,경상
2015121600100591,2015년 12월 16일 21시,수요일,인천광역시 연수구 청학동,중상사고,0,1,0,0,차대사람 - 횡단중,신호위반,건조,맑음,단일로 - 횡단보도상,승용,남,34세,상해없음,보행자,남,28세,중상
2015121600100592,2015년 12월 16일 21시,수요일,인천광역시 부평구 부개동,중상사고,0,1,0,0,차대사람 - 횡단중,안전운전불이행,건조,맑음,교차로 - 교차로부근,화물,남,58세,상해없음,보행자,여,35세,중상
2015121600100658,2015년 12월 16일 23시,수요일,인천광역시 남동구 만수동,경상사고,0,0,2,0,차대사람 - 횡단중,안전운전불이행,건조,흐림,단일로 - 기타,승용,여,36세,상해없음,보행자,남,19세,경상
2015121700100039,2015년 12월 17일 01시,목요일,인천광역시 서구 연희동,경상사고,0,0,1,0,차대차 - 추돌 - 진행중,안전운전불이행,건조,맑음,교차로 - 교차로안,승용,남,47세,상해없음,승용,남,58세,경상
2015121700100040,2015년 12월 17일 01시,목요일,인천광역시 부평구 삼산동,중상사고,0,1,0,0,차대차 - 측면직각충돌,중앙선침범,건조,맑음,교차로 - 교차로부근,승용,남,22세,상해없음,승용,남,74세,상해없음
2015121700100047,2015년 12월 17일 02시,목요일,인천광역시 계양구 상야동,중상사고,0,2,0,0,차대차 - 기타,중앙선침범,건조,맑음,단일로 - 기타,승용,남,24세,중상,화물,남,48세,중상
2015121700100057,2015년 12월 17일 03시,목요일,인천광역시 서구 가정동,경상사고,0,0,1,0,차대차 - 측면직각충돌,신호위반,건조,맑음,교차로 - 교차로안,승용,남,51세,상해없음,승용,남,58세,경상
2015121700100091,2015년 12월 17일 06시,목요일,인천광역시 남동구 만수동,사망사고,1,0,0,0,차대차 - 측면직각충돌,중앙선침범,건조,맑음,단일로 - 기타,이륜,남,21세,사망,승합,남,59세,상해없음
2015121700100115,2015년 12월 17일 07시,목요일,인천광역시 남동구 고잔동,경상사고,0,0,1,0,차대차 - 기타,안전운전불이행,건조,맑음,단일로 - 기타,승용,여,44세,상해없음,승용,남,31세,경상
2015121700100116,2015년 12월 17일 07시,목요일,인천광역시 부평구 갈산동,경상사고,0,0,1,0,차대차 - 추돌 - 진행중,안전운전불이행,건조,맑음,교차로 - 교차로부근,승용,남,32세,상해없음,승용,남,33세,경상
2015121700100156,2015년 12월 17일 08시,목요일,인천광역시 남구 도화동,경상사고,0,0,1,0,차대사람 - 횡단중,안전운전불이행,건조,맑음,교차로 - 교차로안,화물,여,52세,기타불명,보행자,여,14세,경상
2015121700100157,2015년 12월 17일 08시,목요일,인천광역시 계양구 귤현동,중상사고,0,1,0,0,차대차 - 측면직각충돌,교차로운행방법위반,건조,맑음,교차로 - 교차로안,승용,여,49세,상해없음,자전거,남,14세,중상
2015121700100158,2015년 12월 17일 08시,목요일,인천광역시 계양구 효성동,경상사고,0,0,1,0,차대차 - 측면직각충돌,직진우회전진행방해,건조,맑음,교차로 - 교차로안,이륜,남,17세,경상,승합,남,49세,상해없음
2015121700100192,2015년 12월 17일 09시,목요일,인천광역시 남구 주안동,경상사고,0,0,1,0,차대차 - 측면직각충돌,교차로운행방법위반,건조,맑음,교차로 - 교차로안,승용,남,58세,상해없음,승용,여,48세,경상
2015121700100193,2015년 12월 17일 09시,목요일,인천광역시 남동구 논현동,경상사고,0,0,1,0,차대차 - 측면직각충돌,안전운전불이행,건조,맑음,단일로 - 기타,승용,여,50세,상해없음,화물,남,42세,경상
2015121700100255,2015년 12월 17일 11시,목요일,인천광역시 연수구 옥련동,중상사고,0,1,0,0,차대차 - 정면충돌,신호위반,건조,맑음,교차로 - 교차로안,승용,남,27세,상해없음,이륜,남,45세,중상
2015121700100284,2015년 12월 17일 12시,목요일,인천광역시 부평구 부평동,경상사고,0,0,1,0,차대사람 - 기타,안전운전불이행,건조,맑음,단일로 - 기타,기타불명,기타불명,기타불명,기타불명,보행자,여,49세,경상
2015121700100308,2015년 12월 17일 13시,목요일,인천광역시 부평구 부평동,경상사고,0,0,2,0,차대차 - 추돌 - 주정차중,안전운전불이행,건조,맑음,교차로 - 교차로안,승용,남,26세,상해없음,승용,여,39세,경상