사고번호,사고일시,요일,시군구,사고내용,사망자수,중상자수,경상자수,부상신고자수,사고유형,법규위반,노면상태,기상상태,도로형태,가해운전자 차종,가해운전자 성별,가해운전자 연령,가해운전자 상해정도,피해운전자 차종,피해운전자 성별,피해운전자 연령,피해운전자 상해정도
2015122600100333,2015년 12월 26일 16시,토요일,인천광역시 남구 주안동,경상사고,0,0,1,0,차대차 - 추돌 - 주정차중,안전운전불이행,건조,맑음,교차로 - 교차로안,승용,남,42세,상해없음,승용,남,40세,경상
2015122600100334,2015년 12월 26일 16시,토요일,인천광역시 계양구 작전동,경상사고,0,0,2,0,차대차 - 추돌 - 진행중,안전운전불이행,건조,맑음,단일로 - 기타,승합,남,62세,상해없음,승용,여,46세,경상
2015122600100372,2015년 12월 26일 17시,토요일,인천광역시 중구 중산동,경상사고,0,0,1,0,차대차 - 기타,안전거리미확보,건조,맑음,단일로 - 기타,승용,남,67세,상해없음,승용,여,48세,경상
2015122600100373,2015년 12월 26일 17시,토요일,인천광역시 남구 주안동,부상신고사고,0,0,0,1,차대차 - 측면직각충돌,안전운전불이행,건조,맑음,단일로 - 기타,승용,남,39세,상해없음,승용,남,53세,부상신고
2015122600100426,2015년 12월 26일 18시,토요일,인천광역시 중구 중산동,중상사고,0,1,0,0,차대차 - 측면직각충돌,중앙선침범,건조,맑음,단일로 - 기타,승용,남,25세,상해없음,원동기,남,20세,중상
2015122600100427,2015년 12월 26일 18시,토요일,인천광역시 남구 숭의동,중상사고,0,1,0,0,차대사람 - 횡단중,안전운전불이행,건조,맑음,교차로 - 교차로안,승용,남,20세,상해없음,보행자,여,74세,중상
2015122600100428,2015년 12월 26일 18시,토요일,인천광역시 남구 주안동,경상사고,0,0,2,0,차대차 - 기타,안전운전불이행,건조,맑음,교차로 - 교차로부근,기타불명,기타불명,기타불명,기타불명,승용,남,29세,경상
2015122600100429,2015년 12월 26일 18시,토요일,인천광역시 서구 대곡동,경상사고,0,0,1,0,차대차 - 측면직각충돌,안전운전불이행,건조,맑음,단일로 - 기타,화물,남,55세,상해없음,승용,여,47세,경상
2015122600100430,2015년 12월 26일 18시,토요일,인천광역시 계양구 병방동,중상사고,0,1,0,0,차대차 - 측면직각충돌,직진우회전진행방해,건조,맑음,교차로 - 교차로안,승용,남,56세,상해없음,이륜,남,42세,중상
2015122600100431,2015년 12월 26일 18시,토요일,인천광역시 부평구 구산동,경상사고,0,0,2,0,차대차 - 측면직각충돌,안전거리미확보,건조,맑음,단일로 - 기타,승용,남,25세,상해없음,승용,남,51세,경상
2015122600100432,2015년 12월 26일 18시,토요일,인천광역시 부평구 삼산동,경상사고,0,0,1,0,차대차 - 기타,안전운전불이행,건조,맑음,교차로 - 교차로안,승용,남,48세,상해없음,기타불명,여,53세,경상
2015122600100472,2015년 12월 26일 19시,토요일,인천광역시 남동구 구월동,경상사고,0,0,1,0,차대차 - 추돌 - 주정차중,안전거리미확보,건조,맑음,단일로 - 기타,승용,남,40세,상해없음,승용,남,29세,경상
2015122600100549,2015년 12월 26일 22시,토요일,인천광역시 서구 금곡동,중상사고,0,1,0,0,차대사람 - 차도통행중,안전운전불이행,건조,맑음,단일로 - 기타,원동기,남,19세,상해없음,보행자,남,24세,중상
2015122600100550,2015년 12월 26일 22시,토요일,인천광역시 서구 연희동,중상사고,0,5,4,0,차대차 - 추돌 - 진행중,안전운전불이행,건조,맑음,단일로 - 기타,승합,남,44세,상해없음,승용,여,44세,중상
2015122700100026,2015년 12월 27일 00시,일요일,인천광역시 동구 송현동,경상사고,0,0,1,0,차량단독 - 전도전복,안전운전불이행,건조,맑음,교차로 - 교차로부근,승용,남,34세,경상,,,,
2015122700100027,2015년 12월 27일 00시,일요일,인천광역시 중구 운서동,경상사고,0,0,2,0,차량단독 - 공작물충돌,안전운전불이행,건조,맑음,교차로 - 교차로안,승용,남,29세,경상,,,,
2015122700100028,2015년 12월 27일 00시,일요일,인천광역시 계양구 선주지동,경상사고,0,0,1,0,차량단독 - 공작물충돌,기타,건조,맑음,단일로 - 기타,이륜,남,31세,경상,,,,
2015122700100029,2015년 12월 27일 00시,일요일,인천광역시 계양구 효성동,경상사고,0,0,1,0,차대사람 - 차도통행중,안전운전불이행,건조,맑음,단일로 - 기타,승용,남,36세,상해없음,보행자,남,43세,경상
2015122700100044,2015년 12월 27일 01시,일요일,인천광역시 남동구 구월동,부상신고사고,0,0,0,1,차대사람 - 기타,안전운전불이행,건조,맑음,교차로 - 교차로부근,승합,남,50세,상해없음,보행자,남,36세,부상신고
2015122700100055,2015년 12월 27일 02시,일요일,인천광역시 남구 도화동,경상사고,0,0,2,0,차대차 - 측면직각충돌,안전운전불이행,건조,맑음,단일로 - 기타,승용,남,24세,상해없음,승용,남,54세,경상
2015122700100078,2015년 12월 27일 03시,일요일,인천광역시 계양구 계산동,경상사고,0,0,3,0,차대차 - 추돌 - 진행중,과속,건조,맑음,단일로 - 기타,승용,남,26세,상해없음,승용,남,58세,경상
2015122700100132,2015년 12월 27일 07시,일요일,인천광역시 계양구 작전동,경상사고,0,0,1,0,차대사람 - 횡단중,보행자보호의무위반,건조,맑음,교차로 - 교차로안,승합,남,57세,상해없음,보행자,남,67세,경상
2015122700100141,2015년 12월 27일 08시,일요일,인천광역시 부평구 부평동,경상사고,0,0,1,0,차대차 - 정면충돌,신호위반,건조,맑음,교차로 - 교차로안,승용,남,77세,상해없음,승용,남,22세,경상
2015122700100165,2015년 12월 27일 09시,일요일,인천광역시 남동구 구월동,부상신고사고,0,0,0,1,차대차 - 측면직각충돌,신호위반,건조,맑음,교차로 - 교차로안,승용,남,33세,상해없음,자전거,남,50세,부상신고
2015122700100166,2015년 12월 27일 09시,일요일,인천광역시 서구 가좌동,중상사고,0,2,0,0,차대차 - 측면직각충돌,신호위반,건조,맑음,교차로 - 교차로안,건설기계,남,41세,상해없음,승용,남,52세,중상
2015122700100183,2015년 12월 27일 10시,일요일,인천광역시 남구 도화동,경상사고,0,0,1,0,차대사람 - 보도통행중,보행자보호의무위반,건조,맑음,단일로 - 기타,승용,여,35세,상해없음,보행자,여,46세,경상
2015122700100184,2015년 12월 27일 10시,일요일,인천광역시 남동구 구월동,경상사고,0,0,8,0,차대차 - 정면충돌,안전운전불이행,건조,맑음,단일로 - 기타,승용,남,69세,상해없음,승용,남,34세,경상
2015122700100261,2015년 12월 27일 14시,일요일,인천광역시 남동구 만수동,경상사고,0,0,1,0,차대사람 - 횡단중,안전운전불이행,건조,맑음,단일로 - 기타,승용,여,33세,상해없음,보행자,남,67세,경상
2015122700100291,2015년 12월 27일 15시,일요일,인천광역시 서구 왕길동,경상사고,0,0,1,0,차대사람 - 기타,기타,건조,맑음,교차로 - 교차로부근,승용,남,54세,상해없음,보행자,여,45세,경상
2015122700100323,2015년 12월 27일 16시,일요일,인천광역시 서구 가정동,경상사고,0,0,3,0,차대차 - 측면직각충돌,안전거리미확보,건조,맑음,단일로 - 기타,승용,남,56세,상해없음,승합,남,55세,경상
2015122700100357,2015년 12월 27일 17시,일요일,인천광역시 부평구 부평동,중상사고,0,1,0,0,차대차 - 기타,신호위반,건조,맑음,교차로 - 교차로부근,승용,남,65세,상해없음,이륜,남,46세,중상
2015122700100358,2015년 12월 27일 17시,일요일,인천광역시 남동구 만수동,경상사고,0,0,1,0,차대차 - 정면충돌,중앙선침범,건조,맑음,단일로 - 기타,기타불명,기타불명,기타불명,기타불명,승용,남,66세,경상
2015122700100393,2015년 12월 27일 18시,일요일,인천광역시 중구 신흥동1가,중상사고,0,2,0,0,차대차 - 추돌 - 진행중,안전운전불이행,건조,맑음,단일로 - 기타,승용,여,53세,상해없음,화물,남,51세,중상
2015122700100394,2015년 12월 27일 18시,일요일,인천광역시 남구 주안동,경상사고,0,0,1,0,차대차 - 측면직각충돌,안전운전불이행,습기,맑음,단일로 - 기타,승용,여,28세,상해없음,이륜,남,34세,경상
2015122700100445,2015년 12월 27일 20시,일요일,인천광역시 계양구 계산동,중상사고,0,1,0,0,차대차 - 정면충돌,안전운전불이행,건조,맑음,교차로 - 교차로부근,이륜,남,17세,중상,승용,남,41세,상해없음
2015122700100462,2015년 12월 27일 21시,일요일,인천광역시 계양구 계산동,중상사고,0,1,0,0,차대차 - 정면충돌,신호위반,건조,맑음,교차로 - 교차로안,승용,남,54세,상해없음,이륜,남,18세,중상
2015122700100485,2015년 12월 27일 22시,일요일,인천광역시 중구 신흥동3가,중상사고,0,1,0,1,차대차 - 정면충돌,중앙선침범,건조,흐림,단일로 - 기타,승용,남,51세,부상신고,승용,남,29세,중상
2015122700100486,2015년 12월 27일 22시,일요일,인천광역시 부평구 삼산동,중상사고,0,1,0,0,차량단독 - 기타,기타,건조,흐림,단일로 - 기타,승용,남,60세,상해없음,,,,
2015122700100508,2015년 12월 27일 23시,일요일,인천광역시 남구 주안동,중상사고,0,1,0,0,차대차 - 추돌 - 진행중,안전운전불이행,건조,흐림,단일로 - 기타,승용,남,67세,상해없음,원동기,남,33세,중상
2015122700100509,2015년 12월 27일 23시,일요일,인천광역시 연수구 동춘동,경상사고,0,0,1,0,차대차 - 기타,안전운전불이행,건조,맑음,단일로 - 기타,승용,남,50세,상해없음,승용,남,31세,경상
2015122700100510,2015년 12월 27일 23시,일요일,인천광역시 연수구 선학동,경상사고,0,0,2,0,차대차 - 추돌 - 진행중,안전운전불이행,건조,맑음,교차로 - 교차로부근,승용,남,36세,상해없음,승용,남,45세,경상
2015122700100511,2015년 12월 27일 23시,일요일,인천광역시 부평구 부평동,중상사고,0,1,0,0,차대차 - 측면직각충돌,신호위반,건조,맑음,교차로 - 교차로안,원동기,남,27세,상해없음,원동기,남,36세,중상
2015122800100022,2015년 12월 28일 01시,월요일,인천광역시 남동구 간석동,경상사고,0,0,1,0,차대사람 - 횡단중,신호위반,건조,맑음,교차로 - 교차로안,승용,남,58세,상해없음,보행자,여,19세,경상
2015122800100035,2015년 12월 28일 03시,월요일,인천광역시 서구 가정동,중상사고,0,1,0,0,차대차 - 추돌 - 진행중,신호위반,건조,맑음,교차로 - 교차로안,승용,남,59세,상해없음,승용,남,49세,중상
2015122800100065,2015년 12월 28일 06시,월요일,인천광역시 계양구 작전동,경상사고,0,0,1,0,차대차 - 정면충돌,안전운전불이행,건조,맑음,교차로 - 교차로안,승합,남,49세,상해없음,자전거,여,48세,경상
2015122800100083,2015년 12월 28일 07시,월요일,인천광역시 계양구 장기동,경상사고,0,0,2,0,차대차 - 정면충돌,중앙선침범,습기,맑음,단일로 - 교량,승용,여,60세,상해없음,승용,남,44세,경상
2015122800100105,2015년 12월 28일 08시,월요일,인천광역시 서구 검암동,중상사고,0,1,0,0,차대차 - 측면직각충돌,안전운전불이행,건조,맑음,단일로 - 기타,승용,남,71세,상해없음,승용,남,42세,중상
2015122800100133,2015년 12월 28일 09시,월요일,인천광역시 계양구 장기동,중상사고,0,1,0,0,차대사람 - 횡단중,보행자보호의무위반,건조,맑음,교차로 - 교차로안,승용,여,35세,상해없음,보행자,여,65세,중상
2015122800100204,2015년 12월 28일 11시,월요일,인천광역시 서구 백석동,경상사고,0,0,1,0,차대차 - 추돌 - 진행중,안전운전불이행,건조,맑음,교차로 - 교차로안,화물,남,50세,상해없음,승용,여,57세,경상
2015122800100205,2015년 12월 28일 11시,월요일,인천광역시 연수구 송도동,중상사고,0,1,2,0,차대차 - 측면직각충돌,신호위반,건조,맑음,교차로 - 교차로안,승용,남,35세,상해없음,화물,남,47세,경상
2015122800100206,2015년 12월 28일 11시,월요일,인천광역시 남동구 서창동,경상사고,0,0,1,0,차대차 - 추돌 - 주정차중,안전운전불이행,건조,맑음,단일로 - 기타,승용,남,25세,상해없음,승용,남,47세,경상
2015122800100265,2015년 12월 28일 13시,월요일,인천광역시 남구 숭의동,경상사고,0,0,3,0,차대차 - 추돌 - 주정차중,안전운전불이행,건조,맑음,단일로 - 기타,승용,남,71세,상해없음,승용,남,55세,경상
2015122800100297,2015년 12월 28일 14시,월요일,인천광역시 부평구 부개동,경상사고,0,0,2,0,차대차 - 측면직각충돌,안전운전불이행,건조,맑음,교차로 - 교차로부근,승용,남,76세,상해없음,승용,여,34세,경상
2015122800100321,2015년 12월 28일 15시,월요일,인천광역시 남구 도화동,중상사고,0,1,0,0,차대사람 - 횡단중,보행자보호의무위반,건조,맑음,단일로 - 횡단보도상,승용,남,35세,상해없음,보행자,여,12세,중상
2015122800100322,2015년 12월 28일 15시,월요일,인천광역시 남동구 구월동,중상사고,0,1,0,0,차대사람 - 길가장자리구역통행중,안전운전불이행,건조,맑음,교차로 - 교차로부근,승용,여,60세,상해없음,보행자,남,59세,중상
2015122800100359,2015년 12월 28일 16시,월요일,인천광역시 부평구 부개동,중상사고,0,1,0,0,차대차 - 기타,안전운전불이행,건조,맑음,교차로 - 교차로부근,승용,여,32세,상해없음,승용,여,35세,중상
2015122800100402,2015년 12월 28일 17시,월요일,인천광역시 남구 숭의동,중상사고,0,1,0,0,차대차 - 정면충돌,중앙선침범,건조,맑음,단일로 - 기타,승용,남,55세,상해없음,이륜,남,19세,중상
2015122800100403,2015년 12월 28일 17시,월요일,인천광역시 남동구 고잔동,중상사고,0,1,0,0,차대사람 - 횡단중,안전운전불이행,건조,맑음,단일로 - 기타,승합,남,50세,상해없음,보행자,남,17세,중상
2015122800100404,2015년 12월 28일 17시,월요일,인천광역시 서구 원창동,경상사고,0,0,1,0,차대차 - 측면직각충돌,안전운전불이행,건조,맑음,교차로 - 교차로부근,건설기계,남,51세,상해없음,승용,남,59세,경상
2015122800100451,2015년 12월 28일 18시,월요일,인천광역시 남구 관교동,경상사고,0,0,1,0,차대차 - 추돌 - 주정차중,안전운전불이행,건조,맑음,교차로 - 교차로부근,승용,여,41세,상해없음,화물,남,58세,경상
2015122800100452,2015년 12월 28일 18시,월요일,인천광역시 부평구 청천동,경상사고,0,0,1,0,차대사람 - 횡단중,안전운전불이행,건조,맑음,단일로 - 기타,화물,남,52세,상해없음,보행자,여,51세,경상
2015122800100453,2015년 12월 28일 18시,월요일,인천광역시 연수구 연수동,경상사고,0,0,1,0,차대사람 - 횡단중,보행자보호의무위반,건조,맑음,단일로 - 횡단보도상,승용,남,52세,상해없음,보행자,여,18세,경상
2015122800100517,2015년 12월 28일 20시,월요일,인천광역시 남동구 간석동,중상사고,0,1,0,0,차대사람 - 횡단중,안전운전불이행,건조,맑음,단일로 - 기타,승용,남,52세,상해없음,보행자,여,74세,중상
2015122800100548,2015년 12월 28일 21시,월요일,인천광역시 남구 용현동,경상사고,0,0,1,0,차대차 - 측면직각충돌,안전운전불이행,건조,맑음,단일로 - 기타,승용,남,55세,상해없음,승용,여,29세,경상
2015122800100549,2015년 12월 28일 21시,월요일,인천광역시 서구 경서동,경상사고,0,0,1,0,차대차 - 측면직각충돌,안전운전불이행,건조,맑음,단일로 - 기타,기타불명,기타불명,기타불명,기타불명,자전거,남,18세,경상
2015122800100550,2015년 12월 28일 21시,월요일,인천광역시 서구 석남동,중상사고,0,1,0,0,차대사람 - 횡단중,보행자보호의무위반,건조,맑음,교차로 - 교차로안,승합,남,52세,상해없음,보행자,남,48세,중상
2015122800100602,2015년 12월 28일 23시,월요일,인천광역시 서구 심곡동,중상사고,0,1,0,0,차대차 - 추돌 - 주정차중,안전운전불이행,건조,맑음,단일로 - 기타,승용,남,32세,상해없음,승용,여,37세,중상
2015122900100029,2015년 12월 29일 02시,화요일,인천광역시 남구 주안동,경상사고,0,0,1,0,차대차 - 추돌 - 주정차중,안전운전불이행,건조,맑음,단일로 - 기타,승용,남,28세,상해없음,승용,여,34세,경상
2015122900100252,2015년 12월 29일 13시,화요일,인천광역시 계양구 효성동,중상사고,0,1,0,0,차대차 - 측면직각충돌,안전운전불이행,건조,맑음,교차로 - 교차로안,승용,남,51세,상해없음,이륜,남,48세,중상
2015122900100358,2015년 12월 29일 16시,화요일,인천광역시 부평구 산곡동,경상사고,0,0,1,0,차대차 - 기타,안전운전불이행,건조,맑음,교차로 - 교차로안,승용,여,55세,상해없음,승용,여,34세,경상
2015122900100442,2015년 12월 29일 18시,화요일,인천광역시 서구 석남동,경상사고,0,0,1,0,차대차 - 추돌 - 진행중,안전운전불이행,건조,맑음,교차로 - 교차로안,승용,남,51세,상해없음,이륜,여,42세,경상
2015122900100487,2015년 12월 29일 19시,화요일,인천광역시 남구 숭의동,경상사고,0,0,1,0,차대차 - 측면직각충돌,신호위반,건조,맑음,교차로 - 교차로부근,이륜,남,57세,경상,승용,남,37세,상해없음
2015122900100488,2015년 12월 29일 19시,화요일,인천광역시 남동구 구월동,경상사고,0,0,1,0,차대차 - 추돌 - 진행중,안전거리미확보,건조,맑음,교차로 - 교차로부근,화물,남,41세,상해없음,승용,남,56세,경상
2015122900100519,2015년 12월 29일 20시,화요일,인천광역시 남동구 구월동,경상사고,0,0,3,0,차대차 - 측면직각충돌,안전운전불이행,건조,맑음,교차로 - 교차로부근,승용,남,20세,상해없음,승용,남,38세,경상
2015122900100520,2015년 12월 29일 20시,화요일,인천광역시 남동구 구월동,경상사고,0,0,3,0,차대차 - 측면직각충돌,신호위반,건조,맑음,교차로 - 교차로부근,승용,여,34세,경상,승용,남,24세,경상
2015122900100546,2015년 12월 29일 21시,화요일,인천광역시 부평구 청천동,경상사고,0,0,1,0,차대차 - 정면충돌,신호위반,건조,맑음,교차로 - 교차로부근,승용,남,61세,상해없음,승용,남,63세,경상
2015122900100547,2015년 12월 29일 21시,화요일,인천광역시 남동구 논현동,경상사고,0,0,1,0,차대차 - 정면충돌,신호위반,건조,맑음,교차로 - 교차로안,승용,남,45세,상해없음,승합,남,58세,상해없음
2015122900100603,2015년 12월 29일 23시,화요일,인천광역시 부평구 산곡동,경상사고,0,0,1,0,차대차 - 정면충돌,안전운전불이행,건조,맑음,단일로 - 기타,승용,남,34세,상해없음,이륜,남,33세,경상
2015123000100022,2015년 12월 30일 00시,수요일,인천광역시 남구 학익동,중상사고,0,1,1,0,차대차 - 측면직각충돌,신호위반,건조,맑음,교차로 - 교차로안,승용,남,59세,상해없음,승용,남,45세,경상
2015123000100023,2015년 12월 30일 00시,수요일,인천광역시 서구 공촌동,중상사고,0,1,1,0,차대차 - 추돌 - 주정차중,안전운전불이행,건조,맑음,교차로 - 교차로부근,승용,남,59세,상해없음,승용,남,65세,중상
2015123000100045,2015년 12월 30일 02시,수요일,인천광역시 연수구 연수동,경상사고,0,0,1,0,차대사람 - 길가장자리구역통행중,안전운전불이행,건조,흐림,단일로 - 기타,화물,남,34세,상해없음,보행자,남,47세,경상
2015123000100114,2015년 12월 30일 07시,수요일,인천광역시 연수구 선학동,중상사고,0,1,1,0,차대차 - 기타,안전운전불이행,건조,맑음,교차로 - 교차로안,승용,남,53세,상해없음,승용,여,29세,경상
2015123000100186,2015년 12월 30일 09시,수요일,인천광역시 남구 주안동,중상사고,0,1,0,0,차대사람 - 횡단중,안전운전불이행,건조,맑음,단일로 - 기타,승용,남,54세,상해없음,보행자,여,83세,중상
2015123000100215,2015년 12월 30일 10시,수요일,인천광역시 서구 당하동,경상사고,0,0,1,0,차대차 - 기타,안전거리미확보,건조,맑음,단일로 - 기타,화물,남,53세,상해없음,승용,남,44세,경상
2015123000100238,2015년 12월 30일 11시,수요일,인천광역시 남구 주안동,경상사고,0,0,1,0,차대차 - 추돌 - 주정차중,안전운전불이행,건조,맑음,단일로 - 기타,화물,남,39세,상해없음,승용,여,56세,경상
2015123000100317,2015년 12월 30일 14시,수요일,인천광역시 남동구 구월동,경상사고,0,0,1,0,차대차 - 정면충돌,안전운전불이행,건조,맑음,단일로 - 기타,승용,여,52세,상해없음,승용,남,57세,경상
2015123000100318,2015년 12월 30일 14시,수요일,인천광역시 연수구 송도동,경상사고,0,0,2,0,차대차 - 기타,중앙선침범,건조,맑음,단일로 - 기타,승용,여,46세,상해없음,승용,남,35세,경상
2015123000100350,2015년 12월 30일 15시,수요일,인천광역시 남구 도화동,경상사고,0,0,2,0,차대차 - 추돌 - 주정차중,신호위반,건조,맑음,교차로 - 교차로안,승용,남,53세,상해없음,승용,남,59세,경상
2015123000100351,2015년 12월 30일 15시,수요일,인천광역시 남동구 만수동,경상사고,0,0,1,0,차대차 - 측면직각충돌,안전운전불이행,건조,맑음,교차로 - 교차로부근,승용,남,38세,상해없음,승용,남,39세,경상
2015123000100352,2015년 12월 30일 15시,수요일,인천광역시 계양구 계산동,경상사고,0,0,1,0,차대차 - 측면직각충돌,안전운전불이행,건조,맑음,교차로 - 교차로안,승용,여,25세,상해없음,이륜,남,24세,경상
2015123000100390,2015년 12월 30일 16시,수요일,인천광역시 연수구 연수동,경상사고,0,0,1,0,차대차 - 기타,안전운전불이행,건조,맑음,단일로 - 기타,승용,여,54세,상해없음,승용,남,44세,경상
2015123000100445,2015년 12월 30일 17시,수요일,인천광역시 남동구 서창동,중상사고,0,1,1,0,차대차 - 측면직각충돌,교차로운행방법위반,습기,비,교차로 - 교차로안,승용,남,19세,상해없음,승용,남,46세,경상
2015123000100521,2015년 12월 30일 18시,수요일,인천광역시 남구 도화동,중상사고,0,1,0,0,차대사람 - 횡단중,안전운전불이행,습기,비,교차로 - 교차로부근,승용,남,59세,상해없음,보행자,여,65세,중상
2015123000100595,2015년 12월 30일 20시,수요일,인천광역시 남동구 만수동,경상사고,0,0,1,0,차대차 - 추돌 - 진행중,안전거리미확보,습기,비,단일로 - 기타,화물,남,63세,상해없음,승용,남,26세,경상
2015123000100637,2015년 12월 30일 21시,수요일,인천광역시 강화군 강화읍,경상사고,0,0,2,0,차대차 - 정면충돌,신호위반,건조,맑음,교차로 - 교차로안,승합,남,48세,상해없음,승용,여,43세,경상
2015123000100683,2015년 12월 30일 22시,수요일,인천광역시 남구 용현동,경상사고,0,0,1,0,차대사람 - 횡단중,보행자보호의무위반,건조,맑음,단일로 - 기타,승용,남,62세,상해없음,보행자,여,32세,경상
2015123000100684,2015년 12월 30일 22시,수요일,인천광역시 서구 가좌동,경상사고,0,0,3,0,차대차 - 추돌 - 진행중,안전운전불이행,건조,맑음,단일로 - 기타,승용,남,51세,상해없음,승용,여,22세,경상
2015123000100685,2015년 12월 30일 22시,수요일,인천광역시 서구 석남동,중상사고,0,1,2,0,차대차 - 추돌 - 진행중,안전운전불이행,건조,맑음,단일로 - 기타,승용,남,53세,상해없음,승용,남,53세,중상
2015123000100716,2015년 12월 30일 23시,수요일,인천광역시 남구 숭의동,경상사고,0,0,1,0,차대차 - 기타,안전운전불이행,건조,맑음,교차로 - 교차로부근,승용,남,38세,상해없음,승용,남,55세,상해없음
2015123100100053,2015년 12월 31일 01시,목요일,인천광역시 남동구 구월동,경상사고,0,0,4,0,차대차 - 측면직각충돌,신호위반,건조,맑음,교차로 - 교차로안,승용,남,61세,상해없음,승용,남,35세,경상
2015123100100077,2015년 12월 31일 02시,목요일,인천광역시 중구 운서동,중상사고,0,1,2,0,차대차 - 정면충돌,신호위반,건조,맑음,교차로 - 교차로안,승용,남,61세,경상,승용,남,30세,경상
2015123100100078,2015년 12월 31일 02시,목요일,인천광역시 남구 주안동,경상사고,0,0,2,0,차대차 - 추돌 - 주정차중,안전운전불이행,건조,맑음,단일로 - 기타,승용,남,31세,상해없음,승용,여,50세,경상
2015123100100088,2015년 12월 31일 03시,목요일,인천광역시 서구 가좌동,부상신고사고,0,0,0,1,차량단독 - 공작물충돌,안전운전불이행,습기,흐림,미분류 - 미분류,화물,남,34세,부상신고,,,,
2015123100100098,2015년 12월 31일 04시,목요일,인천광역시 부평구 삼산동,경상사고,0,0,1,0,차량단독 - 전도전복,안전운전불이행,건조,맑음,미분류 - 미분류,승용,남,26세,경상,,,,
2015123100100114,2015년 12월 31일 05시,목요일,인천광역시 서구 경서동,부상신고사고,0,0,0,1,차량단독 - 공작물충돌,안전운전불이행,습기,흐림,단일로 - 기타,승용,남,30세,부상신고,,,,
2015123100100190,2015년 12월 31일 08시,목요일,인천광역시 중구 운남동,부상신고사고,0,0,0,1,차대차 - 측면직각충돌,안전운전불이행,결빙,맑음,단일로 - 기타,승용,남,58세,상해없음,화물,남,57세,부상신고
2015123100100191,2015년 12월 31일 08시,목요일,인천광역시 서구 원창동,중상사고,0,1,1,0,차대차 - 정면충돌,안전운전불이행,건조,맑음,단일로 - 기타,승용,남,46세,상해없음,승용,남,42세,중상
2015123100100233,2015년 12월 31일 10시,목요일,인천광역시 남동구 만수동,중상사고,0,1,0,0,차대사람 - 횡단중,보행자보호의무위반,건조,맑음,교차로 - 교차로부근,승용,남,49세,상해없음,보행자,여,45세,중상
2015123100100319,2015년 12월 31일 13시,목요일,인천광역시 남동구 간석동,경상사고,0,0,2,0,차대차 - 정면충돌,안전운전불이행,건조,맑음,교차로 - 교차로부근,승용,여,58세,상해없음,승용,여,25세,경상
2015123100100358,2015년 12월 31일 14시,목요일,인천광역시 남구 도화동,경상사고,0,0,1,0,차대사람 - 길가장자리구역통행중,안전운전불이행,건조,맑음,단일로 - 기타,승용,남,52세,상해없음,보행자,남,20세,경상
2015123100100359,2015년 12월 31일 14시,목요일,인천광역시 계양구 계산동,중상사고,0,1,0,0,차대차 - 추돌 - 주정차중,안전운전불이행,건조,맑음,단일로 - 기타,승합,남,52세,상해없음,승용,남,64세,중상
2015123100100384,2015년 12월 31일 15시,목요일,인천광역시 계양구 계산동,경상사고,0,0,1,0,차대사람 - 기타,안전운전불이행,건조,맑음,단일로 - 기타,승용,남,33세,상해없음,보행자,여,74세,경상
2015123100100458,2015년 12월 31일 17시,목요일,인천광역시 남구 도화동,중상사고,0,1,0,0,차대사람 - 횡단중,안전운전불이행,건조,맑음,단일로 - 기타,승용,여,48세,상해없음,보행자,여,47세,중상
2015123100100518,2015년 12월 31일 18시,목요일,인천광역시 남동구 간석동,경상사고,0,0,2,0,차대차 - 추돌 - 진행중,차로위반,건조,맑음,교차로 - 교차로부근,승합,남,48세,상해없음,승용,남,40세,경상
2015123100100519,2015년 12월 31일 18시,목요일,인천광역시 계양구 계산동,경상사고,0,0,2,0,차대차 - 추돌 - 진행중,안전운전불이행,건조,맑음,교차로 - 교차로안,승용,여,56세,상해없음,승용,여,50세,경상
2015123100100571,2015년 12월 31일 19시,목요일,인천광역시 연수구 옥련동,경상사고,0,0,1,0,차대차 - 기타,안전운전불이행,건조,맑음,단일로 - 기타,승용,남,49세,상해없음,승용,남,32세,경상
2015123100100572,2015년 12월 31일 19시,목요일,인천광역시 부평구 부평동,경상사고,0,0,1,0,차대사람 - 기타,기타,건조,흐림,단일로 - 기타,승합,남,50세,상해없음,보행자,여,26세,경상
2015123100100610,2015년 12월 31일 20시,목요일,인천광역시 계양구 작전동,경상사고,0,0,1,0,차대차 - 기타,안전운전불이행,건조,맑음,단일로 - 기타,승용,여,51세,기타불명,승합,남,37세,상해없음
2015123100100646,2015년 12월 31일 21시,목요일,인천광역시 서구 연희동,경상사고,0,0,6,0,차대차 - 추돌 - 진행중,안전운전불이행,건조,맑음,단일로 - 기타,승용,남,45세,상해없음,승용,남,31세,경상
2015123100100647,2015년 12월 31일 21시,목요일,인천광역시 계양구 계산동,경상사고,0,0,1,0,차대차 - 측면직각충돌,신호위반,건조,맑음,교차로 - 교차로안,승용,남,60세,상해없음,자전거,남,28세,경상
2015123100100683,2015년 12월 31일 22시,목요일,인천광역시 계양구 계산동,중상사고,0,1,0,0,차대차 - 측면직각충돌,안전거리미확보,건조,맑음,단일로 - 기타,이륜,남,23세,중상,승용,남,22세,상해없음